Customer ID,last_purchase,frequency,total_spend,recency_days,churn_risk,churned,churn_probability
12346.0,2011-01-18 10:01:00,12,207.4,325,High,1,0.19496714912266
12347.0,2011-12-07 15:52:00,8,644.16,1,Low,0,0.3330194284682122
12348.0,2011-09-25 13:13:00,5,193.1,74,Medium,0,0.4952619064402455
12349.0,2011-11-21 09:51:00,4,1480.44,18,Low,0,0.4901749509686795
12350.0,2011-02-02 16:01:00,1,65.3,309,High,1,0.6901807638807502
12351.0,2010-11-29 15:23:00,1,49.46,374,High,1,0.6907589727238808
12352.0,2011-11-03 14:37:00,10,1408.71,35,Low,0,0.22720024229621483
12353.0,2011-05-19 17:47:00,2,63.08,203,High,1,0.646072883290192
12354.0,2011-04-21 13:11:00,1,261.22,231,High,1,0.6829802437711311
12355.0,2011-05-09 13:49:00,2,107.43,213,High,1,0.6443388809206659
12356.0,2011-11-17 08:40:00,6,450.25,22,Low,0,0.4347748229781126
12357.0,2011-11-06 16:07:00,3,1834.31,32,Low,0,0.5249235630580114
12358.0,2011-12-08 10:26:00,5,413.34,1,Low,0,0.4858614141945356
12359.0,2011-10-13 12:47:00,10,2691.55,57,Medium,0,0.19103572251606918
12360.0,2011-10-18 15:22:00,8,696.13,51,Medium,0,0.33105076545252826
12361.0,2011-02-25 13:51:00,4,112.25,286,High,1,0.5484421796114577
12362.0,2011-12-06 15:40:00,11,1178.29,2,Low,0,0.20031041538252845
12363.0,2011-08-22 10:18:00,2,53.17,109,High,1,0.6464598231970995
12364.0,2011-12-02 10:22:00,4,162.37,7,Low,0,0.5463213062306697
12365.0,2011-02-21 14:04:00,2,377.31,290,High,1,0.6337066316110839
12366.0,2010-03-16 10:28:00,1,5.07,633,High,1,0.6923761626841607
12367.0,2011-12-05 16:48:00,1,35.2,3,Low,0,0.6912789965080346
12368.0,2010-03-21 15:56:00,1,79.05,627,High,1,0.689678363770832
12369.0,2010-10-22 13:13:00,3,292.85,412,High,1,0.589779700930967
12370.0,2011-10-19 14:51:00,7,692.01,50,Medium,0,0.3767865159223627
12371.0,2011-10-26 10:16:00,5,665.9300000000001,44,Low,0,0.4750928299264725
12372.0,2011-09-29 12:12:00,3,156.07,71,Medium,0,0.5954197372745894
12373.0,2011-02-01 13:10:00,3,236.0,310,High,1,0.5921268332923814
12374.0,2011-11-14 15:37:00,4,288.72,24,Low,0,0.5409673942043443
12375.0,2011-11-29 10:36:00,2,117.52000000000001,10,Low,0,0.6439438493420997
12376.0,2010-11-15 12:15:00,2,104.4,389,High,1,0.6444574695070422
12377.0,2011-01-28 15:45:00,4,416.52,314,High,1,0.5355424067454633
12378.0,2011-08-02 10:34:00,2,1017.41,129,High,1,0.6079787675273313
12379.0,2011-09-19 10:09:00,4,235.55,81,Medium,0,0.5432216268843213
12380.0,2011-11-18 11:27:00,11,2740.82,21,Low,0,0.1609425239990799
12381.0,2011-12-05 12:44:00,5,407.44,4,Low,0,0.48611314290726904
12383.0,2011-06-08 08:02:00,5,305.61,184,High,1,0.49045881103443134
12384.0,2011-11-11 08:39:00,2,212.74,28,Low,0,0.6402063171884268
12385.0,2010-11-25 15:14:00,1,239.25,378,High,1,0.6837921538031607
12386.0,2011-01-06 12:37:00,2,45.72,337,High,1,0.6467505851542836
12387.0,2010-10-20 16:27:00,1,24.86,414,High,1,0.6916557655972579
12388.0,2011-11-24 12:30:00,8,412.41,15,Low,0,0.34186869747994003
12389.0,2010-11-02 11:52:00,3,130.06,402,High,1,0.5964894458656024
12390.0,2011-09-21 09:33:00,1,127.9,79,Medium,0,0.687889857221496
12391.0,2011-11-18 12:07:00,6,1054.25,21,Low,0,0.40961486052069584
12392.0,2010-04-27 14:04:00,1,35.25,590,High,1,0.6912771739883132
12393.0,2011-09-28 15:41:00,6,265.35,71,Medium,0,0.4425509637621187
12394.0,2011-10-07 08:08:00,2,91.00999999999999,63,Medium,0,0.6449813168405031
12395.0,2011-11-20 15:21:00,15,909.79,18,Low,0,0.10559140529508167
12396.0,2010-02-03 13:22:00,1,149.46,673,High,1,0.6870987094238314
12397.0,2011-11-04 09:52:00,2,437.0,35,Low,0,0.6313369526833865
12398.0,2011-10-25 10:27:00,1,169.38,45,Low,0,0.6863667720386069
12399.0,2011-08-12 13:15:00,7,224.56,118,High,1,0.39571038238609274
12400.0,2010-10-21 13:45:00,1,32.05,413,High,1,0.6913938032453353
12401.0,2011-02-09 13:50:00,1,48.4,302,High,1,0.6907976447112838
12402.0,2011-01-20 13:49:00,6,231.35,322,High,1,0.4439840523925848
12403.0,2011-10-21 10:51:00,2,63.93000000000001,49,Medium,0,0.6460396857832598
12404.0,2010-01-26 16:25:00,1,63.24,681,High,1,0.6902559939341435
12405.0,2011-07-14 08:52:00,1,191.39000000000001,148,High,1,0.6855569600410921
12406.0,2011-11-17 19:22:00,5,419.96,21,Low,0,0.48557897459119614
12407.0,2011-10-21 10:11:00,5,251.59,49,Medium,0,0.492764780503773
12408.0,2011-11-07 12:27:00,8,490.83,32,Low,0,0.3388615455996007
12409.0,2011-09-22 10:38:00,7,854.36,78,Medium,0,0.37029781939282647
12410.0,2011-02-04 10:39:00,3,240.59,308,High,1,0.5919374830384851
12411.0,2010-10-26 09:25:00,1,74.7,409,High,1,0.6898373533574909
12412.0,2011-09-26 10:16:00,6,326.11,74,Medium,0,0.4399923456494704
12413.0,2011-10-04 09:00:00,4,301.04,66,Medium,0,0.5404448240572934
12414.0,2011-05-06 14:51:00,6,457.8,216,High,1,0.43445795508655066
12415.0,2011-11-15 14:22:00,28,2749.1,23,Low,0,0.006403244932398933
12416.0,2010-02-21 10:19:00,1,16.88,656,High,1,0.6919463666678771
12417.0,2011-12-06 14:52:00,20,2015.56,2,Low,0,0.0347884928202549
12418.0,2011-08-19 11:08:00,4,341.23,112,High,1,0.5387394961589145
12419.0,2010-11-19 10:04:00,2,126.09,385,High,1,0.6436081730003118
12420.0,2011-10-07 08:55:00,1,136.51,63,Medium,0,0.6875740428715869
12421.0,2011-11-24 09:07:00,6,310.12,15,Low,0,0.4406653849768177
12422.0,2011-09-05 09:48:00,17,1750.57,95,High,1,0.06420990139839708
12423.0,2011-12-09 10:10:00,10,490.09,0,Low,0,0.2559187841408217
12424.0,2011-06-30 12:06:00,4,201.4,162,High,1,0.5446685470654037
12425.0,2011-09-22 17:31:00,2,218.79,77,Medium,0,0.6399682641475625
12426.0,2011-05-29 12:26:00,2,273.91,194,High,1,0.6377962639721209
12427.0,2011-11-18 08:56:00,3,191.51,21,Low,0,0.5939607442942301
12428.0,2011-11-14 08:22:00,9,1360.46,25,Low,0,0.2657243815798148
12429.0,2011-11-30 17:22:00,8,576.9,8,Low,0,0.3355759573345196
12430.0,2011-10-27 15:09:00,1,68.48,42,Low,0,0.6900646122838087
12431.0,2011-11-04 11:55:00,27,1547.27,35,Low,0,0.009567835252832429
12432.0,2011-10-28 11:43:00,5,1139.49,42,Low,0,0.4549737672454747
12433.0,2011-12-09 10:02:00,10,1497.21,0,Low,0,0.22455719069245023
12434.0,2011-09-16 12:38:00,3,251.75,84,Medium,0,0.59147698826456
12435.0,2011-09-21 09:06:00,6,417.66,79,Medium,0,0.4361432095783912
12436.0,2011-09-01 12:09:00,1,84.28,99,High,1,0.6894871514412253
12437.0,2011-12-08 11:35:00,39,1898.3799999999999,1,Low,0,0.0008294054146265809
12438.0,2011-11-25 13:28:00,2,381.7,13,Low,0,0.6335325682627944
12439.0,2010-01-26 12:11:00,2,265.71,682,High,1,0.6381197435410431
12440.0,2010-09-03 13:11:00,2,174.34,461,High,1,0.6417156533069324
12441.0,2010-12-08 10:45:00,1,81.42,366,High,1,0.6895917229957992
12442.0,2011-12-06 14:22:00,1,40.08,2,Low,0,0.691101090520599
12443.0,2009-12-07 15:42:00,1,123.28,731,High,1,0.6880592466648728
12444.0,2011-11-18 13:23:00,5,1119.1299999999999,20,Low,0,0.4558362116086646
12445.0,2011-11-17 18:43:00,2,87.29,21,Low,0,0.6451267901264186
12446.0,2011-10-13 12:50:00,1,248.1,57,Medium,0,0.6834652329705285
12447.0,2011-04-10 13:25:00,1,92.93,242,High,1,0.6891707595371096
12448.0,2011-10-26 13:46:00,1,130.94,43,Low,0,0.6877783700963951
12449.0,2011-11-17 13:46:00,6,732.62,21,Low,0,0.42296241309768406
12450.0,2011-07-06 14:41:00,5,82.43,155,High,1,0.4999873096005752
12451.0,2011-11-29 08:40:00,8,1224.2,10,Low,0,0.3113898609988869
12452.0,2011-11-23 10:28:00,2,98.67,16,Low,0,0.6446816826142541
12453.0,2011-07-28 14:08:00,1,102.91,133,High,1,0.6888055003132014
12454.0,2011-10-14 17:13:00,5,398.79,55,Medium,0,0.4864822155003997
12455.0,2011-09-27 15:31:00,10,888.71,72,Medium,0,0.24317081919984362
12456.0,2011-10-26 14:41:00,3,453.07,43,Low,0,0.5831430829950525
12457.0,2011-10-04 13:13:00,8,472.02,65,Medium,0,0.339581674100266
12458.0,2011-09-29 15:25:00,4,333.05,70,Medium,0,0.5390866618479696
12459.0,2010-04-13 14:53:00,1,95.42,604,High,1,0.6890796497618384
12460.0,2010-09-09 13:51:00,1,78.86,455,High,1,0.6896853090797886
12461.0,2011-09-06 16:57:00,2,149.06,93,High,1,0.642707770978493
12462.0,2011-11-21 09:11:00,2,290.75,18,Low,0,0.6371315560911986
12463.0,2011-10-17 13:44:00,4,252.61,52,Medium,0,0.5424985275081262
12464.0,2011-11-29 13:33:00,8,343.15,9,Low,0,0.3445352149699429
12465.0,2011-11-22 16:34:00,2,129.72,16,Low,0,0.6434659478009802
12466.0,2010-01-26 16:26:00,1,56.73,681,High,1,0.690493669295254
12467.0,2010-10-12 15:41:00,1,14.56,422,High,1,0.6920308236776478
12468.0,2011-06-05 11:36:00,5,416.31,187,High,1,0.4857346992267166
12469.0,2010-07-05 12:40:00,2,227.97,522,High,1,0.6396069215860799
12470.0,2010-01-19 11:01:00,1,90.35,689,High,1,0.6892651469737077
12471.0,2011-12-07 15:43:00,79,4327.89,1,Low,0,1.874372344027431e-07
12472.0,2011-11-07 14:01:00,19,2181.99,31,Low,0,0.041013958129685606
12473.0,2011-11-10 13:46:00,5,1398.42,28,Low,0,0.4440308391405908
12474.0,2011-11-22 14:39:00,31,2094.65,16,Low,0,0.003945150761757068
12475.0,2011-10-17 10:10:00,2,188.72,53,Medium,0,0.6411507653610249
12476.0,2011-11-24 12:40:00,23,2296.11,15,Low,0,0.01853209862787888
12477.0,2011-11-17 09:51:00,9,2359.18,22,Low,0,0.23379521165107026
12478.0,2011-12-06 09:56:00,1,163.36,3,Low,0,0.6865880680277003
12479.0,2011-11-28 13:26:00,1,82.72999999999999,10,Low,0,0.6895438272396325
12480.0,2011-11-11 14:52:00,7,784.84,27,Low,0,0.3730707713544375
12481.0,2011-11-17 08:29:00,15,1547.25,22,Low,0,0.09574158598694472
12482.0,2010-05-12 16:51:00,29,2025.76,575,High,1,0.00593754585246077
12483.0,2011-11-22 17:02:00,19,858.8100000000001,16,Low,0,0.050884700602508486
12484.0,2011-11-07 11:37:00,12,1457.54,32,Low,0,0.16361498628207294
12485.0,2010-06-28 15:22:00,1,81.96,528,High,1,0.6895719801992172
12486.0,2010-10-04 12:14:00,1,201.07999999999998,431,High,1,0.6852000780891269
12487.0,2009-12-09 11:36:00,1,4.0,730,High,1,0.6924150862468545
12488.0,2011-11-30 08:50:00,3,205.41,9,Low,0,0.5933880547749791
12489.0,2011-01-07 13:13:00,1,88.62,335,High,1,0.689328428957266
12490.0,2011-12-04 16:07:00,21,1321.24,4,Low,0,0.03217085283169414
12491.0,2011-11-01 12:18:00,1,87.8,38,Low,0,0.6893584214127725
12492.0,2011-10-07 15:15:00,3,136.95,62,Medium,0,0.5962061709400092
12493.0,2011-06-27 10:17:00,2,94.8,165,High,1,0.6448330785894751
12494.0,2011-11-24 09:34:00,9,447.68,15,Low,0,0.29722985033275395
12495.0,2010-03-09 10:53:00,1,97.0,640,High,1,0.6890218295336643
12496.0,2010-03-29 14:06:00,2,28.02,619,High,1,0.6474409530249908
12497.0,2011-09-19 12:29:00,3,106.93,81,Medium,0,0.5974399394693208
12498.0,2011-11-18 12:53:00,3,96.55,20,Low,0,0.5978662530256738
12499.0,2010-05-28 15:12:00,1,62.9,559,High,1,0.6902684095766779
12500.0,2011-11-16 16:20:00,19,689.66,22,Low,0,0.05229821906920244
12501.0,2011-01-07 12:28:00,1,359.49,336,High,1,0.6793350297112476
12502.0,2011-09-05 11:52:00,5,944.51,95,High,1,0.46324342084075376
12503.0,2010-05-04 13:59:00,1,231.6,583,High,1,0.6840746000655281
12504.0,2011-11-21 16:02:00,4,125.7,17,Low,0,0.5478732001032548
12505.0,2010-10-27 09:18:00,1,186.35,408,High,1,0.6857424962418291
12506.0,2011-04-21 08:54:00,1,73.5,232,High,1,0.6898812046634323
12507.0,2011-07-28 17:09:00,4,201.22,133,High,1,0.5446761716087964
12508.0,2011-11-13 15:37:00,2,118.71000000000001,25,Low,0,0.6438972469573004
12509.0,2011-02-28 14:45:00,1,38.95,283,High,1,0.6911422910087461
12510.0,2011-07-20 10:15:00,9,1930.34,142,High,1,0.2471707528986888
12511.0,2010-10-07 10:39:00,1,651.83,428,High,1,0.6683621384017465
12512.0,2011-10-04 14:55:00,2,87.7,65,Medium,0,0.6451107580953432
12513.0,2011-08-19 10:51:00,1,76.32,112,High,1,0.6897781486814679
12514.0,2011-03-17 16:38:00,2,227.44,266,High,1,0.6396277877185914
12515.0,2010-12-21 15:43:00,1,108.5,352,High,1,0.6886008084533534
12516.0,2011-09-23 09:13:00,4,165.2,77,Medium,0,0.5462015013097845
12517.0,2011-11-11 14:04:00,5,668.1800000000001,27,Low,0,0.4749969955501344
12518.0,2011-12-09 10:13:00,5,351.81,0,Low,0,0.48848697478054426
12519.0,2011-10-07 09:26:00,2,125.87,63,Medium,0,0.6436167918956602
12520.0,2011-09-21 15:23:00,5,499.84000000000003,78,Medium,0,0.4821717053721995
12521.0,2011-07-20 10:51:00,1,113.84,142,High,1,0.6884052021113997
12522.0,2011-10-31 15:30:00,2,60.010000000000005,38,Low,0,0.6461927731460718
12523.0,2011-11-20 12:55:00,23,1102.69,18,Low,0,0.022627283776434866
12524.0,2011-11-30 15:31:00,17,754.78,8,Low,0,0.07521885746019984
12525.0,2010-07-29 16:08:00,3,180.35999999999999,497,High,1,0.5944199473620606
12526.0,2011-12-09 12:09:00,3,238.12,0,Low,0,0.5920393807973059
12527.0,2011-09-19 11:55:00,5,82.93,81,Medium,0,0.4999659598898095
12528.0,2011-11-30 14:40:00,6,504.89,8,Low,0,0.43248284134834886
12529.0,2010-06-29 13:10:00,1,63.86,527,High,1,0.690233352938542
12530.0,2011-10-11 12:34:00,9,518.04,59,Medium,0,0.29472575217843794
12531.0,2011-11-25 11:12:00,2,325.61,14,Low,0,0.6357538989777285
12532.0,2011-11-09 13:47:00,1,59.17,29,Low,0,0.6904045984608872
12533.0,2010-03-22 10:56:00,2,237.82,627,High,1,0.6392190305688136
12534.0,2011-08-01 10:26:00,1,191.23,130,High,1,0.685562850990525
12535.0,2011-09-09 08:48:00,2,151.35,91,High,1,0.6426179497845104
12536.0,2011-10-27 14:20:00,3,9070.93,42,Low,0,0.2430148640433402
12537.0,2010-10-27 08:36:00,1,125.68,408,High,1,0.6879712584205712
12538.0,2011-11-10 17:16:00,2,130.18,28,Low,0,0.6434479229661106
12539.0,2011-11-17 13:30:00,7,1903.67,21,Low,0,0.3295636859214693
12540.0,2011-11-20 11:31:00,33,2997.79,19,Low,0,0.002272467141170073
12541.0,2011-11-10 10:40:00,3,188.02,29,Low,0,0.5941044946208824
12542.0,2010-08-12 19:12:00,2,96.14,483,High,1,0.6447806605232685
12543.0,2010-09-17 15:51:00,1,112.37,447,High,1,0.6884590555098823
12544.0,2011-11-03 16:15:00,1,78.02000000000001,35,Low,0,0.6897160136315686
12545.0,2011-09-25 13:39:00,2,201.19,74,Medium,0,0.6406605904893684
12546.0,2011-10-24 12:09:00,2,220.75,46,Medium,0,0.6398911280571182
12547.0,2011-05-26 12:38:00,3,103.67,197,High,1,0.5975738457501217
12548.0,2011-06-26 15:35:00,1,33.6,165,High,1,0.6913373139951173
12549.0,2010-05-13 12:05:00,6,80.78999999999999,575,High,1,0.45034099485693685
12550.0,2011-09-21 14:35:00,1,176.15,78,Medium,0,0.686117804617153
12551.0,2010-12-17 11:23:00,1,16.8,357,High,1,0.6919492791924653
12552.0,2011-11-01 10:02:00,2,182.31,38,Low,0,0.6414026171565081
12553.0,2011-12-01 16:38:00,12,829.59,7,Low,0,0.17882616714856248
12554.0,2010-09-17 12:29:00,1,99.43,448,High,1,0.6889328919739317
12555.0,2010-01-26 16:26:00,1,129.23,681,High,1,0.6878410842800969
12556.0,2011-10-20 13:06:00,2,322.14,49,Medium,0,0.6358911325755449
12557.0,2011-11-23 16:59:00,8,126.06,15,Low,0,0.35295624919737745
12558.0,2011-12-02 10:41:00,1,13.75,7,Low,0,0.6920603077965971
12559.0,2011-02-02 09:49:00,2,74.53,310,High,1,0.6456255751887341
12560.0,2011-12-04 13:54:00,3,299.91,4,Low,0,0.5894879309419918
12561.0,2011-02-10 11:39:00,1,47.43,302,High,1,0.6908330308870834
12562.0,2011-12-01 17:20:00,9,675.99,7,Low,0,0.28914936220894477
12563.0,2010-10-27 09:52:00,1,50.98,408,High,1,0.6907035138917458
12564.0,2011-03-23 14:55:00,1,117.1,260,High,1,0.6882857539480628
12565.0,2011-02-24 10:34:00,1,21.16,288,High,1,0.6917905243335823
12566.0,2011-09-14 14:30:00,1,74.17,85,Medium,0,0.689856721438404
12567.0,2011-11-17 11:02:00,15,2328.21,22,Low,0,0.08479988282577655
12568.0,2010-03-05 09:15:00,1,31.17,644,High,1,0.6914258720141783
12569.0,2011-12-07 16:24:00,32,1021.7,1,Low,0,0.003881748973191764
12570.0,2010-01-26 17:28:00,1,77.52,681,High,1,0.6897342893569504
12571.0,2011-10-31 10:19:00,2,44.9,39,Low,0,0.6467825818543993
12572.0,2011-12-01 09:20:00,2,253.67000000000002,8,Low,0,0.6385944794183646
12573.0,2011-04-26 15:52:00,5,263.39,226,High,1,0.49226104034818285
12574.0,2011-01-28 09:20:00,1,57.2,315,High,1,0.6904765133077791
12575.0,2010-09-08 13:09:00,2,135.67000000000002,456,High,1,0.6432327691316069
12576.0,2011-11-04 10:11:00,8,366.38,35,Low,0,0.3436397557669205
12577.0,2011-11-04 13:24:00,8,547.66,34,Low,0,0.33669038374320337
12578.0,2011-11-18 13:30:00,4,535.4300000000001,20,Low,0,0.5304871994783842
12579.0,2011-09-22 17:15:00,1,96.82,77,Medium,0,0.6890284169460305
12580.0,2011-04-07 10:24:00,2,151.19,246,High,1,0.6426242258268099
12581.0,2011-10-31 08:56:00,1,43.39,39,Low,0,0.6909803884162203
12582.0,2011-04-15 08:45:00,4,397.12,238,High,1,0.5363664919300947
12583.0,2011-12-07 08:07:00,27,1444.17,2,Low,0,0.00973615484501871
12584.0,2011-12-06 09:35:00,9,718.5,3,Low,0,0.28765928962166176
12585.0,2011-04-19 13:39:00,2,301.36,233,High,1,0.6367124890513488
12586.0,2011-11-22 16:24:00,4,481.42,16,Low,0,0.5327841588073615
12587.0,2011-12-02 12:47:00,1,46.24,7,Low,0,0.6908764397372301
12588.0,2011-10-31 15:01:00,4,330.32,38,Low,0,0.5392025167917187
12589.0,2011-11-11 10:19:00,8,1710.23,28,Low,0,0.2938740441537853
12590.0,2011-05-12 14:52:00,2,717.22,210,High,1,0.6201289799150967
12591.0,2011-01-26 14:35:00,3,299.4,316,High,1,0.5895090099234632
12592.0,2011-09-08 15:04:00,5,877.4399999999999,91,High,1,0.4660929629457016
12593.0,2011-08-23 12:43:00,3,55.7,108,High,1,0.599542547835791
12594.0,2011-11-02 12:20:00,15,610.07,37,Low,0,0.11052454884172103
12595.0,2010-07-23 09:10:00,1,60.62,504,High,1,0.6903516603255081
12596.0,2011-10-19 13:02:00,2,118.95,50,Medium,0,0.6438878478266455
12597.0,2011-11-20 13:33:00,4,812.0699999999999,18,Low,0,0.5187039667217117
12598.0,2011-11-30 12:18:00,11,578.24,9,Low,0,0.21723237542377516
12599.0,2011-11-10 13:34:00,13,369.11,28,Low,0,0.16175954168645532
12600.0,2011-11-11 10:29:00,21,769.88,28,Low,0,0.0352357116350851
12601.0,2011-06-03 10:17:00,6,231.26,189,High,1,0.4439878471104001
12602.0,2011-10-12 11:22:00,1,23.65,58,Medium,0,0.6916998389393932
12603.0,2011-11-18 10:42:00,1,28.95,21,Low,0,0.6915067645720401
12604.0,2011-09-21 14:08:00,2,41.46,78,Medium,0,0.6469167975754158
12605.0,2010-11-28 14:18:00,4,169.03,375,High,1,0.5460393539757903
12606.0,2010-01-26 16:23:00,1,21.0,681,High,1,0.6917963510017565
12607.0,2011-10-10 16:06:00,1,217.93,59,Medium,0,0.684578972914777
12608.0,2010-10-31 10:49:00,1,26.04,404,High,1,0.6916127816198824
12609.0,2011-09-22 16:34:00,9,690.52,77,Medium,0,0.2886395376181192
12610.0,2011-11-17 09:34:00,5,532.62,22,Low,0,0.4807739410531486
12611.0,2011-10-18 13:12:00,1,173.88,51,Medium,0,0.6862012960412758
12612.0,2011-09-26 15:35:00,1,84.34,73,Medium,0,0.689484957425023
12613.0,2011-10-13 14:59:00,10,957.63,56,Medium,0,0.24101098413956998
12614.0,2011-03-07 10:22:00,1,112.2,277,High,1,0.6884652831251921
12615.0,2011-12-07 15:02:00,8,826.74,1,Low,0,0.32612929941007435
12616.0,2011-09-05 15:17:00,3,203.2,94,High,1,0.5934791253074793
12617.0,2011-11-10 14:39:00,1,79.92999999999999,28,Low,0,0.6896461949090366
12618.0,2011-11-18 11:10:00,1,73.02000000000001,21,Low,0,0.689898744230188
12619.0,2011-11-23 14:52:00,10,660.57,15,Low,0,0.25041360037916943
12620.0,2011-11-25 10:20:00,3,197.6,14,Low,0,0.5937098634799894
12621.0,2011-12-08 11:25:00,35,2329.86,1,Low,0,0.0017099529634607435
12622.0,2011-04-21 16:39:00,1,63.13,231,High,1,0.6902600107896917
12623.0,2011-03-08 13:50:00,7,513.31,275,High,1,0.38398003178034223
12624.0,2011-08-25 15:04:00,2,147.14,105,High,1,0.6427830718506544
12625.0,2011-05-12 09:54:00,4,422.45,211,High,1,0.5352904695980785
12626.0,2011-11-16 16:06:00,9,829.39,22,Low,0,0.2837939779801276
12627.0,2011-11-29 12:07:00,7,675.72,10,Low,0,0.3774400735538021
12628.0,2011-12-05 13:15:00,3,147.24,3,Low,0,0.5957829892883423
12629.0,2010-11-19 09:18:00,2,179.9,385,High,1,0.6414972869841453
12630.0,2011-11-30 10:48:00,2,287.13,9,Low,0,0.6372744889359778
12631.0,2011-10-13 13:53:00,6,573.07,56,Medium,0,0.42962695690133396
12632.0,2010-07-07 09:39:00,2,78.17,520,High,1,0.6454833207679646
12633.0,2011-10-12 11:40:00,7,932.81,58,Medium,0,0.3671789248069523
12634.0,2010-06-22 10:05:00,2,155.55,535,High,1,0.6424531861826461
12635.0,2011-09-11 11:04:00,4,472.78,89,Medium,0,0.5331514778975984
12636.0,2009-12-01 09:55:00,1,141.0,738,High,1,0.6874092807551745
12637.0,2011-10-03 13:46:00,12,1598.53,66,Medium,0,0.16034628668858555
12638.0,2011-11-06 13:11:00,2,161.84,32,Low,0,0.6422063700991656
12639.0,2011-04-15 12:48:00,3,286.19,238,High,1,0.5900548821458601
12640.0,2011-11-16 11:52:00,3,303.0,23,Low,0,0.5893602100883552
12641.0,2011-08-16 13:26:00,1,69.64999999999999,114,High,1,0.6900218712264445
12642.0,2011-11-14 15:03:00,3,168.76,24,Low,0,0.5948975080370748
12643.0,2011-08-03 12:56:00,12,367.55,127,High,1,0.19070970894011077
12644.0,2011-08-02 10:33:00,4,377.31,129,High,1,0.537207788396594
12645.0,2011-11-06 12:38:00,8,419.40999999999997,33,Low,0,0.3415997485892442
12646.0,2011-12-05 10:14:00,2,107.42,4,Low,0,0.6443392723312866
12647.0,2011-11-17 12:56:00,36,2697.59,21,Low,0,0.0013159129554439406
12648.0,2011-07-08 11:55:00,4,240.14,154,High,1,0.5430270944827797
12649.0,2011-08-24 14:41:00,8,320.27,106,High,1,0.3454182630717504
12650.0,2011-12-06 16:34:00,1,38.69,2,Low,0,0.6911517703369316
12651.0,2011-01-09 12:46:00,4,61.2,334,High,1,0.5506005988258393
12652.0,2011-01-12 15:00:00,2,154.07,330,High,1,0.6425112495819795
12653.0,2011-07-14 10:41:00,3,236.59,148,High,1,0.5921024956836902
12654.0,2011-11-29 10:10:00,5,167.98,10,Low,0,0.4963344397510439
12655.0,2010-10-12 09:17:00,1,87.85,423,High,1,0.6893565926500503
12656.0,2011-11-22 13:42:00,8,960.4,16,Low,0,0.32113228468453636
12657.0,2011-11-28 15:47:00,4,237.11,10,Low,0,0.5431555127727598
12658.0,2011-11-21 10:22:00,1,148.12,18,Low,0,0.6871479127736427
12659.0,2011-11-10 11:53:00,1,26.54,29,Low,0,0.6915945670686736
12660.0,2011-11-28 13:26:00,1,50.25,10,Low,0,0.6907301494110574
12661.0,2010-09-29 16:46:00,1,9.65,435,High,1,0.6922095243586269
12662.0,2011-12-09 11:59:00,20,1363.89,0,Low,0,0.03872568050885427
12663.0,2010-03-25 09:40:00,2,58.4,624,High,1,0.6462556396333946
12664.0,2011-12-01 17:07:00,11,511.92,7,Low,0,0.2191646663934567
12665.0,2011-01-19 08:34:00,3,83.65,324,High,1,0.5983958584727107
12666.0,2010-11-10 16:40:00,1,119.25,393,High,1,0.6882069630774601
12667.0,2011-10-12 17:00:00,1,119.6,57,Medium,0,0.6881941356257391
12668.0,2011-11-28 10:56:00,10,1877.45,11,Low,0,0.21345096643936445
12669.0,2011-07-12 09:54:00,3,1387.88,150,High,1,0.5438932611775927
12670.0,2011-11-29 15:23:00,7,424.90999999999997,9,Low,0,0.38755762408593
12671.0,2010-04-12 16:30:00,1,122.691,605,High,1,0.6880808383736658
12672.0,2011-01-14 09:20:00,2,99.6,329,High,1,0.644645296318945
12673.0,2011-12-04 13:55:00,3,219.34,4,Low,0,0.592813874413496
12674.0,2011-11-01 12:12:00,4,268.14,38,Low,0,0.5418401223808874
12675.0,2010-06-04 09:49:00,2,427.07,553,High,1,0.6317316145976846
12676.0,2011-11-15 12:25:00,11,560.51,24,Low,0,0.21774774625427026
12677.0,2010-06-02 14:30:00,2,85.15,554,High,1,0.6452104642183341
12678.0,2011-10-28 13:04:00,21,1805.96,41,Low,0,0.029690620682520326
12679.0,2011-10-12 12:30:00,4,192.2,58,Medium,0,0.5450582190540891
12680.0,2011-12-09 12:50:00,4,207.17000000000002,0,Low,0,0.544424127015605
12681.0,2011-11-25 11:33:00,45,4369.01,14,Low,0,0.00016439338621955526
12682.0,2011-12-06 10:00:00,52,3733.73,3,Low,0,4.5341784934742473e-05
12683.0,2011-12-05 16:31:00,21,1511.89,3,Low,0,0.031172288077586752
12684.0,2011-12-02 09:53:00,7,266.28,7,Low,0,0.3940077362161158
12685.0,2011-11-11 13:46:00,6,482.15,27,Low,0,0.43343636984696976
12686.0,2010-12-03 09:51:00,1,45.62,371,High,1,0.6908990547784671
12687.0,2010-08-16 12:12:00,2,564.93,480,High,1,0.6262368845919791
12688.0,2011-08-18 08:49:00,1,705.33,113,High,1,0.6663336275504114
12689.0,2011-11-14 08:31:00,2,205.34,25,Low,0,0.6404973957241241
12690.0,2011-05-18 09:09:00,1,88.42999999999999,205,High,1,0.68933537857025
12691.0,2011-11-11 16:49:00,7,198.7,27,Low,0,0.3967670355813461
12692.0,2010-03-12 14:02:00,1,40.6,636,High,1,0.6910821299827937
12693.0,2011-08-04 17:51:00,7,400.57,126,High,1,0.38854482717715677
12694.0,2011-09-30 13:06:00,3,241.28,69,Medium,0,0.5919090162597888
12695.0,2011-12-02 13:22:00,7,317.72,6,Low,0,0.39191194632241994
12696.0,2010-10-01 10:43:00,2,161.39,434,High,1,0.642224030353911
12697.0,2011-11-11 08:47:00,3,206.13,28,Low,0,0.5933583833502857
12698.0,2010-04-28 15:51:00,1,81.6,589,High,1,0.6895851421403185
12699.0,2010-10-18 12:07:00,1,127.56,417,High,1,0.6879023248240845
12700.0,2011-12-02 10:47:00,4,702.13,7,Low,0,0.5233899885636825
12701.0,2011-09-21 10:47:00,6,438.0,79,Medium,0,0.4352890596818165
12702.0,2011-11-20 10:36:00,1,65.3,19,Low,0,0.6901807638807502
12703.0,2011-09-29 17:52:00,4,216.07,70,Medium,0,0.5440470766946647
12704.0,2011-12-02 13:15:00,8,565.7,6,Low,0,0.33600260824063233
12705.0,2011-11-24 13:17:00,14,1567.16,14,Low,0,0.11411902405359955
12707.0,2011-02-21 08:38:00,1,106.81,291,High,1,0.6886626998171137
12708.0,2011-11-10 09:52:00,18,1272.12,29,Low,0,0.057484446926235284
12709.0,2011-11-24 15:38:00,34,1898.68,14,Low,0,0.0022458763561390665
12710.0,2011-09-04 12:00:00,3,209.32,96,High,1,0.5932269142613124
12711.0,2010-04-07 11:59:00,2,154.76,611,High,1,0.6424841800040703
12712.0,2011-11-11 08:19:00,21,1468.18,28,Low,0,0.03139854335870688
12713.0,2011-12-09 12:16:00,1,95.13,0,Low,0,0.689090261694534
12714.0,2011-11-30 15:43:00,12,1786.9,8,Low,0,0.15606183080049804
12715.0,2011-08-25 15:22:00,1,71.44,105,High,1,0.6899564747798049
12716.0,2011-12-06 08:55:00,2,183.94,3,Low,0,0.6413385811078844
12717.0,2011-07-11 14:47:00,3,352.24,150,High,1,0.5873233283545832
12718.0,2011-09-29 16:38:00,1,51.72,70,Medium,0,0.6906765122094864
12719.0,2011-12-04 13:45:00,2,142.15,4,Low,0,0.6429787426948957
12720.0,2011-12-07 08:03:00,30,1385.67,2,Low,0,0.005428221988749603
12721.0,2011-11-08 12:13:00,8,810.41,31,Low,0,0.32674255983473294
12722.0,2011-09-15 14:50:00,4,191.87,84,Medium,0,0.5450721953966567
12723.0,2011-12-06 10:19:00,5,220.96,3,Low,0,0.4940724364399811
12724.0,2011-12-04 16:02:00,7,416.88,4,Low,0,0.3878832102630537
12725.0,2010-12-03 15:45:00,4,729.83,370,High,1,0.5222096745148884
12726.0,2011-11-11 13:35:00,11,391.25,27,Low,0,0.22271212107370483
12727.0,2011-11-29 11:46:00,10,666.26,10,Low,0,0.2502312240383002
12728.0,2011-09-29 15:31:00,5,274.31,70,Medium,0,0.4917948812319237
12729.0,2011-08-18 11:40:00,1,96.24000000000001,113,High,1,0.6890496425317112
12730.0,2010-07-06 12:19:00,1,231.05,521,High,1,0.6840949014273972
12731.0,2011-11-16 11:59:00,17,1326.3799999999999,23,Low,0,0.06870314530300624
12732.0,2011-06-13 11:33:00,1,42.27,179,High,1,0.6910212331343055
12733.0,2011-04-19 16:19:00,4,536.56,233,High,1,0.5304391282381046
12734.0,2010-12-22 12:47:00,3,72.89,352,High,1,0.5988374313281107
12735.0,2011-01-28 13:37:00,2,232.89999999999998,314,High,1,0.6394128019226483
12736.0,2011-01-11 07:57:00,1,22.32,332,High,1,0.6917482791627949
12737.0,2010-07-29 12:29:00,2,3710.5,498,High,1,0.49471280086289326
12738.0,2010-12-02 18:27:00,1,86.9,371,High,1,0.6893913381303414
12739.0,2011-09-22 13:00:00,4,726.9200000000001,77,Medium,0,0.5223336832948865
12740.0,2011-10-07 10:44:00,1,56.0,63,Medium,0,0.690520314788634
12741.0,2010-06-28 14:36:00,2,195.53,528,High,1,0.6408831120975199
12742.0,2010-03-24 12:43:00,1,114.48,625,High,1,0.6883817541417329
12743.0,2011-07-28 16:21:00,2,407.17,133,High,1,0.6325219970403018
12744.0,2011-10-19 11:18:00,11,13322.5,51,Medium,0,0.030514653015787045
12745.0,2010-08-10 10:14:00,3,269.54,486,High,1,0.5907425882018419
12746.0,2010-06-17 10:41:00,1,59.1,540,High,1,0.6904071539686936
12747.0,2011-12-07 14:34:00,26,1115.8,1,Low,0,0.012536217789161936
12748.0,2011-12-09 12:20:00,337,21552.2,0,Low,0,4.356504410277643e-31
12749.0,2011-12-06 09:56:00,9,1851.93,3,Low,0,0.24967117588875334
12750.0,2011-08-03 09:13:00,1,69.3,128,High,1,0.690034657353143
12751.0,2010-09-21 12:49:00,1,113.71,444,High,1,0.688409964862229
12752.0,2011-09-19 13:32:00,1,121.59,80,Medium,0,0.6881211969149034
12753.0,2011-11-17 10:52:00,6,460.46,22,Low,0,0.4343463296082792
12754.0,2011-04-18 09:00:00,3,70.88,235,High,1,0.5989199006917411
12755.0,2011-03-04 12:42:00,11,136.91,280,High,1,0.23032267676411844
12756.0,2011-09-14 09:31:00,1,2.9699999999999998,86,Medium,0,0.6924525521373194
12757.0,2011-11-24 12:30:00,13,4419.59,15,Low,0,0.08810410604005212
12758.0,2011-08-15 10:22:00,7,705.91,116,High,1,0.3762291996127581
12759.0,2011-10-18 14:49:00,8,867.58,51,Medium,0,0.32459819096907405
12760.0,2010-09-10 08:50:00,1,62.56,455,High,1,0.6902808249448515
12761.0,2010-09-08 12:17:00,2,118.65,457,High,1,0.643899596722639
12762.0,2011-12-02 10:23:00,2,188.79,7,Low,0,0.6411480145994691
12763.0,2011-07-24 14:12:00,2,60.879999999999995,137,High,1,0.6461587997105721
12764.0,2011-01-27 10:19:00,1,242.44,316,High,1,0.6836743354622027
12765.0,2010-08-24 13:51:00,6,180.32999999999998,471,High,1,0.4461362708461824
12766.0,2011-12-06 08:46:00,9,1359.98,3,Low,0,0.2657403779731725
12767.0,2010-11-29 09:38:00,1,90.08,375,High,1,0.6892750238188365
12768.0,2010-09-15 12:08:00,1,30.080000000000002,450,High,1,0.6914655909990173
12769.0,2011-04-15 10:25:00,1,142.6,238,High,1,0.6873505567487421
12770.0,2011-05-13 09:33:00,2,75.23,210,High,1,0.6455982205689993
12771.0,2010-08-11 11:51:00,1,84.85,485,High,1,0.6894663079432846
12772.0,2011-10-11 09:19:00,1,203.54,59,Medium,0,0.6851094416364447
12773.0,2010-05-24 17:30:00,1,12.11,563,High,1,0.6921199992397006
12774.0,2010-06-22 10:38:00,1,23.8,535,High,1,0.6916943754915434
12775.0,2011-11-22 16:33:00,7,307.97,16,Low,0,0.3923088815566712
12776.0,2010-02-10 12:11:00,1,30.12,667,High,1,0.6914641334716367
12777.0,2010-09-08 11:35:00,1,83.21,457,High,1,0.6895262766325292
12778.0,2011-11-20 11:30:00,9,342.65,19,Low,0,0.30099057901931453
12779.0,2011-11-02 11:43:00,14,874.47,37,Low,0,0.12663653236351283
12780.0,2010-04-20 09:40:00,1,60.739999999999995,598,High,1,0.6903472790147941
12781.0,2011-10-07 10:37:00,2,78.27,63,Medium,0,0.6454794123161675
12782.0,2011-12-05 09:16:00,11,896.24,4,Low,0,0.20813864402800375
12783.0,2011-12-07 15:56:00,6,1027.2,1,Low,0,0.41073260104103554
12784.0,2011-11-30 15:38:00,3,428.40999999999997,8,Low,0,0.5841665751002215
12785.0,2010-12-10 13:48:00,3,299.65,363,High,1,0.5894986771304753
12786.0,2010-04-09 12:12:00,1,55.800000000000004,609,High,1,0.6905276147028956
12787.0,2011-11-30 08:44:00,4,138.09,9,Low,0,0.5473489513146185
12788.0,2010-09-02 14:21:00,4,107.1,462,High,1,0.548660008209399
12789.0,2011-10-05 13:34:00,3,134.75,64,Medium,0,0.5962966285490799
12790.0,2011-05-31 14:14:00,2,166.35,191,High,1,0.6420293537851627
12791.0,2010-12-01 11:27:00,6,283.15,373,High,1,0.44180107945397956
12792.0,2011-03-28 11:36:00,2,188.53,256,High,1,0.6411582316670185
12793.0,2011-01-09 12:12:00,3,205.89,334,High,1,0.5933682739008939
12794.0,2011-10-17 14:54:00,2,93.47,52,Medium,0,0.6448851020399172
12795.0,2011-11-21 10:27:00,1,107.73,18,Low,0,0.6886290083129072
12796.0,2010-03-21 15:49:00,1,26.7,627,High,1,0.691588738286397
12797.0,2010-12-09 10:55:00,2,226.04,365,High,1,0.6396829032674195
12798.0,2011-11-29 15:52:00,4,29.72,9,Low,0,0.5519306449138178
12799.0,2010-06-28 15:57:00,1,42.55,528,High,1,0.6910110222346034
12800.0,2010-08-26 14:11:00,3,130.46,469,High,1,0.5964730020537052
12801.0,2010-07-27 09:38:00,1,229.87,500,High,1,0.6841384547072019
12802.0,2011-06-06 09:36:00,7,361.92,186,High,1,0.39011430545570214
12803.0,2010-11-11 14:57:00,1,99.79,392,High,1,0.6889197148527104
12804.0,2010-08-31 11:58:00,2,135.16,465,High,1,0.6432527585362703
12805.0,2010-11-23 12:27:00,4,211.75,381,High,1,0.544230100711322
12806.0,2010-09-30 13:34:00,4,445.75,434,High,1,0.5343003915778777
12807.0,2010-11-21 14:21:00,1,103.8,382,High,1,0.6887729156697712
12808.0,2011-11-03 10:05:00,5,207.14000000000001,36,Low,0,0.4946624674925496
12809.0,2011-06-15 10:51:00,3,527.02,177,High,1,0.5800695857223718
12810.0,2010-06-23 10:53:00,2,62.13,534,High,1,0.6461099847199707
12811.0,2011-03-24 09:42:00,5,243.8,260,High,1,0.49309734250036935
12812.0,2011-10-26 09:54:00,1,31.03,44,Low,0,0.6914309736936356
12813.0,2010-07-26 09:50:00,3,105.55,501,High,1,0.5974966254978511
12814.0,2011-08-30 12:11:00,1,41.79,101,High,1,0.6910387370997605
12815.0,2011-07-15 10:21:00,2,253.87,147,High,1,0.6385865956477864
12816.0,2011-09-05 12:41:00,2,256.15,95,High,1,0.6384967153881737
12817.0,2011-03-03 16:28:00,3,190.68,280,High,1,0.5939949327949923
12818.0,2011-03-23 12:06:00,1,94.57,261,High,1,0.6891107531399552
12819.0,2010-09-07 15:20:00,1,63.35,457,High,1,0.690251977049879
12820.0,2011-12-06 15:12:00,11,396.02,2,Low,0,0.22257111819189185
12821.0,2011-05-09 15:51:00,2,31.28,213,High,1,0.6473138466720156
12822.0,2011-09-30 10:04:00,2,123.86,70,Medium,0,0.6436955329497378
12823.0,2011-09-26 07:35:00,18,124.3,74,Medium,0,0.0690745400429226
12824.0,2011-10-11 12:49:00,1,63.39,59,Medium,0,0.6902505163575721
12825.0,2010-07-06 13:56:00,2,147.74,520,High,1,0.6427595410854248
12826.0,2011-12-07 10:25:00,12,333.33,2,Low,0,0.1916134076704719
12827.0,2011-12-04 12:17:00,3,71.7,5,Low,0,0.5988862571499068
12828.0,2011-12-07 08:45:00,6,173.04,2,Low,0,0.44644395777144064
12829.0,2011-01-07 11:13:00,3,149.18,336,High,1,0.595703189786804
12830.0,2011-11-02 11:54:00,6,41.28,37,Low,0,0.4520119614061955
12831.0,2011-03-22 13:02:00,3,62.269999999999996,261,High,1,0.5992731015442723
12832.0,2011-11-07 13:30:00,2,79.08,31,Low,0,0.6454477531408083
12833.0,2011-07-17 13:46:00,1,130.59,144,High,1,0.6877912068927983
12834.0,2011-03-02 09:49:00,1,88.09,282,High,1,0.6893478145066546
12835.0,2010-10-08 10:59:00,41,2246.32,427,High,1,0.0005245506707309213
12836.0,2011-10-11 15:10:00,15,1890.56,58,Medium,0,0.09078405373187036
12837.0,2011-06-19 16:07:00,2,380.77,172,High,1,0.6335694456420965
12838.0,2011-11-06 12:20:00,10,1012.62,33,Low,0,0.23929710686115258
12839.0,2011-12-07 12:33:00,26,1217.19,2,Low,0,0.012323647119583524
12840.0,2011-07-19 09:29:00,7,377.07,143,High,1,0.38949882930620777
12841.0,2011-12-05 11:13:00,40,1693.55,4,Low,0,0.000703661225935989
12842.0,2011-09-30 15:33:00,4,181.83,69,Medium,0,0.5454973809841475
12843.0,2011-10-05 12:09:00,30,923.4399999999999,65,Medium,0,0.005871520535959466
12844.0,2011-11-10 13:31:00,4,341.03000000000003,28,Low,0,0.5387479847671303
12845.0,2011-03-17 13:34:00,4,75.34,266,High,1,0.5500029398766391
12846.0,2010-01-26 16:29:00,1,15.58,681,High,1,0.6919936932993471
12847.0,2011-11-17 13:16:00,2,166.54,21,Low,0,0.642021895484502
12848.0,2010-02-02 12:45:00,1,63.55,675,High,1,0.6902446735503734
12849.0,2011-11-08 13:41:00,6,532.56,30,Low,0,0.43132326417139044
12850.0,2010-09-20 12:26:00,1,3.3,445,High,1,0.6924405487786809
12851.0,2011-09-04 12:41:00,2,196.83,96,High,1,0.6408320082526279
12852.0,2011-02-18 08:47:00,1,62.05,294,High,1,0.6902994474826599
12853.0,2011-07-28 11:29:00,11,592.29,134,High,1,0.21682460012827387
12854.0,2011-09-22 12:15:00,7,782.96,78,Medium,0,0.3731458760816862
12855.0,2010-12-02 09:37:00,4,367.4,372,High,1,0.537628569788994
12856.0,2011-12-02 10:52:00,6,798.63,7,Low,0,0.4202131521944012
12857.0,2011-05-13 10:20:00,6,440.9,210,High,1,0.43516730939121523
12858.0,2010-11-21 12:55:00,1,152.12,382,High,1,0.6870010246178799
12859.0,2010-09-07 12:20:00,1,57.25,458,High,1,0.6904746881718521
12860.0,2010-01-15 15:22:00,1,43.37,692,High,1,0.6909811178123589
12861.0,2010-03-30 11:39:00,1,24.0,619,High,1,0.6916870908109334
12862.0,2010-10-10 11:47:00,2,407.08,425,High,1,0.6325255700203376
12863.0,2011-10-18 14:15:00,6,194.98999999999998,51,Medium,0,0.44551764563288976
12864.0,2011-07-24 13:03:00,2,4.7299999999999995,137,High,1,0.6483484146953624
12865.0,2011-11-13 14:31:00,4,596.98,25,Low,0,0.5278680058849682
12866.0,2011-03-01 14:11:00,3,232.93,282,High,1,0.5922534640623801
12867.0,2011-11-13 15:30:00,13,1458.99,25,Low,0,0.13807835387502831
12868.0,2011-06-07 10:42:00,8,388.45,185,High,1,0.34279004020010845
12869.0,2010-01-27 12:10:00,1,95.32,681,High,1,0.6890833090714286
12870.0,2010-11-29 13:42:00,3,423.54,374,High,1,0.5843686147540943
12871.0,2011-09-16 15:07:00,3,50.56,83,Medium,0,0.5997533055663181
12872.0,2011-01-17 10:52:00,12,1134.93,326,High,1,0.1712957154528631
12873.0,2011-03-02 14:58:00,3,120.33,281,High,1,0.5968893747318816
12874.0,2010-11-19 15:23:00,2,147.72,384,High,1,0.6427603254553589
12875.0,2011-07-19 15:30:00,5,3.0100000000000002,142,High,1,0.5033784462501302
12876.0,2011-10-13 12:26:00,4,428.36,57,Medium,0,0.5350393642345164
12877.0,2011-12-06 10:30:00,20,547.02,3,Low,0,0.04426707411040163
12878.0,2011-04-17 13:07:00,2,95.53,235,High,1,0.6448045229096029
12879.0,2011-10-26 12:24:00,3,18.32,44,Low,0,0.6010744120827366
12880.0,2010-11-23 10:50:00,2,148.42000000000002,381,High,1,0.6427328720525031
12881.0,2011-03-09 11:44:00,1,230.8,275,High,1,0.6841041290870411
12882.0,2011-11-30 16:18:00,2,83.69,8,Low,0,0.6452675451845922
12883.0,2011-11-15 09:32:00,4,248.93,24,Low,0,0.5426545219941402
12884.0,2011-09-12 13:10:00,1,111.89,87,Medium,0,0.68847663918941
12885.0,2011-10-07 13:40:00,3,255.10999999999999,62,Medium,0,0.5913383131840196
12886.0,2011-10-03 10:09:00,2,305.09000000000003,67,Medium,0,0.6365651145106642
12887.0,2010-11-21 11:18:00,1,61.65,383,High,1,0.6903140529626697
12888.0,2011-05-09 16:02:00,2,29.48,213,High,1,0.6473840306731522
12889.0,2010-11-23 16:08:00,4,127.33,380,High,1,0.5478042371770058
12890.0,2011-11-15 17:26:00,2,268.9,23,Low,0,0.6379939169556674
12891.0,2011-06-07 12:31:00,11,4.22,185,High,1,0.23436479770816296
12892.0,2010-11-08 09:51:00,1,59.58,396,High,1,0.6903896302529461
12893.0,2011-11-09 12:34:00,1,75.17,30,Low,0,0.6898201773326067
12894.0,2010-05-13 14:47:00,1,118.3,574,High,1,0.6882417789914156
12895.0,2011-10-28 13:51:00,2,70.9,41,Low,0,0.6457674131507708
12897.0,2011-05-19 12:13:00,4,52.85,204,High,1,0.5509534619012427
12898.0,2010-09-02 08:08:00,2,78.87,463,High,1,0.6454559611975138
12899.0,2010-10-22 09:53:00,1,86.14999999999999,413,High,1,0.6894187672642994
12900.0,2010-10-13 15:17:00,1,47.019999999999996,421,High,1,0.6908479872577394
12901.0,2011-12-01 10:07:00,28,170.1,8,Low,0,0.009912081989428646
12902.0,2011-03-20 12:06:00,1,56.19,264,High,1,0.6905133797820753
12903.0,2010-10-07 12:39:00,1,93.59,428,High,1,0.6891466113857102
12904.0,2011-11-21 14:34:00,2,222.12,17,Low,0,0.6398372072138913
12905.0,2010-05-12 10:05:00,2,197.03,576,High,1,0.6408241458389408
12906.0,2011-11-28 09:55:00,5,160.77,11,Low,0,0.496642287385525
12907.0,2010-11-09 12:08:00,2,130.21,395,High,1,0.6434467474192884
12908.0,2011-06-16 15:39:00,5,2.96,175,High,1,0.5033805811236767
12909.0,2011-10-31 12:43:00,8,784.22,39,Low,0,0.3277273423765766
12910.0,2011-11-16 14:28:00,13,264.26,22,Low,0,0.16420249912385096
12911.0,2010-06-06 12:13:00,1,775.7,551,High,1,0.6636560777040922
12912.0,2011-12-07 08:55:00,5,65.26,2,Low,0,0.5007204581713668
12913.0,2011-12-05 12:11:00,13,297.35,4,Low,0,0.16342833151910977
12914.0,2010-11-04 12:28:00,1,10.299999999999999,400,High,1,0.6921858707528247
12915.0,2011-07-14 11:34:00,4,406.32,148,High,1,0.5359757131304046
12916.0,2011-07-24 10:35:00,7,815.88,138,High,1,0.3718316316452812
12917.0,2011-08-03 16:42:00,6,183.6,127,High,1,0.4459982682938727
12918.0,2010-03-23 15:22:00,1,10953.5,625,High,1,0.2575551253858968
12919.0,2011-12-01 13:47:00,6,130.22,7,Low,0,0.4482520700498867
12920.0,2011-11-22 15:05:00,4,185.05,16,Low,0,0.545361023879308
12921.0,2011-11-30 16:22:00,74,3516.13,8,Low,0,5.838839643345501e-07
12922.0,2011-07-01 15:35:00,1,45.58,160,High,1,0.6909005137819895
12923.0,2011-10-06 16:20:00,3,221.26,63,Medium,0,0.5927347140539275
12924.0,2011-09-12 13:55:00,12,186.70000000000002,87,Medium,0,0.19552266379889885
12925.0,2011-12-05 11:11:00,3,105.85,4,Low,0,0.5974843026697397
12926.0,2010-10-24 15:57:00,4,688.93,410,High,1,0.5239523576013166
12927.0,2010-11-10 10:02:00,1,31.14,394,High,1,0.6914269652351367
12928.0,2011-11-04 14:24:00,12,345.08,34,Low,0,0.19130274004175454
12929.0,2011-02-01 12:08:00,1,56.95,311,High,1,0.6904856388983482
12930.0,2011-09-22 15:18:00,2,74.87,77,Medium,0,0.6456122887781064
12931.0,2011-11-18 12:39:00,57,429.22,21,Low,0,2.9401206695136672e-05
12932.0,2010-06-18 14:22:00,8,197.23000000000002,538,High,1,0.350185146873311
12933.0,2011-11-15 16:38:00,8,938.32,23,Low,0,0.3219549869891783
12934.0,2009-12-03 10:51:00,1,83.34,736,High,1,0.6895215232492437
12935.0,2011-12-07 17:25:00,15,660.52,1,Low,0,0.10968028510218406
12936.0,2011-11-22 17:32:00,4,126.06,16,Low,0,0.54785796918559
12937.0,2011-11-24 15:05:00,9,512.18,14,Low,0,0.2949338391604
12938.0,2011-11-14 11:21:00,1,11.44,25,Low,0,0.692144383529757
12939.0,2011-10-06 14:33:00,20,223.39000000000001,63,Medium,0,0.046665437958143055
12940.0,2011-10-16 12:09:00,2,378.25,54,Medium,0,0.6336693635784296
12941.0,2009-12-15 13:12:00,1,44.44,723,High,1,0.690942093782482
12942.0,2011-07-31 14:39:00,3,397.89,130,High,1,0.5854322761172474
12943.0,2010-05-30 13:52:00,2,127.75,557,High,1,0.643543136518675
12944.0,2011-11-04 11:04:00,2,95.66,35,Low,0,0.6447994375433744
12945.0,2011-02-24 14:15:00,2,189.43,287,High,1,0.6411228643490723
12946.0,2010-09-29 10:14:00,1,66.35,436,High,1,0.6901424145910926
12947.0,2011-07-19 10:06:00,6,367.55,143,High,1,0.43824911607225114
12948.0,2011-11-23 17:10:00,9,354.98,15,Low,0,0.3005476859784388
12949.0,2011-11-09 11:25:00,22,2216.97,30,Low,0,0.02283177288253604
12950.0,2011-12-07 13:17:00,3,31.95,1,Low,0,0.6005160704934953
12951.0,2011-12-01 12:14:00,15,554.98,8,Low,0,0.11145295652671852
12952.0,2011-12-04 10:35:00,4,320.95,5,Low,0,0.539600125827077
12953.0,2011-11-30 09:24:00,2,243.36,9,Low,0,0.6390007866016001
12954.0,2010-03-11 10:16:00,1,31.150000000000002,638,High,1,0.6914266008283888
12955.0,2011-12-08 16:29:00,11,304.19,0,Low,0,0.22529683649466473
12956.0,2011-02-06 16:08:00,4,125.23,305,High,1,0.5478930847774738
12957.0,2011-11-30 09:53:00,13,1644.38,9,Low,0,0.13435291783597894
12958.0,2010-11-04 16:16:00,2,253.99,399,High,1,0.6385818653496099
12959.0,2010-08-12 17:20:00,1,30.4,483,High,1,0.691453930673207
12960.0,2010-10-22 09:31:00,4,144.12,413,High,1,0.5470937703600223
12961.0,2010-11-25 16:44:00,1,65.05,378,High,1,0.6901898942784612
12962.0,2011-12-02 15:55:00,2,47.77,6,Low,0,0.6466705876501326
12963.0,2011-12-01 12:55:00,12,626.95,7,Low,0,0.18396523237381698
12964.0,2010-09-28 17:47:00,1,94.17,436,High,1,0.6891253894328441
12965.0,2011-09-11 15:31:00,1,399.36,88,Medium,0,0.6778498029667438
12966.0,2011-11-30 12:38:00,1,34.230000000000004,9,Low,0,0.6913143522123745
12967.0,2010-12-16 19:10:00,3,419.01,357,High,1,0.5845565235168646
12968.0,2011-08-19 15:44:00,1,16.45,111,High,1,0.6919620213079045
12969.0,2010-04-16 10:50:00,1,22.95,602,High,1,0.6917253343197746
12970.0,2011-12-02 14:30:00,10,803.91,6,Low,0,0.24584627667667555
12971.0,2011-12-06 12:20:00,116,1046.17,3,Low,0,2.0425753793150982e-10
12972.0,2010-10-22 08:41:00,4,248.07,413,High,1,0.5426909760226616
12973.0,2010-10-22 10:14:00,1,170.25,413,High,1,0.6863347837076116
12974.0,2011-05-26 09:33:00,2,173.56,197,High,1,0.6417462827326513
12975.0,2010-09-29 09:46:00,6,509.96,436,High,1,0.4322703151842609
12976.0,2011-05-12 09:55:00,8,237.32999999999998,211,High,1,0.3486282257045493
12977.0,2011-07-06 16:40:00,4,340.89,155,High,1,0.5387539267795111
12978.0,2010-11-19 14:29:00,5,423.41,384,High,1,0.4854317853859546
12979.0,2009-12-10 15:45:00,1,131.65,728,High,1,0.6877523288527017
12980.0,2011-07-05 09:34:00,21,784.8000000000001,157,High,1,0.03514918679961047
12981.0,2011-11-10 12:00:00,2,32.47,29,Low,0,0.6472674437580577
12982.0,2011-04-11 11:51:00,8,515.8100000000001,242,High,1,0.33790635511033523
12983.0,2010-04-20 12:58:00,1,32.39,597,High,1,0.691381412545028
12984.0,2011-11-21 12:37:00,1,15.4,18,Low,0,0.6920002458995509
12985.0,2011-12-09 10:46:00,2,145.49,0,Low,0,0.6428477779041398
12986.0,2010-10-07 11:57:00,10,395.71999999999997,428,High,1,0.25900013357427076
12987.0,2011-09-27 12:03:00,5,325.98,73,Medium,0,0.4895893702759231
12988.0,2011-02-20 14:31:00,1,378.14,291,High,1,0.6786407345424516
12989.0,2011-12-06 15:28:00,33,302.89,2,Low,0,0.0035959972353205275
12990.0,2011-11-08 13:01:00,7,53.95,30,Low,0,0.40269914102854404
12991.0,2011-11-16 15:34:00,3,182.0,22,Low,0,0.5943524157250415
12992.0,2009-12-14 16:46:00,1,27.3,724,High,1,0.6915668798092728
12993.0,2011-11-16 15:49:00,8,176.01,22,Low,0,0.3510103295832727
12994.0,2011-12-05 15:43:00,3,256.96,3,Low,0,0.5912619531375095
12995.0,2011-09-15 15:44:00,1,5.87,84,Medium,0,0.6923470591668535
12996.0,2010-11-29 09:27:00,1,126.1,375,High,1,0.6879558590835184
12997.0,2011-11-17 15:47:00,8,316.4,21,Low,0,0.34556773047525186
12998.0,2010-08-04 08:05:00,3,92.41,492,High,1,0.5980362443724532
12999.0,2011-05-27 13:24:00,3,71.38,195,High,1,0.5988993864478547
13000.0,2011-08-25 10:43:00,4,220.69,106,High,1,0.5438513295132144
13001.0,2011-12-05 14:51:00,33,2539.96,3,Low,0,0.002456843948815714
13002.0,2011-01-25 15:18:00,3,72.27,317,High,1,0.5988628702364068
13003.0,2011-08-26 10:50:00,3,13.5,105,High,1,0.6012717965600338
13004.0,2011-11-28 11:27:00,36,1894.71,11,Low,0,0.001509030427143647
13005.0,2011-06-19 10:53:00,4,249.17,173,High,1,0.5426443486953351
13006.0,2011-10-14 13:49:00,1,21.18,55,Medium,0,0.691789795995766
13007.0,2010-05-09 10:38:00,1,65.95,579,High,1,0.6901570241527165
13008.0,2011-01-20 14:24:00,3,83.57,322,High,1,0.598399142132455
13009.0,2010-02-05 12:22:00,1,7.8,672,High,1,0.6922768406343424
13010.0,2010-11-30 15:09:00,2,21.41,373,High,1,0.6476986107347275
13011.0,2010-12-02 17:22:00,1,25.3,371,High,1,0.6916397380617009
13012.0,2011-11-30 13:05:00,11,472.71,8,Low,0,0.22031288548462089
13013.0,2011-12-08 15:01:00,29,1696.75,0,Low,0,0.00627859914439736
13014.0,2011-11-29 12:27:00,11,931.38,10,Low,0,0.2071511733226032
13015.0,2011-10-17 13:19:00,11,1755.78,52,Medium,0,0.18497632033916825
13016.0,2011-09-27 14:08:00,3,149.14,72,Medium,0,0.5957048351884662
13017.0,2011-12-02 15:53:00,1,4.25,6,Low,0,0.6924059922015613
13018.0,2011-11-23 13:28:00,35,1638.08,15,Low,0,0.0019239990361359905
13019.0,2010-11-25 14:56:00,6,231.94,378,High,1,0.4439591760709911
13020.0,2010-05-26 11:12:00,2,134.36,562,High,1,0.6432841134601218
13021.0,2011-12-05 16:37:00,17,958.32,3,Low,0,0.0728360555018166
13022.0,2010-10-06 10:50:00,1,25.3,429,High,1,0.6916397380617009
13023.0,2011-10-06 16:27:00,3,394.93,63,Medium,0,0.5855549711773744
13024.0,2010-08-26 09:42:00,2,162.62,470,High,1,0.64217575807645
13025.0,2009-12-08 10:02:00,1,27.84,731,High,1,0.6915472064460582
13026.0,2011-12-08 16:58:00,9,90.43,0,Low,0,0.31013105851660355
13027.0,2011-08-18 09:39:00,19,34.64,113,High,1,0.05812910878818515
13028.0,2011-11-17 11:10:00,2,45.63,22,Low,0,0.6467540970514855
13029.0,2011-11-09 09:13:00,5,136.32999999999998,30,Low,0,0.4976858272992701
13030.0,2011-11-28 14:30:00,2,502.53,10,Low,0,0.628728113551115
13031.0,2010-10-28 15:34:00,5,1069.05,406,High,1,0.45795870430575697
13032.0,2011-10-18 15:54:00,9,733.83,51,Medium,0,0.28712306263315146
13033.0,2010-12-17 14:23:00,2,33.1,356,High,1,0.6472428763848106
13034.0,2011-10-16 12:21:00,3,138.28,54,Medium,0,0.5961514820311351
13035.0,2011-09-27 08:57:00,3,83.53,73,Medium,0,0.5984007839590162
13036.0,2010-01-24 11:35:00,1,57.95,684,High,1,0.690449135645436
13037.0,2011-07-24 15:46:00,12,819.02,137,High,1,0.1790914290700294
13038.0,2011-09-20 14:37:00,3,77.23,79,Medium,0,0.5986593440667971
13039.0,2010-05-04 16:45:00,4,302.19,583,High,1,0.5403960406313362
13040.0,2011-12-01 10:38:00,2,120.57000000000001,8,Low,0,0.6438244007949226
13041.0,2010-09-15 11:44:00,4,133.87,450,High,1,0.5475275208694929
13042.0,2010-04-20 13:43:00,3,632.18,597,High,1,0.5756882824172959
13043.0,2011-03-11 14:52:00,1,73.84,272,High,1,0.6898687804732441
13044.0,2011-02-21 15:20:00,11,1377.02,290,High,1,0.19492853947480862
13045.0,2011-09-01 15:04:00,3,132.6,98,High,1,0.596385023978922
13046.0,2011-11-09 08:36:00,3,279.44,30,Low,0,0.5903337245046913
13047.0,2011-11-08 12:06:00,24,1848.82,31,Low,0,0.016420445274014223
13048.0,2011-11-25 13:23:00,9,511.88,13,Low,0,0.2949444943768745
13049.0,2011-10-06 15:31:00,4,82.71,63,Medium,0,0.5496913728869559
13050.0,2011-11-25 09:18:00,35,3058.39,14,Low,0,0.0015101888528035725
13051.0,2010-05-10 09:14:00,2,21.45,578,High,1,0.6476970517935279
13052.0,2011-05-11 14:12:00,7,915.12,211,High,1,0.3678812568559383
13053.0,2010-03-28 11:28:00,1,52.75,621,High,1,0.6906389266204058
13055.0,2011-09-22 14:26:00,4,349.57,77,Medium,0,0.5383855012533642
13056.0,2010-06-06 14:10:00,1,90.74,550,High,1,0.689250880115252
13057.0,2010-06-27 15:44:00,3,81.09,529,High,1,0.5985009312036067
13058.0,2011-11-15 12:43:00,3,46.6,24,Low,0,0.5999156540575378
13059.0,2011-04-04 10:40:00,10,886.62,249,High,1,0.24323652102128324
13060.0,2011-03-31 11:37:00,1,59.74,253,High,1,0.6903837888927945
13061.0,2011-09-28 16:04:00,1,34.03,71,Medium,0,0.6913216417696411
13062.0,2011-06-01 15:12:00,1,75.00999999999999,190,High,1,0.6898260245487832
13063.0,2010-08-16 12:27:00,1,27.5,480,High,1,0.6915595934595066
13064.0,2011-11-27 12:31:00,6,458.86,12,Low,0,0.434413471955743
13065.0,2010-12-01 16:52:00,5,337.33,372,High,1,0.48910495187123526
13066.0,2011-11-15 12:57:00,2,152.32,23,Low,0,0.6425799002308268
13067.0,2011-09-18 13:38:00,3,146.2,81,Medium,0,0.5958257663173439
13068.0,2011-11-29 15:00:00,2,3.44,9,Low,0,0.648398646471014
13069.0,2011-12-09 08:39:00,38,2084.59,0,Low,0,0.000980708998613784
13070.0,2011-05-31 13:45:00,4,67.52,191,High,1,0.5503334877413014
13071.0,2010-04-06 13:37:00,1,49.27,611,High,1,0.6907659046917103
13072.0,2011-03-18 08:12:00,1,23.450000000000003,266,High,1,0.6917071234530475
13073.0,2010-10-24 14:06:00,2,95.97999999999999,410,High,1,0.6447869195795012
13074.0,2010-07-16 16:53:00,4,114.72,510,High,1,0.5483376998860949
13075.0,2011-08-02 10:19:00,1,44.87,129,High,1,0.6909264104612016
13076.0,2010-09-08 10:27:00,1,35.85,457,High,1,0.6912553032872452
13077.0,2011-12-08 19:24:00,11,700.31,0,Low,0,0.21370801894258873
13078.0,2011-12-06 15:36:00,57,3116.53,2,Low,0,1.857952575402991e-05
13079.0,2011-12-05 16:53:00,6,52.69,3,Low,0,0.45152929409815745
13080.0,2011-06-13 14:59:00,4,51.269999999999996,178,High,1,0.5510202254426503
13081.0,2011-11-28 10:54:00,28,5061.23,11,Low,0,0.004323173400033694
13082.0,2011-08-05 16:16:00,21,333.58,125,High,1,0.037858548343246624
13083.0,2011-12-05 15:01:00,3,63.86,3,Low,0,0.5992078840522417
13084.0,2010-08-05 08:49:00,1,1.7,491,High,1,0.6924987444515956
13085.0,2011-07-05 12:11:00,8,299.13,157,High,1,0.3462351052236978
13086.0,2010-11-22 10:28:00,1,184.93,382,High,1,0.6857947596205582
13087.0,2009-12-13 15:16:00,1,85.77,725,High,1,0.6894326641841284
13088.0,2010-10-18 15:35:00,1,83.12,416,High,1,0.6895295674129069
13089.0,2011-12-07 09:02:00,203,9075.79,2,Low,0,1.4993094537535076e-18
13090.0,2011-12-01 12:39:00,24,1297.17,8,Low,0,0.01801359419906146
13091.0,2011-11-11 15:54:00,3,1268.99,27,Low,0,0.5489260146003835
13092.0,2011-09-30 11:18:00,12,550.5,70,Medium,0,0.18593354269201645
13093.0,2011-03-09 12:14:00,55,3017.05,275,High,1,2.8165176416845625e-05
13094.0,2011-11-18 14:07:00,13,43.52,20,Low,0,0.16944242458767309
13095.0,2011-09-30 12:03:00,1,4.16,70,Medium,0,0.6924092660750811
13096.0,2010-11-10 14:08:00,1,69.95,393,High,1,0.6900109114580696
13097.0,2011-11-07 10:43:00,28,4335.44,32,Low,0,0.0048909305595456875
13098.0,2011-12-08 14:14:00,28,1578.79,0,Low,0,0.0078089875422173724
13099.0,2011-09-01 17:40:00,1,0.72,98,High,1,0.6925343862778778
13101.0,2011-04-19 14:37:00,4,131.38,233,High,1,0.5476328796338678
13102.0,2011-12-08 12:52:00,37,1486.49,0,Low,0,0.0013255821267094475
13103.0,2011-10-31 09:38:00,3,76.06,39,Low,0,0.5987073563327976
13104.0,2011-12-06 13:10:00,9,65.38,2,Low,0,0.3110471816469503
13105.0,2010-09-29 13:41:00,1,0.72,435,High,1,0.6925343862778778
13106.0,2011-07-29 15:12:00,2,212.66,132,High,1,0.6402094645354313
13107.0,2011-10-26 14:52:00,9,335.47,43,Low,0,0.30124865542878687
13108.0,2010-12-02 10:35:00,2,67.08,372,High,1,0.6459166474552723
13109.0,2011-10-11 10:16:00,3,197.04,59,Medium,0,0.5937329350240754
13110.0,2011-11-08 14:30:00,12,1212.8700000000001,30,Low,0,0.16941429488834722
13111.0,2009-12-21 09:00:00,1,23.66,718,High,1,0.6916994747112062
13112.0,2010-06-16 17:03:00,1,2.95,540,High,1,0.6924532796052314
13113.0,2011-12-09 12:49:00,37,1452.3,0,Low,0,0.0013333352544954663
13114.0,2009-12-09 09:56:00,1,89.54,730,High,1,0.689294776991833
13115.0,2011-11-28 12:38:00,10,793.15,11,Low,0,0.24618717160898457
13116.0,2011-07-24 14:33:00,1,135.65,137,High,1,0.6876055954642387
13117.0,2011-11-18 12:02:00,18,495.3,21,Low,0,0.06510950017801921
13118.0,2011-11-20 12:46:00,9,639.64,19,Low,0,0.29042713751430743
13119.0,2010-02-09 08:38:00,1,16.65,668,High,1,0.6919547401348898
13120.0,2011-04-15 10:19:00,1,2.55,238,High,1,0.692467828762604
13121.0,2011-03-15 16:47:00,1,84.44,268,High,1,0.6894813007124176
13122.0,2011-09-06 15:53:00,2,145.01,93,High,1,0.6428666005052394
13123.0,2010-08-24 10:18:00,2,144.67,472,High,1,0.6428799329142499
13124.0,2011-09-11 12:45:00,4,950.44,89,Medium,0,0.5128015812303276
13125.0,2010-07-04 11:58:00,1,100.98,523,High,1,0.6888761549680121
13126.0,2011-12-05 10:00:00,13,571.96,4,Low,0,0.15711660488421192
13127.0,2011-09-23 10:26:00,1,43.28,77,Medium,0,0.6909844000832047
13128.0,2010-03-18 15:08:00,1,8.5,630,High,1,0.6922513705728908
13129.0,2010-09-13 13:47:00,2,20.46,451,High,1,0.6477356346634868
13130.0,2011-09-06 15:30:00,1,4.5,93,High,1,0.6923968980068403
13131.0,2011-11-16 13:21:00,7,469.68,22,Low,0,0.38574421731085545
13132.0,2011-03-23 12:44:00,1,14.8,261,High,1,0.6920220873415339
13133.0,2011-03-11 10:31:00,3,62.75,273,High,1,0.5992534136152327
13134.0,2011-09-15 10:35:00,6,401.34,85,Medium,0,0.4368288195044211
13135.0,2011-05-27 10:52:00,2,73.92,196,High,1,0.6456494120092499
13136.0,2011-10-14 13:41:00,13,914.41,55,Medium,0,0.14952517232384835
13137.0,2011-11-29 12:09:00,16,3207.83,10,Low,0,0.06130621877655482
13138.0,2011-11-17 16:51:00,7,302.27,21,Low,0,0.3925410019882751
13139.0,2011-11-23 13:54:00,8,837.84,15,Low,0,0.325712786862089
13140.0,2011-08-23 15:33:00,5,398.7,107,High,1,0.48648605564024927
13141.0,2011-09-16 09:54:00,17,956.74,84,Medium,0,0.07285428153206865
13142.0,2011-11-20 16:07:00,1,68.93,18,Low,0,0.6900481737997775
13143.0,2010-05-04 12:22:00,1,62.75,584,High,1,0.690273886978811
13144.0,2011-01-11 11:15:00,2,27.9,332,High,1,0.6474456313883293
13145.0,2011-10-31 12:45:00,7,618.01,39,Low,0,0.3797589823640839
13146.0,2011-11-13 15:29:00,1,34.46,25,Low,0,0.6913059691037304
13147.0,2011-11-29 13:59:00,4,19.8,9,Low,0,0.5523496170024931
13148.0,2011-11-10 15:23:00,26,2770.14,28,Low,0,0.009479721632761074
13149.0,2011-11-25 13:09:00,4,247.84,13,Low,0,0.5427007252784019
13150.0,2010-08-12 12:59:00,3,55.47,483,High,1,0.5995519794170459
13151.0,2011-02-17 12:29:00,3,908.73,295,High,1,0.5641111113094074
13152.0,2010-10-18 13:44:00,7,542.75,416,High,1,0.3827913406564791
13153.0,2011-12-04 12:14:00,1,19.17,5,Low,0,0.6918629891743503
13154.0,2010-11-05 16:00:00,3,301.89,398,High,1,0.5894060917823983
13155.0,2011-11-06 15:41:00,6,458.64,32,Low,0,0.4344227042167967
13156.0,2010-11-19 13:09:00,3,345.36,384,High,1,0.5876081106463996
13157.0,2011-10-21 13:50:00,9,465.51,48,Medium,0,0.29659412337705654
13158.0,2011-09-06 11:58:00,5,202.83,94,High,1,0.49484648174246965
13159.0,2011-12-01 11:20:00,4,330.59,8,Low,0,0.5391910587989961
13160.0,2011-11-17 13:07:00,1,12.1,21,Low,0,0.6921203631922106
13161.0,2011-01-30 14:03:00,2,190.04,312,High,1,0.6410988922944099
13162.0,2011-08-09 15:59:00,16,543.71,121,High,1,0.09333460778013603
13163.0,2010-04-08 16:21:00,1,10.7,609,High,1,0.6921713141860082
13164.0,2010-05-19 13:52:00,2,51.699999999999996,568,High,1,0.6465172036088808
13165.0,2011-10-24 15:05:00,3,40.65,45,Low,0,0.6001595455044542
13166.0,2011-03-01 15:16:00,2,177.46,282,High,1,0.6415931240404322
13167.0,2011-11-21 12:24:00,5,235.45,18,Low,0,0.49345381816800066
13168.0,2011-11-03 12:56:00,5,587.34,35,Low,0,0.4784413195103785
13169.0,2011-10-07 12:11:00,3,78.02,63,Medium,0,0.598626924457438
13170.0,2011-11-13 12:19:00,1,49.48,26,Low,0,0.690758243038064
13171.0,2011-11-18 10:27:00,3,186.05,21,Low,0,0.5941856302363778
13172.0,2010-11-04 15:10:00,1,1.45,399,High,1,0.6925078369724629
13173.0,2011-12-05 15:51:00,11,750.09,3,Low,0,0.2122827950937364
13174.0,2011-11-23 14:35:00,12,3759.52,15,Low,0,0.11662914725759514
13175.0,2010-05-06 13:13:00,2,185.85,581,High,1,0.6412635385893777
13176.0,2011-10-24 15:43:00,1,199.98,45,Low,0,0.6852406020209908
13177.0,2011-10-06 09:56:00,2,99.15,64,Medium,0,0.6446629027996778
13178.0,2011-11-13 16:14:00,21,1344.63,25,Low,0,0.032046698470476906
13179.0,2010-03-31 11:40:00,1,70.84,618,High,1,0.6899783962229006
13180.0,2010-04-11 13:37:00,1,15.05,606,High,1,0.6920129868451671
13181.0,2010-11-23 15:05:00,1,53.07,380,High,1,0.6906272490308656
13182.0,2011-10-25 13:46:00,1,7.54,44,Low,0,0.6922863006446404
13183.0,2011-12-02 10:30:00,15,293.35,7,Low,0,0.1159556739278176
13184.0,2011-11-25 12:02:00,10,332.93,14,Low,0,0.26106366140936355
13185.0,2011-03-17 11:56:00,1,5.95,267,High,1,0.6923441487309793
13186.0,2011-10-31 11:40:00,3,256.64,39,Low,0,0.5912751616768736
13187.0,2011-01-06 18:57:00,4,158.43,336,High,1,0.5464880928376727
13188.0,2011-11-28 15:28:00,1,19.15,10,Low,0,0.691863717416244
13189.0,2011-11-21 10:39:00,2,11.36,18,Low,0,0.6480901949425044
13190.0,2010-06-13 15:47:00,3,70.36,543,High,1,0.598941235137718
13191.0,2010-02-19 17:02:00,1,110.83,657,High,1,0.6885154678899982
13192.0,2011-09-05 14:13:00,6,479.07,94,High,1,0.4335655577772299
13193.0,2011-10-09 14:30:00,1,83.24,60,Medium,0,0.6895251797014756
13194.0,2011-07-27 09:01:00,2,25.53,135,High,1,0.6475380232694087
13195.0,2010-10-21 13:07:00,1,116.95,413,High,1,0.6882912505790209
13196.0,2011-11-28 13:54:00,7,526.46,10,Low,0,0.383448905451355
13197.0,2010-04-09 09:14:00,1,87.19,609,High,1,0.6893807318417292
13198.0,2011-11-29 15:17:00,8,854.51,9,Low,0,0.32508778463289995
13199.0,2011-12-06 12:30:00,67,507.76,3,Low,0,3.9448973212781775e-06
13200.0,2011-11-20 15:35:00,4,155.28,18,Low,0,0.5466214299553889
13201.0,2010-07-25 14:30:00,4,196.82999999999998,501,High,1,0.5448621192574001
13202.0,2010-11-10 16:24:00,7,343.0,393,High,1,0.39088343112095286
13203.0,2011-11-30 10:45:00,10,322.89,9,Low,0,0.26139459969987355
13204.0,2009-12-08 14:56:00,1,237.18,730,High,1,0.683868593835209
13205.0,2010-09-22 16:26:00,1,10.95,442,High,1,0.6921622161376453
13206.0,2010-11-04 16:50:00,13,1145.39,399,High,1,0.14457736326948487
13207.0,2011-11-24 14:52:00,4,48.08,14,Low,0,0.5511550145823471
13208.0,2011-10-12 09:54:00,9,644.87,58,Medium,0,0.2902430872094655
13209.0,2011-11-09 13:54:00,13,883.4,29,Low,0,0.15019995733068378
13210.0,2011-09-07 08:18:00,1,33.26,93,High,1,0.6913497056755331
13211.0,2011-11-29 14:43:00,10,318.39,9,Low,0,0.2615430165527449
13212.0,2011-11-20 12:40:00,3,531.82,19,Low,0,0.5798698714364522
13213.0,2011-10-14 11:42:00,11,536.02,56,Medium,0,0.2184610650440298
13214.0,2010-10-18 10:00:00,7,436.56,417,High,1,0.3870854391513557
13215.0,2010-11-02 18:26:00,1,0.85,401,High,1,0.6925296584126595
13216.0,2011-03-17 12:18:00,1,7.24,267,High,1,0.6922972158403884
13217.0,2011-08-09 15:32:00,4,10.05,121,High,1,0.5527613367123865
13218.0,2011-08-04 16:59:00,1,4.6499999999999995,126,High,1,0.6923914414182842
13219.0,2010-03-31 14:18:00,1,76.23,617,High,1,0.6897814379932747
13220.0,2011-09-22 13:38:00,5,224.67000000000002,77,Medium,0,0.4939140444502215
13221.0,2011-04-13 16:58:00,2,330.95,239,High,1,0.6355426663846148
13222.0,2010-05-11 13:54:00,1,2.95,576,High,1,0.6924532796052314
13223.0,2011-05-23 13:03:00,6,21.54,199,High,1,0.45284721816572154
13224.0,2011-10-10 14:55:00,2,249.94,59,Medium,0,0.6387414980575585
13225.0,2011-12-06 13:29:00,16,341.54,2,Low,0,0.09629798106096181
13226.0,2011-03-11 14:35:00,2,73.89,272,High,1,0.6456505842932351
13227.0,2011-05-22 11:47:00,1,23.4,201,High,1,0.691708944566554
13228.0,2011-09-19 14:28:00,1,3.58,80,Medium,0,0.6924303639065428
13229.0,2011-04-28 12:07:00,1,40.6,225,High,1,0.6910821299827937
13230.0,2011-12-05 16:03:00,30,3359.67,3,Low,0,0.0038806853648525453
13232.0,2011-11-27 10:39:00,7,678.35,12,Low,0,0.3773345272603446
13233.0,2011-09-26 13:25:00,4,107.78,73,Medium,0,0.5486312474418008
13234.0,2010-02-05 11:41:00,2,193.43,672,High,1,0.6409656577083227
13235.0,2011-05-11 17:13:00,1,157.43,211,High,1,0.6868059726045527
13236.0,2011-11-15 12:50:00,2,145.24,24,Low,0,0.6428575813972287
13237.0,2010-11-17 10:07:00,1,128.65,387,High,1,0.6878623541949644
13238.0,2011-11-22 15:37:00,6,171.18,16,Low,0,0.446522468834637
13239.0,2011-03-23 10:25:00,5,260.46,261,High,1,0.49238612016343514
13240.0,2011-09-04 14:08:00,8,595.76,95,High,1,0.33485811426658185
13241.0,2010-10-24 11:17:00,1,107.12,411,High,1,0.6886513474681731
13242.0,2011-08-19 12:53:00,7,69.94,111,High,1,0.4020424083473321
13243.0,2011-05-20 13:14:00,5,637.15,202,High,1,0.4763188174630927
13244.0,2011-09-08 11:46:00,1,101.19,92,High,1,0.6888684675823349
13245.0,2011-10-20 11:40:00,2,181.29,50,Medium,0,0.6414426862299016
13246.0,2011-11-21 16:50:00,11,632.17,17,Low,0,0.2156701739184363
13247.0,2011-11-22 10:59:00,4,52.69,17,Low,0,0.5509602228497859
13248.0,2011-08-07 12:40:00,2,69.87,124,High,1,0.6458076545160849
13249.0,2011-09-08 13:26:00,9,94.74,91,High,1,0.30997358396083113
13250.0,2010-09-05 11:33:00,2,49.67,460,High,1,0.6465964362847809
13251.0,2010-11-02 13:20:00,1,38.29,401,High,1,0.6911663536045117
13252.0,2010-11-10 16:00:00,2,88.95,393,High,1,0.6450618779409596
13253.0,2011-07-06 10:09:00,4,122.27,156,High,1,0.5480183124010496
13254.0,2010-11-28 15:42:00,1,10.09,375,High,1,0.6921935127973853
13255.0,2011-11-30 13:14:00,3,140.78,8,Low,0,0.5960486768652673
13256.0,2011-11-25 15:57:00,1,0.0,13,Low,0,0.6925605706456145
13257.0,2010-09-29 14:58:00,1,51.25,435,High,1,0.6906936620774079
13258.0,2011-11-28 09:31:00,5,156.32,11,Low,0,0.496832291718556
13259.0,2011-10-09 10:48:00,9,1004.53,61,Medium,0,0.27775342703710154
13260.0,2011-10-09 13:21:00,1,39.74,60,Medium,0,0.6911134874473338
13261.0,2011-03-16 12:22:00,2,49.4,268,High,1,0.6466069740142089
13262.0,2011-03-21 15:06:00,3,192.97,262,High,1,0.5939006032756847
13263.0,2011-12-08 13:59:00,39,4461.71,0,Low,0,0.0005354954285483144
13264.0,2010-09-23 12:42:00,1,123.03999999999999,442,High,1,0.6880680447433166
13265.0,2011-10-17 15:02:00,5,215.91,52,Medium,0,0.49428803930236026
13266.0,2011-11-28 14:39:00,19,551.32,10,Low,0,0.05348176884933202
13267.0,2011-12-07 11:12:00,36,1487.75,2,Low,0,0.001617475426618121
13268.0,2011-11-22 11:51:00,11,684.62,17,Low,0,0.21415867234588296
13269.0,2011-12-08 14:53:00,28,1251.53,0,Low,0,0.008254196654888586
13270.0,2010-12-08 14:53:00,1,5.9,365,High,1,0.6923459677551934
13271.0,2011-11-02 14:31:00,1,114.88,36,Low,0,0.6883670986702886
13272.0,2011-11-08 14:00:00,2,80.09,30,Low,0,0.6454082751002759
13273.0,2011-08-18 14:02:00,1,20.77,112,High,1,0.6918047267302494
13274.0,2010-10-26 13:48:00,1,71.45,408,High,1,0.6899561094151889
13275.0,2010-11-21 12:09:00,2,105.58,383,High,1,0.644411288600419
13276.0,2011-10-07 12:44:00,5,865.82,63,Medium,0,0.46658688155220945
13277.0,2011-11-24 09:21:00,7,30.55,15,Low,0,0.4036608419370512
13278.0,2011-10-30 11:49:00,4,206.4,40,Low,0,0.5444567458359287
13279.0,2011-09-22 17:24:00,1,23.43,77,Medium,0,0.6917078518991656
13280.0,2011-08-09 13:14:00,7,632.43,121,High,1,0.3791790371492002
13281.0,2010-09-26 16:03:00,1,53.660000000000004,438,High,1,0.6906057178372355
13282.0,2011-11-21 15:33:00,4,212.62,17,Low,0,0.5441932426670136
13283.0,2011-10-11 09:50:00,4,49.9,59,Medium,0,0.5510781138607539
13284.0,2011-01-13 09:23:00,1,57.17,330,High,1,0.6904776083864853
13285.0,2011-11-16 13:19:00,6,539.3,22,Low,0,0.43104092193914906
13286.0,2010-04-18 15:35:00,1,202.81,599,High,1,0.6851363392910019
13287.0,2010-04-15 15:26:00,3,161.87,602,High,1,0.5951810776712482
13288.0,2010-09-22 16:32:00,5,47.88,442,High,1,0.5014625704464429
13289.0,2009-12-16 11:53:00,1,70.25,723,High,1,0.6899999514762835
13290.0,2010-09-27 16:29:00,1,208.63,437,High,1,0.6849218604727713
13291.0,2011-07-07 10:36:00,11,1072.69,155,High,1,0.2032151929593312
13292.0,2011-11-01 10:04:00,5,249.2,38,Low,0,0.49286681105244234
13293.0,2010-11-12 13:28:00,6,243.05,391,High,1,0.44349079488002663
13294.0,2011-06-03 08:54:00,3,362.54,189,High,1,0.5868968735726088
13295.0,2010-12-15 11:21:00,4,158.71,359,High,1,0.5464762403263597
13296.0,2011-07-25 13:46:00,6,99.37,136,High,1,0.4495555897428161
13297.0,2011-12-02 09:32:00,7,339.26,7,Low,0,0.3910355319279839
13298.0,2011-12-08 13:11:00,1,7.5,0,Low,0,0.6922877560165009
13299.0,2011-03-16 12:55:00,3,289.47,267,High,1,0.5899193644984393
13300.0,2011-06-23 13:09:00,3,221.38,168,High,1,0.5927297663715491
13301.0,2011-08-28 11:25:00,4,213.65,103,High,1,0.5441496055060164
13302.0,2011-07-07 17:56:00,2,44.45,154,High,1,0.6468001404600561
13303.0,2010-11-04 14:55:00,1,17.54,399,High,1,0.6919223377571067
13304.0,2010-12-23 14:35:00,4,275.39,350,High,1,0.5415327034194571
13305.0,2011-12-05 15:15:00,16,723.46,3,Low,0,0.0907688340937853
13306.0,2010-10-05 14:55:00,1,3.81,429,High,1,0.6924219976213374
13307.0,2011-08-11 17:14:00,3,48.54,119,High,1,0.599836122435175
13308.0,2011-11-17 09:31:00,4,206.63,22,Low,0,0.5444470025918734
13309.0,2011-12-02 16:34:00,6,194.07,6,Low,0,0.44555646300832324
13310.0,2011-11-11 17:23:00,5,308.44,27,Low,0,0.4903380162327496
13311.0,2011-12-05 12:55:00,2,107.14,3,Low,0,0.6443502317503138
13312.0,2010-09-14 14:36:00,1,17.85,450,High,1,0.6919110510916545
13313.0,2011-11-17 16:48:00,12,423.27,21,Low,0,0.18924520514130816
13314.0,2011-12-08 12:29:00,3,197.65,1,Low,0,0.5937078035005825
13315.0,2010-01-19 15:34:00,1,43.3,688,High,1,0.6909836706913489
13316.0,2011-11-02 13:40:00,10,442.46,36,Low,0,0.2574709776853138
13317.0,2011-10-04 13:35:00,19,1278.591,65,Medium,0,0.04753144461895414
13318.0,2011-12-08 18:51:00,3,57.14,0,Low,0,0.5994834962594214
13319.0,2011-12-04 13:34:00,58,3339.19,4,Low,0,1.4651049108786144e-05
13320.0,2011-09-22 18:07:00,6,269.89,77,Medium,0,0.4423596761135522
13321.0,2011-09-28 15:24:00,2,23.37,71,Medium,0,0.6476222189166195
13322.0,2011-11-22 14:21:00,1,69.26,16,Low,0,0.6900361186062687
13323.0,2011-12-06 17:12:00,5,95.55,2,Low,0,0.4994270934394907
13324.0,2011-11-03 16:28:00,18,400.38,35,Low,0,0.0661033209695599
13325.0,2011-09-19 10:36:00,1,36.34,81,Medium,0,0.6912374415787313
13326.0,2010-10-03 16:00:00,1,37.89,431,High,1,0.6911809364911725
13327.0,2011-11-01 10:21:00,20,1017.15,38,Low,0,0.040991529034293823
13328.0,2011-01-27 15:22:00,1,31.919999999999998,315,High,1,0.6913985407932529
13329.0,2011-11-08 10:29:00,8,293.65,31,Low,0,0.34644699876271384
13330.0,2011-09-08 12:27:00,6,266.12,92,High,1,0.4425185195010817
13331.0,2010-11-03 08:04:00,1,142.15,401,High,1,0.6873670734834124
13332.0,2011-11-25 13:30:00,1,63.74,13,Low,0,0.6902377351379174
13333.0,2010-10-24 13:24:00,3,136.98,410,High,1,0.5962049373819441
13334.0,2011-09-18 15:21:00,5,1421.59,81,Medium,0,0.44305410783988003
13336.0,2011-09-23 14:05:00,1,127.62,76,Medium,0,0.6879001246786922
13337.0,2010-06-11 13:27:00,1,301.38,545,High,1,0.6814932338047233
13338.0,2011-07-05 09:06:00,4,684.02,157,High,1,0.5241615264204154
13339.0,2011-05-23 08:31:00,1,282.72,200,High,1,0.6821846225866085
13340.0,2011-10-25 13:15:00,12,1137.61,44,Low,0,0.17123074774934374
13341.0,2011-03-24 09:50:00,1,175.65,260,High,1,0.6861361958336157
13343.0,2011-06-15 12:24:00,1,118.83,177,High,1,0.688222355638524
13344.0,2011-10-03 09:45:00,3,596.01,67,Medium,0,0.5771966198378182
13345.0,2011-02-25 09:01:00,1,112.9,287,High,1,0.6884396395658652
13346.0,2010-09-03 11:41:00,6,11.35,462,High,1,0.45327849091396066
13347.0,2011-09-30 13:28:00,1,60.16,69,Medium,0,0.6903684550332084
13348.0,2011-10-06 17:28:00,1,30.88,63,Medium,0,0.69143643972694
13349.0,2011-11-29 08:07:00,1,64.42,10,Low,0,0.6902129022229656
13350.0,2011-11-23 16:33:00,2,332.63,15,Low,0,0.6354762003822023
13351.0,2011-10-04 12:55:00,1,103.97,65,Medium,0,0.6887666914240281
13352.0,2011-10-10 13:55:00,1,90.71,59,Medium,0,0.6892519775786733
13354.0,2011-09-29 13:17:00,1,94.28,70,Medium,0,0.6891213644900028
13355.0,2011-08-09 14:48:00,1,87.23,121,High,1,0.689379268889753
13356.0,2011-09-20 14:33:00,1,181.28,79,Medium,0,0.6859290769723062
13357.0,2011-03-27 13:56:00,5,1259.3,256,High,1,0.4499042838316144
13358.0,2011-03-16 11:52:00,1,145.19,268,High,1,0.6872554845180383
13359.0,2011-10-07 09:30:00,2,311.85,63,Medium,0,0.6362979575083378
13360.0,2010-10-04 12:37:00,4,229.51,431,High,1,0.5434775927802611
13361.0,2010-08-24 14:56:00,2,150.9,471,High,1,0.6426356010287813
13362.0,2011-11-30 14:41:00,7,1005.28,8,Low,0,0.3643076154461564
13363.0,2011-11-22 12:40:00,3,344.78,17,Low,0,0.5876321157787561
13364.0,2011-09-29 18:13:00,1,25.98,70,Medium,0,0.6916149673259704
13365.0,2011-11-06 12:36:00,2,398.81,33,Low,0,0.6328538250157469
13366.0,2011-10-20 13:37:00,1,0.39,49,Medium,0,0.6925463876003481
13367.0,2010-10-04 10:00:00,1,92.2,431,High,1,0.6891974676565666
13368.0,2011-03-28 09:59:00,4,243.73000000000002,256,High,1,0.5428749347183824
13369.0,2010-12-09 11:30:00,1,183.24,365,High,1,0.6858569542638542
13370.0,2010-12-03 10:26:00,1,290.78000000000003,371,High,1,0.6818860824520591
13371.0,2010-07-22 17:33:00,2,368.38,504,High,1,0.634060598068023
13372.0,2011-09-11 12:46:00,1,138.47,89,Medium,0,0.6875021258149684
13373.0,2011-10-10 10:51:00,6,1181.73,60,Medium,0,0.4043599636991997
13374.0,2010-10-21 10:04:00,2,102.75,414,High,1,0.6445220399946435
13375.0,2011-09-12 10:19:00,2,223.51,88,Medium,0,0.6397824955986336
13376.0,2011-09-01 16:16:00,3,285.13,98,High,1,0.5900986745606844
13377.0,2010-11-08 12:20:00,2,426.28,396,High,1,0.6317630051100387
13379.0,2011-11-13 13:45:00,3,169.78,25,Low,0,0.5948555228203877
13380.0,2010-10-03 10:18:00,1,3.95,432,High,1,0.6924169050379815
13381.0,2011-11-08 11:58:00,12,1056.16,31,Low,0,0.17321397414052023
13382.0,2011-03-04 10:03:00,5,208.48,280,High,1,0.49460525685800577
13383.0,2010-06-14 11:45:00,1,1.06,543,High,1,0.6925220210065335
13384.0,2011-11-09 11:04:00,11,826.72,30,Low,0,0.21010243910566204
13385.0,2011-01-14 09:52:00,1,158.66,329,High,1,0.6867607816336163
13386.0,2010-10-21 12:52:00,2,71.14,413,High,1,0.6457580362254569
13387.0,2010-10-18 14:07:00,1,140.41,416,High,1,0.6874309337147154
13388.0,2011-07-31 12:52:00,3,285.93,130,High,1,0.5900656238137726
13389.0,2011-11-28 14:01:00,3,196.09,10,Low,0,0.5937720733044507
13390.0,2011-09-26 08:38:00,1,39.79,74,Medium,0,0.6911116643871298
13391.0,2011-05-20 10:50:00,1,14.95,203,High,1,0.6920166270616215
13392.0,2010-01-31 13:34:00,1,11.57,676,High,1,0.6921396523334382
13393.0,2010-05-05 09:34:00,4,286.39,583,High,1,0.5410662143395103
13394.0,2011-12-08 11:36:00,19,878.96,1,Low,0,0.05071874495001354
13395.0,2011-06-07 15:04:00,3,154.44,184,High,1,0.5954868007363261
13396.0,2011-11-10 16:59:00,2,167.48,28,Low,0,0.6419849955119745
13397.0,2011-09-28 10:56:00,10,408.13,72,Medium,0,0.25859354990628
13398.0,2011-05-31 13:17:00,2,157.72,191,High,1,0.64236804512465
13399.0,2010-09-01 13:59:00,3,54.15,463,High,1,0.5996061070653099
13400.0,2010-05-06 09:00:00,1,45.3,582,High,1,0.6909107267000856
13402.0,2011-08-04 15:51:00,4,233.34,126,High,1,0.5433152859351799
13403.0,2011-11-22 08:28:00,3,32.8,17,Low,0,0.6004812422803518
13404.0,2011-12-08 15:37:00,2,31.91,0,Low,0,0.6472892807695348
13405.0,2011-09-26 17:01:00,6,212.171,73,Medium,0,0.4447928537489254
13406.0,2010-10-08 14:44:00,2,22.189999999999998,426,High,1,0.6476682108138851
13407.0,2010-05-10 12:41:00,3,213.36,578,High,1,0.5930603950571602
13408.0,2011-12-08 09:05:00,106,2101.812,1,Low,0,1.2542639978245905e-09
13410.0,2011-11-15 15:33:00,9,121.25,23,Low,0,0.30900595722160173
13411.0,2011-08-24 13:57:00,1,58.75,106,High,1,0.6904199313331976
13412.0,2010-03-29 16:28:00,1,163.85,619,High,1,0.686570058736363
13413.0,2010-03-10 12:17:00,6,80.98,639,High,1,0.45033296200586564
13414.0,2011-07-29 11:45:00,6,110.77,133,High,1,0.4490738184574522
13415.0,2010-08-24 11:38:00,4,259.4,472,High,1,0.5422106788729377
13416.0,2011-10-27 08:56:00,3,127.10000000000001,43,Low,0,0.5966111233333591
13417.0,2011-12-05 08:49:00,6,361.69,4,Low,0,0.43849553338616554
13418.0,2011-11-28 10:23:00,31,1631.13,11,Low,0,0.004268789679153935
13419.0,2011-10-07 12:49:00,1,16.19,63,Medium,0,0.6919714866900663
13420.0,2011-07-13 08:48:00,2,28.34,149,High,1,0.6474284772511887
13421.0,2011-10-30 14:21:00,8,623.25,39,Low,0,0.3338131668448981
13422.0,2011-10-06 13:42:00,1,384.89,63,Medium,0,0.6783892531179481
13423.0,2010-10-07 09:02:00,1,26.779999999999998,428,High,1,0.6915858238723703
13424.0,2010-09-16 10:49:00,1,66.88,449,High,1,0.6901230563372853
13425.0,2011-08-23 17:13:00,5,456.2,107,High,1,0.4840329777345514
13426.0,2011-12-09 08:59:00,22,696.28,0,Low,0,0.029404120405591642
13427.0,2011-11-20 13:02:00,6,88.69,18,Low,0,0.45000701925545594
13428.0,2011-11-29 14:20:00,3,266.24,9,Low,0,0.5908788482491525
13429.0,2011-11-29 09:10:00,4,81.79,10,Low,0,0.5497302680510068
13430.0,2011-11-21 08:19:00,2,81.22,18,Low,0,0.6453641042519874
13431.0,2011-10-03 13:49:00,8,462.59,66,Medium,0,0.3399429751041291
13432.0,2010-05-17 13:18:00,2,253.58,570,High,1,0.6385980270907708
13433.0,2010-07-26 16:55:00,4,110.97,500,High,1,0.5484963212716277
13434.0,2011-09-26 14:30:00,5,69.44,73,Medium,0,0.5005419748752992
13435.0,2011-12-04 14:45:00,9,418.7,4,Low,0,0.2982648049521266
13436.0,2011-12-08 10:33:00,1,69.96,1,Low,0,0.6900105461287818
13437.0,2011-11-25 14:00:00,7,816.46,13,Low,0,0.37180849358975904
13438.0,2010-06-10 18:46:00,1,4.65,546,High,1,0.6923914414182842
13439.0,2011-03-29 14:20:00,3,345.4,254,High,1,0.5876064551046701
13440.0,2010-10-12 13:11:00,7,190.15,422,High,1,0.39711660557474826
13441.0,2011-09-09 09:38:00,2,91.05,91,High,1,0.6449797524659291
13442.0,2010-02-10 14:03:00,3,266.38,666,High,1,0.5908730678032607
13443.0,2010-09-17 12:31:00,6,579.63,448,High,1,0.429352419163497
13444.0,2010-11-30 13:02:00,2,136.0,373,High,1,0.6432198345451401
13445.0,2010-03-23 15:34:00,1,13.790000000000001,625,High,1,0.6920588518274976
13446.0,2010-10-05 18:51:00,11,518.77,429,High,1,0.21896451444125617
13447.0,2011-11-16 13:38:00,3,185.25,22,Low,0,0.594218577241766
13448.0,2011-11-23 12:33:00,13,2074.75,16,Low,0,0.12603139113267062
13449.0,2011-11-16 08:28:00,1,36.57,23,Low,0,0.6912290573142938
13450.0,2011-11-13 11:54:00,13,220.69,26,Low,0,0.16522634592439386
13451.0,2011-11-13 15:58:00,11,2150.37,25,Low,0,0.1750307546372942
13452.0,2011-03-25 14:19:00,3,624.95,258,High,1,0.5759898968029535
13453.0,2011-06-27 09:34:00,3,150.77,165,High,1,0.5956377833284608
13454.0,2010-03-08 14:40:00,1,34.19,640,High,1,0.6913158101314503
13455.0,2011-11-15 11:21:00,6,657.17,24,Low,0,0.4261106865993075
13456.0,2011-11-22 09:18:00,6,217.9,17,Low,0,0.4445512241350658
13457.0,2010-01-20 08:48:00,2,14.04,688,High,1,0.6479857919302832
13458.0,2011-12-02 15:29:00,16,1230.94,6,Low,0,0.08386466045723039
13459.0,2010-03-25 10:24:00,2,166.6,624,High,1,0.6420195402173786
13460.0,2011-11-10 17:17:00,2,18.02,28,Low,0,0.6478307195666819
13461.0,2011-11-01 09:01:00,6,112.33,38,Low,0,0.44900789927167883
13462.0,2011-04-01 11:20:00,5,178.98,252,High,1,0.4958647747295606
13464.0,2011-10-12 15:01:00,6,564.47,57,Medium,0,0.42998693474123006
13465.0,2010-09-19 15:13:00,2,78.73,445,High,1,0.6454614331877374
13466.0,2011-06-08 16:39:00,5,150.98,183,High,1,0.4970602981210544
13467.0,2011-11-29 10:01:00,2,270.45,10,Low,0,0.6379327718145497
13468.0,2011-12-08 10:39:00,72,3035.32,1,Low,0,9.447004623955233e-07
13469.0,2010-02-24 15:03:00,1,16.2,652,High,1,0.6919711226398904
13470.0,2011-09-01 14:57:00,2,16.5,98,High,1,0.6478899468632886
13471.0,2011-12-08 15:44:00,4,651.96,0,Low,0,0.5255270891539631
13472.0,2010-09-02 09:41:00,2,73.55,463,High,1,0.6456638700561085
13473.0,2011-10-10 11:20:00,8,298.09,60,Medium,0,0.34627531390963384
13474.0,2011-04-17 13:53:00,3,366.54,235,High,1,0.5867312248772867
13475.0,2011-06-01 13:52:00,4,248.42000000000002,190,High,1,0.5426761401359694
13476.0,2011-06-14 12:00:00,5,741.24,178,High,1,0.47188618766602114
13477.0,2011-11-02 12:04:00,11,396.72,37,Low,0,0.22255043130704452
13478.0,2010-08-27 13:23:00,5,486.28000000000003,468,High,1,0.48274999700759064
13479.0,2011-05-23 10:45:00,4,146.59,200,High,1,0.5469892363470277
13480.0,2010-10-19 11:53:00,2,147.18,416,High,1,0.6427815031543945
13481.0,2011-10-25 09:07:00,11,665.77,45,Low,0,0.2147010019957397
13482.0,2011-04-21 17:03:00,2,54.379999999999995,231,High,1,0.6464125885351031
13483.0,2011-10-05 11:53:00,1,10.559999999999999,65,Medium,0,0.6921764090278737
13484.0,2011-04-12 16:30:00,3,197.9,240,High,1,0.5936975035540938
13485.0,2011-04-20 13:58:00,11,541.79,232,High,1,0.2182928511185771
13486.0,2011-09-22 13:13:00,3,200.79,77,Medium,0,0.5935784301916207
13487.0,2011-10-13 12:07:00,5,221.61,57,Medium,0,0.4940446857349582
13488.0,2011-11-22 14:41:00,23,2519.41,16,Low,0,0.01785098870170119
13489.0,2011-08-26 13:16:00,4,19.84,104,High,1,0.5523479277477459
13490.0,2010-02-23 14:48:00,1,75.25,653,High,1,0.6898172537017696
13491.0,2011-10-19 08:32:00,27,955.03,51,Medium,0,0.010575523839122466
13492.0,2011-07-26 14:25:00,3,225.08,135,High,1,0.5925772036063964
13493.0,2011-03-09 15:35:00,2,103.17,274,High,1,0.6445056043694531
13494.0,2011-02-01 11:58:00,1,65.97,311,High,1,0.6901562936836503
13495.0,2011-12-02 11:21:00,10,329.35,7,Low,0,0.2611816342129946
13496.0,2011-11-29 10:58:00,2,108.78999999999999,10,Low,0,0.6442856472785533
13497.0,2011-03-02 09:04:00,6,211.28,282,High,1,0.44483043542839934
13498.0,2009-12-09 15:26:00,1,38.51,729,High,1,0.6911583328544801
13499.0,2011-11-22 11:21:00,5,89.53,17,Low,0,0.49968414374900555
13500.0,2011-11-16 15:35:00,4,302.43,22,Low,0,0.5403858596447707
13501.0,2011-02-24 18:59:00,3,420.45,287,High,1,0.5844967935930244
13502.0,2011-11-23 10:39:00,5,78.41,16,Low,0,0.5001589612701748
13503.0,2011-09-29 13:23:00,6,613.52,70,Medium,0,0.42793480946807766
13504.0,2011-10-06 13:20:00,1,81.44,63,Medium,0,0.689590991793423
13505.0,2011-09-28 11:56:00,4,708.86,72,Medium,0,0.5231032426426926
13506.0,2011-01-27 13:53:00,5,268.68,315,High,1,0.4920352161152978
13507.0,2011-12-06 13:13:00,4,543.38,2,Low,0,0.53014898719961
13508.0,2011-04-10 11:58:00,2,107.53,243,High,1,0.644334966803844
13509.0,2011-12-01 10:10:00,8,66.28,8,Low,0,0.35529154102996713
13510.0,2011-12-08 13:46:00,11,905.4300000000001,0,Low,0,0.20788006079252425
13511.0,2010-02-01 12:10:00,1,64.99000000000001,676,High,1,0.6901920855518456
13512.0,2011-03-24 10:03:00,4,121.69,260,High,1,0.5480428495343079
13513.0,2011-08-05 11:50:00,3,113.66,126,High,1,0.5971634551008562
13514.0,2011-09-27 09:39:00,4,102.85,73,Medium,0,0.5488397556343078
13515.0,2011-09-28 11:26:00,6,198.02,72,Medium,0,0.4453898061523263
13516.0,2011-11-18 13:15:00,4,218.0,20,Low,0,0.5439653051728464
13517.0,2011-10-11 11:43:00,3,411.95,59,Medium,0,0.5848493300811839
13518.0,2011-09-15 10:29:00,1,104.57,85,Medium,0,0.6887447229525182
13519.0,2011-09-22 18:24:00,2,82.79,77,Medium,0,0.6453027300213976
13520.0,2011-10-12 10:20:00,11,914.26,58,Medium,0,0.20763183031906932
13521.0,2011-12-08 13:50:00,3,790.98,0,Low,0,0.5690497713205989
13522.0,2011-11-09 15:11:00,1,16.35,29,Low,0,0.6919656618586033
13523.0,2011-11-06 15:11:00,6,1292.78,32,Low,0,0.39980009351180595
13524.0,2011-10-30 12:34:00,5,93.56,40,Low,0,0.49951206519270636
13525.0,2011-11-25 12:01:00,2,23.41,14,Low,0,0.6476206598212921
13526.0,2009-12-01 13:13:00,2,45.45,737,High,1,0.6467611207983545
13527.0,2011-11-06 12:04:00,12,1372.46,33,Low,0,0.16561327951651
13529.0,2011-09-22 09:15:00,2,83.98,78,Medium,0,0.6452562075135251
13530.0,2010-03-15 14:10:00,1,36.13,633,High,1,0.6912450966666789
13531.0,2011-05-18 16:56:00,6,412.28,204,High,1,0.436369198756731
13532.0,2011-11-06 12:25:00,1,146.73,33,Low,0,0.6871989476156868
13533.0,2011-06-10 11:54:00,3,146.93,182,High,1,0.5957957402858315
13534.0,2011-12-07 14:52:00,35,1092.33,1,Low,0,0.0021115678757339202
13535.0,2010-11-02 11:49:00,1,8.95,402,High,1,0.6922349963436448
13536.0,2011-12-08 16:38:00,7,576.07,0,Low,0,0.3814476777478643
13537.0,2010-10-10 12:45:00,2,136.1,425,High,1,0.6432159149322545
13538.0,2011-10-27 16:34:00,12,621.88,42,Low,0,0.184095265259612
13539.0,2011-09-15 10:18:00,7,350.12,85,Medium,0,0.39059392885038224
13540.0,2010-08-29 14:20:00,3,177.52,466,High,1,0.5945368839418753
13541.0,2010-10-08 16:37:00,2,35.019999999999996,426,High,1,0.6471679995890319
13542.0,2010-11-28 11:24:00,17,1863.78,376,High,1,0.06305780297813886
13543.0,2010-03-15 13:34:00,2,216.19,633,High,1,0.6400705763782825
13544.0,2011-10-31 11:57:00,6,669.96,39,Low,0,0.42557657399718096
13545.0,2010-11-14 11:27:00,2,142.85,390,High,1,0.6429512967531296
13546.0,2011-11-27 14:50:00,5,345.03000000000003,11,Low,0,0.48877632719085573
13547.0,2010-10-27 14:14:00,1,136.24,407,High,1,0.6875839491053752
13548.0,2011-09-04 14:50:00,3,517.02,95,High,1,0.5804855728720677
13549.0,2011-11-14 09:20:00,8,187.44,25,Low,0,0.3505657398215602
13550.0,2010-11-21 15:24:00,1,73.72,382,High,1,0.6898731655128312
13551.0,2011-01-24 14:46:00,2,36.95,318,High,1,0.6470927255257718
13552.0,2011-10-04 15:19:00,22,757.53,65,Medium,0,0.029107023619376497
13553.0,2010-02-03 12:21:00,1,330.65,674,High,1,0.6804071127339334
13554.0,2010-11-24 15:05:00,7,804.6,379,High,1,0.3722817436522505
13555.0,2011-09-27 12:36:00,13,1107.45,73,Medium,0,0.1453806308322634
13556.0,2010-10-06 16:44:00,2,18.59,428,High,1,0.6478085081582803
13557.0,2011-11-11 15:24:00,13,371.91,27,Low,0,0.16169470686961163
13558.0,2011-12-04 11:24:00,4,386.66,5,Low,0,0.5368107361564967
13559.0,2010-07-15 09:52:00,2,5.5,512,High,1,0.6483184298223166
13560.0,2011-12-02 13:11:00,1,98.52,6,Low,0,0.68896619944305
13561.0,2011-05-08 12:39:00,11,544.05,215,High,1,0.21822699035038204
13562.0,2011-09-19 10:51:00,8,832.33,81,Medium,0,0.3259195078264357
13563.0,2011-09-16 14:45:00,2,417.13,83,Medium,0,0.6321264973784625
13564.0,2011-07-18 14:33:00,37,4479.43,143,High,1,0.0007954837467808816
13565.0,2011-11-20 14:33:00,3,116.14,18,Low,0,0.5970615552338889
13566.0,2011-10-30 11:59:00,5,666.8100000000001,40,Low,0,0.4750553478182222
13567.0,2010-10-07 12:51:00,4,523.63,427,High,1,0.5309891483775384
13568.0,2011-06-19 14:42:00,1,132.05,172,High,1,0.687737657207255
13569.0,2011-11-22 13:07:00,4,589.15,16,Low,0,0.5282012912681469
13570.0,2011-04-10 13:36:00,1,56.77,242,High,1,0.69049220923164
13571.0,2011-11-27 10:47:00,26,1294.48,12,Low,0,0.012163998194760554
13572.0,2011-05-18 11:59:00,1,148.58,205,High,1,0.6871310225465241
13573.0,2011-10-20 14:33:00,6,263.78,49,Medium,0,0.4426171178649273
13574.0,2010-10-24 13:28:00,1,214.6,410,High,1,0.684701771909818
13575.0,2011-11-16 13:14:00,5,98.8,22,Low,0,0.49928832054907774
13576.0,2011-11-29 15:34:00,28,981.4,9,Low,0,0.008640579573698424
13577.0,2011-11-14 15:19:00,11,549.98,24,Low,0,0.2180542467961902
13578.0,2010-10-26 13:44:00,1,17.73,408,High,1,0.6919154201506528
13579.0,2011-11-25 08:41:00,5,330.65,14,Low,0,0.4893900520901516
13580.0,2010-10-29 15:01:00,1,46.150000000000006,405,High,1,0.6908797226225224
13581.0,2011-02-03 14:41:00,2,93.19,308,High,1,0.6448960539089692
13582.0,2010-11-15 11:34:00,2,31.490000000000002,389,High,1,0.6473056581243828
13583.0,2011-07-07 10:40:00,2,228.721,155,High,1,0.6395773537668986
13584.0,2011-02-06 12:49:00,3,200.35999999999999,306,High,1,0.5935961476864356
13585.0,2010-06-27 12:33:00,3,58.74,530,High,1,0.5994178800075866
13586.0,2010-06-16 13:47:00,1,81.04,540,High,1,0.6896056156609929
13587.0,2011-10-07 12:31:00,4,116.19,63,Medium,0,0.5482755176214339
13588.0,2011-11-24 10:42:00,9,239.51,15,Low,0,0.30470985993145366
13589.0,2011-11-25 12:10:00,6,368.07,14,Low,0,0.4382272511590004
13590.0,2011-11-28 12:54:00,18,956.94,10,Low,0,0.06047149947192262
13591.0,2011-10-06 12:26:00,7,429.48,64,Medium,0,0.38737237265788677
13592.0,2011-11-04 09:49:00,4,100.16,35,Low,0,0.5489535185977474
13593.0,2011-08-23 13:35:00,14,1601.84,107,High,1,0.11352157385908508
13594.0,2011-10-18 10:19:00,2,82.42999999999999,52,Medium,0,0.6453168035160566
13595.0,2010-07-11 12:36:00,3,465.05,516,High,1,0.5826456040768858
13596.0,2011-12-04 12:01:00,2,378.97,5,Low,0,0.6336408167694069
13597.0,2010-11-04 14:54:00,2,37.910000000000004,399,High,1,0.6470552807858415
13598.0,2011-10-23 14:28:00,5,283.88,46,Medium,0,0.49138636338003566
13599.0,2011-12-08 16:10:00,33,1055.6,0,Low,0,0.003163547856151821
13600.0,2011-01-31 15:27:00,2,114.67,311,High,1,0.644055449008884
13601.0,2011-10-25 17:31:00,4,424.61,44,Low,0,0.5351986971166366
13602.0,2011-10-06 11:47:00,4,167.92000000000002,64,Medium,0,0.5460863480740031
13603.0,2011-11-13 15:57:00,1,57.02,25,Low,0,0.6904830837479522
13604.0,2010-02-19 12:02:00,1,115.81,658,High,1,0.688333023241182
13605.0,2010-11-17 17:16:00,2,102.19,386,High,1,0.6445439536314523
13606.0,2011-11-10 17:46:00,3,97.56,28,Low,0,0.5978247781350732
13607.0,2011-10-30 16:17:00,2,406.1,39,Low,0,0.6325644748606006
13608.0,2010-06-17 12:28:00,1,79.95,540,High,1,0.6896454637772265
13609.0,2010-04-25 13:26:00,1,92.35,592,High,1,0.6891919797896666
13610.0,2011-11-27 15:38:00,14,1305.09,11,Low,0,0.11872292304400345
13611.0,2011-09-11 14:51:00,10,610.09,88,Medium,0,0.25203546204946325
13612.0,2010-03-17 12:14:00,1,169.98,632,High,1,0.6863447113102612
13613.0,2010-09-13 12:01:00,5,234.35,452,High,1,0.4935007795383958
13614.0,2011-11-15 14:47:00,6,1072.39,23,Low,0,0.4088658146072372
13615.0,2011-01-25 08:21:00,8,1688.54,318,High,1,0.29464338041796106
13616.0,2010-05-20 12:59:00,2,110.5,567,High,1,0.6442187087381145
13617.0,2011-10-30 13:50:00,8,371.81,39,Low,0,0.34343060258406893
13618.0,2011-06-19 11:09:00,1,13.46,173,High,1,0.6920708634583002
13619.0,2010-06-13 11:39:00,2,154.99,544,High,1,0.6424751566094025
13620.0,2010-06-29 15:02:00,1,12.52,527,High,1,0.6921050769811398
13621.0,2011-08-15 08:26:00,1,21.45,116,High,1,0.6917799633418413
13622.0,2010-01-12 13:22:00,1,110.73,695,High,1,0.6885191308381545
13623.0,2011-11-09 12:00:00,10,995.22,30,Low,0,0.2398385090911078
13624.0,2010-11-16 13:43:00,1,61.33,387,High,1,0.6903257370732238
13625.0,2010-04-22 10:50:00,1,113.71000000000001,596,High,1,0.688409964862229
13626.0,2011-04-01 10:05:00,2,164.01,252,High,1,0.6421212030075881
13627.0,2011-10-11 14:20:00,7,387.55,58,Medium,0,0.3890732799708645
13628.0,2010-02-01 14:44:00,1,66.17,675,High,1,0.6901489889407965
13629.0,2011-11-16 13:21:00,19,184.27,22,Low,0,0.056745588685905395
13630.0,2011-12-04 15:16:00,7,142.22,4,Low,0,0.39907817773143317
13631.0,2011-09-01 09:57:00,11,67.77,99,High,1,0.23242276213894858
13632.0,2011-11-15 10:51:00,8,740.28,24,Low,0,0.32938295974558796
13634.0,2011-11-06 13:40:00,16,1622.27,32,Low,0,0.07887015991938726
13635.0,2011-10-03 10:55:00,4,371.64,67,Medium,0,0.5374485447197457
13636.0,2011-11-03 10:30:00,5,238.48,36,Low,0,0.4933244615384691
13637.0,2011-10-18 13:32:00,3,238.95,51,Medium,0,0.5920051407323362
13638.0,2011-11-24 10:38:00,1,23.94,15,Low,0,0.6916892762251335
13639.0,2011-09-26 13:36:00,2,94.19,73,Medium,0,0.6448569393940471
13640.0,2010-04-07 15:33:00,1,15.0,610,High,1,0.6920148069563788
13641.0,2010-03-09 07:37:00,5,152.42000000000002,640,High,1,0.49699881312412064
13642.0,2011-05-08 12:34:00,4,330.87,215,High,1,0.5391791763924271
13643.0,2011-11-08 15:37:00,10,388.16,30,Low,0,0.2592480224308721
13644.0,2011-11-23 14:07:00,4,444.28000000000003,15,Low,0,0.5343628637981971
13645.0,2011-08-11 16:11:00,1,16.849999999999998,119,High,1,0.691947458866388
13646.0,2010-11-05 12:13:00,2,255.55,399,High,1,0.6385203690283011
13647.0,2011-11-30 12:00:00,8,460.45,9,Low,0,0.34002499301230865
13648.0,2010-11-04 14:46:00,8,307.82,399,High,1,0.3458992166176853
13649.0,2011-03-28 11:51:00,6,457.97,256,High,1,0.43445082092843823
13650.0,2011-11-23 12:22:00,10,547.04,16,Low,0,0.2540709416975217
13651.0,2011-11-04 14:59:00,3,106.8,34,Low,0,0.5974452795686286
13652.0,2011-10-25 08:51:00,5,441.61,45,Low,0,0.48465535142842003
13653.0,2010-08-09 08:19:00,1,25.05,487,High,1,0.6916488446726308
13654.0,2011-10-27 16:24:00,11,754.08,42,Low,0,0.2121688607000466
13655.0,2011-08-17 14:25:00,6,400.31,113,High,1,0.43687209835709395
13656.0,2011-06-28 10:31:00,4,194.14,164,High,1,0.5449760536661539
13657.0,2011-11-29 12:32:00,2,47.89,10,Low,0,0.6466659046147943
13658.0,2011-11-30 10:13:00,9,1008.48,9,Low,0,0.2776181080101518
13659.0,2011-05-18 12:37:00,12,1077.54,205,High,1,0.17269164131734738
13660.0,2010-11-04 16:10:00,1,205.17,399,High,1,0.6850493780087705
13661.0,2010-04-15 14:58:00,1,68.77,602,High,1,0.690054018649121
13662.0,2011-09-15 12:04:00,11,540.83,85,Medium,0,0.21832083170894181
13663.0,2011-06-13 15:44:00,5,379.48,178,High,1,0.4873061746557665
13665.0,2010-11-18 13:06:00,3,215.0,385,High,1,0.5929927920474052
13666.0,2011-10-10 15:39:00,5,74.15,59,Medium,0,0.5003408607588754
13667.0,2011-07-13 15:42:00,1,211.83,148,High,1,0.6848039003685576
13668.0,2011-12-07 12:11:00,35,2628.54,2,Low,0,0.001625047518711115
13669.0,2011-10-20 09:32:00,3,31.01,50,Medium,0,0.6005545852161838
13670.0,2011-09-25 15:25:00,1,46.92,74,Medium,0,0.6908516350923798
13671.0,2010-11-10 10:50:00,1,146.0,394,High,1,0.687225748270068
13672.0,2011-02-11 13:53:00,3,67.67,300,High,1,0.5990515938794732
13673.0,2011-11-21 12:11:00,2,214.62,18,Low,0,0.6401323510627926
13674.0,2010-10-03 10:41:00,1,58.489999999999995,432,High,1,0.6904294229013803
13675.0,2011-07-11 12:57:00,2,47.57,150,High,1,0.6466783926464618
13676.0,2010-06-18 17:30:00,2,49.85,538,High,1,0.6465894110526739
13677.0,2010-10-31 11:32:00,2,375.02,404,High,1,0.6337974161844934
13678.0,2011-07-11 10:14:00,1,6.3,151,High,1,0.6923314153941589
13679.0,2010-08-03 12:13:00,3,148.02,493,High,1,0.5957509055612995
13680.0,2011-12-08 13:47:00,12,1756.8,0,Low,0,0.1567401333395383
13681.0,2011-11-22 11:13:00,4,165.44,17,Low,0,0.5461913409288178
13682.0,2011-06-05 14:06:00,1,21.25,186,High,1,0.6917872468058935
13683.0,2010-09-08 10:00:00,1,17.3,457,High,1,0.6919310756631463
13684.0,2011-02-27 10:13:00,4,243.97,285,High,1,0.5428647621922483
13685.0,2011-12-07 11:41:00,7,27.330000000000002,2,Low,0,0.403793236699638
13686.0,2011-06-10 09:10:00,3,50.43,182,High,1,0.5997586355364868
13687.0,2010-09-27 16:30:00,1,6.8100000000000005,437,High,1,0.6923128605791873
13688.0,2010-03-14 14:11:00,1,22.75,634,High,1,0.6917326184994959
13689.0,2011-10-07 13:21:00,2,15.45,62,Medium,0,0.6479308578005708
13690.0,2011-10-11 15:03:00,1,53.75,58,Medium,0,0.6906024333451566
13691.0,2010-11-08 17:34:00,1,113.61,395,High,1,0.6884136284895972
13692.0,2011-11-15 11:17:00,5,227.46,24,Low,0,0.49379493106152694
13693.0,2010-11-30 18:21:00,9,442.95,373,High,1,0.2973986299427052
13694.0,2011-12-06 09:32:00,143,2539.62,3,Low,0,7.241183596694638e-13
13695.0,2011-11-08 14:26:00,16,245.66,30,Low,0,0.09773255637114224
13696.0,2010-10-14 09:44:00,3,111.25999999999999,421,High,1,0.597262059889594
13697.0,2011-11-01 09:14:00,1,16.72,38,Low,0,0.6919521917017757
13698.0,2010-04-22 11:52:00,2,138.32,596,High,1,0.6431288945888942
13699.0,2011-07-07 16:51:00,2,210.75,154,High,1,0.6402846038636935
13700.0,2011-11-13 13:00:00,13,376.43,25,Low,0,0.16159008921070028
13701.0,2010-09-19 12:39:00,1,20.45,446,High,1,0.6918163797077526
13702.0,2010-09-20 11:40:00,1,11.89,445,High,1,0.6921280061397463
13703.0,2011-01-25 13:10:00,2,126.91,317,High,1,0.6435760472072944
13704.0,2011-12-04 15:13:00,9,446.06,4,Low,0,0.2972876502333589
13705.0,2011-12-02 12:32:00,7,504.39,7,Low,0,0.3843404667801985
13706.0,2011-02-10 09:21:00,2,167.17,302,High,1,0.6419971648377919
13707.0,2011-03-17 18:03:00,5,455.96,266,High,1,0.48404321515184534
13708.0,2011-03-13 13:46:00,1,104.93,270,High,1,0.6887315414616764
13709.0,2011-12-06 10:28:00,18,1455.31,3,Low,0,0.05581252552281076
13710.0,2011-11-08 08:16:00,3,24.72,31,Low,0,0.6008122740509485
13711.0,2011-05-05 10:31:00,9,389.77,218,High,1,0.29930003752046713
13712.0,2011-04-07 12:33:00,2,91.79,246,High,1,0.6449508109773566
13713.0,2010-10-27 16:18:00,3,233.81,407,High,1,0.5922171672432971
13714.0,2010-08-31 13:57:00,1,109.05,464,High,1,0.6885806648400175
13715.0,2011-03-03 19:21:00,17,1256.46,280,High,1,0.06947118848610218
13716.0,2011-03-15 13:49:00,1,29.81,268,High,1,0.6914754292090991
13717.0,2011-11-07 14:13:00,8,287.93,31,Low,0,0.34666823728583845
13718.0,2011-04-07 13:24:00,2,66.35,245,High,1,0.6459451628198646
13719.0,2011-11-24 15:26:00,11,781.87,14,Low,0,0.21137655718421322
13720.0,2011-08-15 12:46:00,4,136.7,116,High,1,0.5474077705969597
13721.0,2011-11-03 14:05:00,2,95.63,35,Low,0,0.6448006110923296
13722.0,2011-07-31 12:44:00,10,628.52,131,High,1,0.2514425220253857
13723.0,2011-05-06 17:04:00,6,197.93,216,High,1,0.4453936032605767
13724.0,2010-03-12 15:28:00,1,90.18,636,High,1,0.6892713657481513
13725.0,2011-10-21 10:03:00,8,450.95,49,Medium,0,0.34038920695623476
13726.0,2011-11-01 10:49:00,2,45.199999999999996,38,Low,0,0.6467708758971917
13727.0,2011-11-11 09:46:00,8,496.63,28,Low,0,0.33863964660863205
13728.0,2011-11-03 10:49:00,16,816.14,36,Low,0,0.08947086063941212
13729.0,2010-09-30 10:44:00,3,140.52,435,High,1,0.5960593689955653
13730.0,2011-07-27 08:35:00,2,139.24,135,High,1,0.6430928293356566
13731.0,2011-05-04 14:33:00,2,163.0,218,High,1,0.6421608441068071
13732.0,2011-11-11 15:49:00,1,52.14,27,Low,0,0.6906611863513885
13733.0,2010-10-25 12:18:00,2,81.72,410,High,1,0.6453445588378333
13734.0,2010-07-19 12:04:00,4,210.43,508,High,1,0.5442860223359924
13735.0,2011-11-15 11:14:00,13,2222.17,24,Low,0,0.1232840032751254
13736.0,2011-12-04 15:19:00,7,1392.83,4,Low,0,0.3491201775246409
13737.0,2011-05-23 16:32:00,1,115.46000000000001,199,High,1,0.6883458475666814
13738.0,2010-11-08 15:23:00,1,240.6,395,High,1,0.6837422962557814
13739.0,2011-11-21 13:35:00,2,26.5,17,Low,0,0.6475002102044733
13740.0,2011-04-13 10:32:00,5,319.61,240,High,1,0.4898612507276416
13741.0,2011-09-29 09:19:00,3,177.67,71,Medium,0,0.5945307079822099
13742.0,2011-11-23 11:07:00,12,1317.24,16,Low,0,0.166920682640883
13743.0,2011-12-07 10:09:00,7,45.93,2,Low,0,0.4030286657597389
13744.0,2011-09-05 15:19:00,2,122.92,94,High,1,0.643732354458502
13745.0,2011-06-30 16:43:00,2,49.95,161,High,1,0.6465855081185865
13746.0,2010-10-22 11:55:00,1,31.17,413,High,1,0.6914258720141783
13747.0,2010-12-01 10:37:00,2,33.4,373,High,1,0.6472311773620203
13748.0,2011-09-05 09:45:00,9,186.37,95,High,1,0.30663615845277264
13750.0,2011-10-17 12:16:00,11,304.77,53,Medium,0,0.22527954674991255
13751.0,2011-02-24 15:56:00,1,31.770000000000003,287,High,1,0.691404007144661
13752.0,2011-08-07 14:16:00,7,329.53000000000003,123,High,1,0.39143133717755585
13753.0,2011-02-25 12:48:00,4,150.73,287,High,1,0.5468140162007727
13754.0,2011-07-11 11:51:00,3,58.9,151,High,1,0.5994113181862654
13755.0,2011-12-06 12:26:00,9,1050.93,3,Low,0,0.2761664218059413
13756.0,2011-12-07 16:44:00,23,983.5,1,Low,0,0.023081895292196272
13757.0,2010-02-03 12:37:00,1,27.77,674,High,1,0.6915497567360607
13758.0,2011-11-28 11:11:00,15,1040.04,11,Low,0,0.1035087732770004
13759.0,2011-11-06 14:47:00,2,84.07,32,Low,0,0.6452526888927801
13760.0,2011-10-16 16:13:00,5,321.49,53,Medium,0,0.4897810090840883
13761.0,2011-10-20 14:01:00,6,348.89,49,Medium,0,0.439033888161352
13762.0,2011-05-05 09:15:00,5,42.17,218,High,1,0.5017063816906866
13763.0,2011-10-07 15:13:00,3,123.53,62,Medium,0,0.5967578604119185
13764.0,2011-09-30 12:03:00,6,976.41,70,Medium,0,0.4128337918841113
13765.0,2010-02-24 13:46:00,1,67.681,652,High,1,0.6900937985420272
13766.0,2010-08-01 14:25:00,1,35.26,494,High,1,0.6912768094836544
13767.0,2011-12-07 15:00:00,73,2953.62,1,Low,0,7.846987274816385e-07
13768.0,2009-12-13 10:41:00,2,113.74000000000001,726,High,1,0.6440918623560595
13769.0,2011-12-07 15:08:00,20,979.24,1,Low,0,0.041246824720186856
13770.0,2010-10-13 15:10:00,4,165.66,421,High,1,0.5461820272124644
13771.0,2011-10-06 14:18:00,9,614.95,63,Medium,0,0.29129693992449335
13772.0,2011-11-06 11:43:00,8,1673.71,33,Low,0,0.29517006947626123
13773.0,2010-11-08 11:49:00,2,50.120000000000005,396,High,1,0.6465788730857865
13774.0,2011-09-19 12:06:00,1,72.4,81,Medium,0,0.6899213986956342
13775.0,2010-04-28 12:15:00,1,196.88,590,High,1,0.6853547906524516
13776.0,2010-10-07 16:11:00,2,623.98,427,High,1,0.6238732160811283
13777.0,2011-12-09 12:25:00,61,881.9,0,Low,0,1.2251478846501418e-05
13778.0,2011-08-28 15:25:00,4,169.68,102,High,1,0.5460118345283601
13779.0,2010-07-12 11:24:00,1,108.75,515,High,1,0.688591652353952
13780.0,2011-12-02 13:49:00,3,254.3,6,Low,0,0.5913717451145412
13781.0,2011-04-03 12:08:00,3,218.81,250,High,1,0.5928357251225943
13782.0,2011-11-27 11:54:00,13,913.03,12,Low,0,0.1495551482576536
13783.0,2010-08-09 09:23:00,4,5.59,487,High,1,0.5529496480057328
13784.0,2011-11-30 09:33:00,14,135.56,9,Low,0,0.1412645337540248
13785.0,2010-10-07 09:25:00,4,168.92,428,High,1,0.5460440110852205
13786.0,2010-12-07 13:53:00,6,315.85,366,High,1,0.4404241768216858
13787.0,2011-09-25 12:06:00,6,253.48,75,Medium,0,0.443051172874661
13788.0,2010-07-22 15:50:00,1,3.75,504,High,1,0.6924241801427155
13789.0,2010-11-16 15:31:00,1,18.64,387,High,1,0.6918822872619967
13790.0,2011-12-05 15:48:00,1,34.73,3,Low,0,0.691296127902371
13791.0,2011-08-04 11:44:00,2,13.709999999999999,127,High,1,0.6479986482888794
13792.0,2011-10-04 14:31:00,3,93.55,65,Medium,0,0.5979894375106349
13793.0,2010-03-03 08:25:00,1,13.55,646,High,1,0.6920675875847816
13794.0,2010-06-11 12:30:00,1,32.99,546,High,1,0.6913595459314507
13795.0,2010-11-16 17:25:00,4,52.96,387,High,1,0.5509488137381973
13796.0,2010-07-28 14:45:00,1,50.55,498,High,1,0.6907192034605512
13797.0,2010-09-29 10:34:00,3,288.8,436,High,1,0.5899470475672043
13798.0,2011-12-08 15:51:00,110,1657.9,0,Low,0,6.091313024560917e-10
13799.0,2011-08-15 12:07:00,9,275.06,116,High,1,0.30342499296282777
13800.0,2011-02-03 12:27:00,3,195.12,309,High,1,0.5938120343197669
13801.0,2011-10-04 10:15:00,1,90.95,66,Medium,0,0.689243197811707
13802.0,2011-07-24 10:54:00,19,1292.51,138,High,1,0.0474239332060417
13803.0,2011-03-29 12:57:00,3,213.97,254,High,1,0.5930352504467591
13804.0,2011-11-09 12:32:00,9,504.68,30,Low,0,0.2952002867290049
13805.0,2011-10-18 14:50:00,2,7.71,51,Medium,0,0.648232362846305
13806.0,2011-10-07 11:43:00,1,52.33,63,Medium,0,0.6906542530873808
13807.0,2010-12-07 15:48:00,3,210.8,366,High,1,0.5931659146611974
13808.0,2011-12-04 12:18:00,5,285.24,5,Low,0,0.4913283095173466
13809.0,2011-02-07 13:15:00,3,149.7,304,High,1,0.5956817993694089
13810.0,2011-11-11 08:33:00,3,744.73,28,Low,0,0.5709858901585
13811.0,2011-06-09 09:54:00,3,341.25,183,High,1,0.5877782069895456
13812.0,2011-10-28 14:27:00,3,129.1,41,Low,0,0.5965289101295626
13813.0,2011-10-31 10:38:00,8,579.51,39,Low,0,0.3354765709642874
13814.0,2011-09-08 13:48:00,3,246.63,91,High,1,0.5916882746701063
13815.0,2011-11-17 14:19:00,8,962.77,21,Low,0,0.32104404417544197
13816.0,2011-11-16 08:38:00,2,132.78,23,Low,0,0.6433460358277241
13817.0,2011-11-10 17:49:00,2,77.27,28,Low,0,0.6455184959600272
13818.0,2010-10-06 12:35:00,1,6.72,429,High,1,0.6923161350034737
13819.0,2011-02-11 10:38:00,6,211.79,301,High,1,0.44480892395211824
13820.0,2010-10-17 13:46:00,3,256.99,417,High,1,0.5912607148301882
13821.0,2011-07-18 09:49:00,6,744.71,144,High,1,0.4224585124376355
13822.0,2011-12-04 12:13:00,2,171.89,5,Low,0,0.641811857228556
13823.0,2011-11-21 10:22:00,7,766.29,18,Low,0,0.3738120986034722
13824.0,2011-11-07 12:41:00,12,286.38,32,Low,0,0.19285859747711723
13825.0,2010-03-28 11:02:00,2,110.3,621,High,1,0.6442265380984246
13826.0,2011-06-16 13:48:00,1,57.3,175,High,1,0.6904728630299873
13827.0,2011-10-13 12:38:00,3,348.21,57,Medium,0,0.5874901483405683
13828.0,2011-11-17 16:02:00,1,28.57,21,Low,0,0.6915206098685358
13829.0,2010-10-14 18:19:00,1,8.5,420,High,1,0.6922513705728908
13830.0,2010-05-07 12:24:00,1,78.95,581,High,1,0.6896820192072569
13831.0,2011-11-23 15:41:00,18,840.08,15,Low,0,0.06161548564947754
13832.0,2011-11-20 15:36:00,2,148.49,18,Low,0,0.6427301266606803
13833.0,2011-07-03 13:27:00,2,207.34,158,High,1,0.6404187360345766
13834.0,2010-05-12 10:27:00,2,91.59,576,High,1,0.6449586331058763
13835.0,2011-11-14 15:37:00,7,266.63,24,Low,0,0.3939934630899286
13836.0,2010-11-05 13:31:00,2,125.06,398,High,1,0.6436485242994817
13837.0,2011-05-12 12:10:00,2,41.760000000000005,211,High,1,0.6469050936379489
13838.0,2011-12-04 11:00:00,10,1474.55,5,Low,0,0.22523184501659205
13839.0,2010-08-10 13:52:00,1,39.45,485,High,1,0.6911240610791667
13840.0,2010-10-19 13:34:00,1,114.98,415,High,1,0.6883634347434877
13841.0,2011-04-01 12:10:00,1,0.85,252,High,1,0.6925296584126595
13842.0,2011-10-12 10:51:00,18,1469.41,58,Medium,0,0.055685752608508825
13843.0,2010-11-23 17:48:00,1,70.5,380,High,1,0.6899908179951116
13844.0,2011-11-28 13:21:00,1,49.21,10,Low,0,0.690768093716352
13845.0,2011-10-06 08:25:00,1,17.59,64,Medium,0,0.6919205173427097
13846.0,2011-11-15 12:07:00,4,255.64,24,Low,0,0.5423700801387071
13847.0,2009-12-20 10:41:00,1,112.69,719,High,1,0.6884473327549956
13848.0,2011-09-08 12:58:00,8,4.23,91,High,1,0.3577228182923723
13849.0,2011-10-19 10:59:00,5,804.18,51,Medium,0,0.46920801792544997
13850.0,2011-08-02 14:04:00,1,224.93,128,High,1,0.6843207528298156
13851.0,2011-09-05 12:36:00,8,373.15000000000003,95,High,1,0.34337899769527863
13852.0,2010-04-08 09:06:00,1,41.15,610,High,1,0.6910620748674777
13853.0,2011-10-13 14:18:00,1,104.56,56,Medium,0,0.6887450891006743
13854.0,2011-12-01 09:06:00,39,792.16,8,Low,0,0.0010017226208534932
13855.0,2010-07-27 09:53:00,4,229.99,500,High,1,0.5434572519577304
13856.0,2011-06-24 10:03:00,11,193.37,168,High,1,0.22861762743792202
13857.0,2010-11-11 12:54:00,6,274.89,392,High,1,0.4421490266843343
13858.0,2011-10-13 16:17:00,1,47.69,56,Medium,0,0.6908235461522244
13859.0,2011-01-17 16:14:00,2,156.76,325,High,1,0.6424057123233755
13860.0,2011-12-08 12:57:00,5,267.11,0,Low,0,0.49210223733900815
13861.0,2010-10-06 14:20:00,2,58.19,428,High,1,0.6462638392372525
13862.0,2011-11-21 16:24:00,9,278.46,17,Low,0,0.30330226866560367
13863.0,2011-04-06 10:20:00,4,307.27,247,High,1,0.5401805358993185
13864.0,2010-11-18 12:50:00,1,3.45,386,High,1,0.6924350926204914
13865.0,2011-10-12 13:31:00,4,117.07,57,Medium,0,0.5482382921429392
13866.0,2011-09-26 14:54:00,1,23.630000000000003,73,Medium,0,0.6917005673950518
13867.0,2011-11-08 15:48:00,3,240.59,30,Low,0,0.5919374830384851
13868.0,2011-12-02 16:32:00,2,61.19,6,Low,0,0.6461466938769413
13869.0,2011-08-08 13:53:00,10,2569.21,122,High,1,0.19428578229752191
13870.0,2011-12-07 13:23:00,15,588.21,1,Low,0,0.11089213262787023
13871.0,2011-11-17 10:49:00,17,1484.1,22,Low,0,0.06699945424852718
13872.0,2010-06-30 15:35:00,3,241.49,526,High,1,0.5919003523351646
13873.0,2011-08-12 10:08:00,8,276.33,119,High,1,0.3471171062824199
13874.0,2010-12-16 18:20:00,7,260.33,357,High,1,0.39425040701700537
13875.0,2011-10-17 09:36:00,14,904.3100000000001,53,Medium,0,0.12607392129944964
13876.0,2011-10-07 10:22:00,1,35.8,63,Medium,0,0.6912571258784136
13877.0,2011-09-14 15:49:00,3,56.21,85,Medium,0,0.5995216340664212
13878.0,2011-10-16 12:19:00,4,473.63,54,Medium,0,0.5331153427689949
13879.0,2010-03-04 10:49:00,1,81.81,645,High,1,0.6895774643786332
13880.0,2011-11-18 13:44:00,17,579.4,20,Low,0,0.07732921637877474
13881.0,2011-12-06 12:50:00,43,1272.86,3,Low,0,0.000415661375579323
13882.0,2011-12-07 11:16:00,5,219.82,2,Low,0,0.4941211069953502
13883.0,2011-11-29 10:45:00,15,1013.36,10,Low,0,0.10393239248009724
13884.0,2011-12-02 16:30:00,10,652.77,6,Low,0,0.2506637504105774
13885.0,2011-06-03 15:07:00,2,110.9,188,High,1,0.644203049786071
13886.0,2011-09-29 13:17:00,1,60.88,70,Medium,0,0.6903421674424209
13887.0,2011-05-19 17:22:00,1,73.23,203,High,1,0.6898910707369287
13888.0,2011-08-12 10:13:00,7,744.13,119,High,1,0.37469847201071665
13889.0,2011-09-08 09:13:00,6,243.02,92,High,1,0.443492059500844
13890.0,2011-12-08 15:36:00,14,559.88,0,Low,0,0.13269936257058648
13891.0,2010-11-26 15:57:00,3,256.75,377,High,1,0.5912706212563307
13892.0,2011-11-13 11:50:00,6,34.88,26,Low,0,0.45228273462203133
13893.0,2011-02-15 11:30:00,1,130.2,297,High,1,0.6878055104121489
13894.0,2011-11-16 09:44:00,3,72.11,23,Low,0,0.598869435029509
13895.0,2011-11-11 16:57:00,6,709.28,27,Low,0,0.42393565664381866
13896.0,2010-03-24 08:55:00,1,68.15,625,High,1,0.6900766668668645
13897.0,2011-10-20 14:30:00,3,131.81,49,Medium,0,0.5964175025884385
13898.0,2011-01-18 10:28:00,2,93.38,325,High,1,0.644888622300093
13899.0,2011-11-23 13:40:00,2,57.59,15,Low,0,0.6462872662027801
13900.0,2011-06-09 19:26:00,6,276.64,182,High,1,0.44207530429736924
13901.0,2011-09-28 14:48:00,15,1148.43,71,Medium,0,0.10180345302534255
13902.0,2010-03-17 13:09:00,5,52.1,631,High,1,0.5012823802468083
13903.0,2010-11-04 17:44:00,1,31.8,399,High,1,0.6914029138786681
13904.0,2011-11-02 13:41:00,2,34.42,36,Low,0,0.6471913993642564
13905.0,2009-12-07 11:41:00,1,58.0,732,High,1,0.6904473104204479
13906.0,2010-10-26 15:00:00,1,0.42,408,High,1,0.6925452965817964
13907.0,2010-01-17 12:22:00,1,8.45,691,High,1,0.6922531899018266
13908.0,2011-09-21 11:49:00,4,349.84,79,Medium,0,0.538374040337786
13909.0,2010-10-12 17:22:00,2,136.73,422,High,1,0.6431912209301511
13911.0,2011-10-13 15:43:00,20,540.83,56,Medium,0,0.04431182475130286
13912.0,2010-10-12 08:43:00,1,34.65,423,High,1,0.6912990438319869
13913.0,2010-07-21 10:11:00,1,30.39,506,High,1,0.6914542950620823
13914.0,2011-11-28 10:35:00,2,84.22,11,Low,0,0.6452468244899546
13915.0,2010-11-10 15:17:00,1,5.9,393,High,1,0.6923459677551934
13916.0,2010-09-02 10:04:00,4,382.32,463,High,1,0.5369950421764771
13917.0,2011-10-21 09:56:00,2,36.4,49,Medium,0,0.6471141774275729
13918.0,2011-10-21 12:25:00,2,65.56,49,Medium,0,0.6459760207438435
13919.0,2011-10-11 14:24:00,4,222.95,58,Medium,0,0.5437555694604338
13920.0,2010-10-04 12:37:00,4,219.69,431,High,1,0.5438937001838492
13921.0,2010-11-02 16:32:00,4,237.15,401,High,1,0.5431538175191274
13922.0,2010-12-23 10:38:00,3,91.77,351,High,1,0.5980625211257767
13923.0,2011-10-17 12:33:00,1,59.49,53,Medium,0,0.6903929159913198
13924.0,2011-12-08 09:39:00,6,305.09,1,Low,0,0.44087714926129074
13925.0,2011-09-08 12:47:00,4,242.48999999999998,92,High,1,0.5429274922002693
13926.0,2011-11-16 13:16:00,1,71.87,22,Low,0,0.6899407638872386
13927.0,2011-09-26 12:00:00,2,109.8,74,Medium,0,0.6442461111616804
13928.0,2011-11-29 10:33:00,4,155.72,10,Low,0,0.5466028054896244
13929.0,2011-06-23 15:26:00,11,205.9,168,High,1,0.22824043745144215
13930.0,2011-10-13 09:45:00,2,27.89,57,Medium,0,0.6474460212506645
13931.0,2011-09-05 10:12:00,11,644.04,95,High,1,0.2153274289405627
13932.0,2011-02-18 12:02:00,1,97.65,294,High,1,0.6889980410182617
13933.0,2011-08-22 14:03:00,2,79.59,108,High,1,0.6454278189322715
13934.0,2011-03-21 08:39:00,1,98.8,263,High,1,0.6889559511993811
13935.0,2010-04-22 11:21:00,3,315.14,596,High,1,0.5888583035743538
13936.0,2011-06-13 08:47:00,3,135.54999999999998,179,High,1,0.5962637356301427
13937.0,2011-06-23 16:35:00,2,132.96,168,High,1,0.6433389816225422
13938.0,2011-11-04 14:37:00,1,7.09,34,Low,0,0.6923026733576017
13939.0,2011-11-16 13:33:00,7,196.71,22,Low,0,0.39684838808881556
13940.0,2011-11-22 15:15:00,4,152.95,16,Low,0,0.5467200527906868
13941.0,2011-11-18 09:43:00,15,343.23,21,Low,0,0.11508520506499266
13942.0,2010-06-23 12:35:00,1,0.32,534,High,1,0.6925489333019302
13943.0,2010-05-11 11:30:00,1,66.08,577,High,1,0.6901522760868242
13944.0,2010-02-24 15:02:00,1,63.68,652,High,1,0.6902399262247904
13945.0,2010-11-10 10:00:00,2,171.85,394,High,1,0.641813427810122
13946.0,2011-09-21 13:33:00,6,108.53,78,Medium,0,0.4491684747752886
13947.0,2011-10-05 14:42:00,1,14.65,64,Medium,0,0.6920275475677226
13948.0,2010-12-14 10:18:00,4,84.44,360,High,1,0.549618231422969
13949.0,2011-12-07 09:35:00,6,233.06,2,Low,0,0.44391195399623623
13950.0,2011-11-28 14:44:00,4,160.64,10,Low,0,0.5463945412265705
13951.0,2011-06-16 16:43:00,3,136.08,175,High,1,0.5962419435947998
13952.0,2011-05-06 09:00:00,14,1527.191,217,High,1,0.11481098654520032
13953.0,2011-12-02 16:04:00,12,52.11,6,Low,0,0.19916379936063724
13954.0,2011-12-08 12:50:00,2,136.27,1,Low,0,0.6432092515463413
13955.0,2011-07-08 17:19:00,3,256.15999999999997,153,High,1,0.5912949742388167
13956.0,2011-12-04 13:20:00,5,520.25,4,Low,0,0.48130137316075317
13957.0,2010-10-18 10:02:00,3,141.5,417,High,1,0.5960190674130665
13958.0,2010-11-25 10:11:00,8,942.34,379,High,1,0.321805119091682
13959.0,2011-09-21 15:06:00,6,390.11,78,Medium,0,0.4373007368464086
13960.0,2011-11-18 15:27:00,2,25.26,20,Low,0,0.6475485482266661
13961.0,2010-11-12 14:40:00,1,61.949999999999996,391,High,1,0.6903030988882674
13962.0,2011-11-18 08:47:00,3,136.06,21,Low,0,0.5962427659426506
13963.0,2011-02-04 14:43:00,17,610.6,307,High,1,0.07694985873363624
13964.0,2010-11-17 13:53:00,2,69.18,386,High,1,0.6458346111692583
13965.0,2010-08-20 10:40:00,3,84.51,476,High,1,0.5983605585728744
13966.0,2010-09-30 13:08:00,1,34.17,434,High,1,0.6913165390895588
13967.0,2011-07-17 12:02:00,2,28.099999999999998,145,High,1,0.6474378341003899
13968.0,2010-10-12 13:22:00,1,8.01,422,High,1,0.6922691997388574
13969.0,2011-12-02 15:11:00,35,2987.82,6,Low,0,0.00152847360136113
13970.0,2010-11-18 13:21:00,2,42.33,385,High,1,0.6468828556713409
13971.0,2011-11-21 12:06:00,14,603.8100000000001,18,Low,0,0.13183820142329983
13972.0,2011-09-30 11:54:00,2,38.19,70,Medium,0,0.6470443590631938
13973.0,2011-02-25 15:21:00,1,41.32,286,High,1,0.6910558758680011
13974.0,2011-10-21 14:41:00,2,115.65,48,Medium,0,0.6440170761516164
13975.0,2011-11-08 13:19:00,12,1506.81,30,Low,0,0.16246666431758092
13976.0,2011-05-17 09:13:00,4,260.8,206,High,1,0.5421513251280979
13977.0,2010-10-24 14:08:00,1,32.66,410,High,1,0.6913715726750549
13978.0,2011-11-25 11:36:00,2,18.16,14,Low,0,0.6478252641922659
13979.0,2011-09-27 13:32:00,7,1036.77,72,Medium,0,0.36306295175769604
13980.0,2011-10-10 13:34:00,5,236.01,59,Medium,0,0.49342991060557434
13981.0,2010-10-20 10:03:00,1,74.7,415,High,1,0.6898373533574909
13982.0,2011-10-31 16:24:00,9,576.51,38,Low,0,0.292654188902766
13983.0,2011-11-10 11:06:00,21,1213.72,29,Low,0,0.032747576096523345
13984.0,2011-11-13 12:38:00,12,183.42,26,Low,0,0.1956107972589557
13985.0,2011-12-05 17:06:00,22,1191.65,3,Low,0,0.027083240393982102
13986.0,2011-11-22 15:00:00,1,24.2,16,Low,0,0.6916798060349235
13987.0,2010-11-25 10:20:00,2,88.33,379,High,1,0.6450861228760315
13988.0,2011-11-20 10:15:00,8,881.12,19,Low,0,0.32409139559706235
13989.0,2011-10-05 09:47:00,5,158.10999999999999,65,Medium,0,0.49675586289623735
13990.0,2011-05-10 15:19:00,1,42.56,212,High,1,0.6910106575561639
13991.0,2011-11-27 16:18:00,6,125.37,11,Low,0,0.4484569527697708
13992.0,2011-11-09 15:23:00,3,21.45,29,Low,0,0.6009462174293565
13993.0,2011-10-28 09:06:00,19,1276.17,42,Low,0,0.0475501682334339
13994.0,2011-12-06 11:05:00,6,590.83,3,Low,0,0.42888379672408844
13995.0,2011-11-24 14:22:00,14,550.95,14,Low,0,0.13287499925392232
13996.0,2010-11-18 16:27:00,2,119.25,385,High,1,0.6438760987574084
13997.0,2010-07-08 18:06:00,3,203.74,518,High,1,0.5934568733722575
13998.0,2010-09-19 10:20:00,3,148.85,446,High,1,0.5957167642861658
13999.0,2011-11-29 13:40:00,29,1200.65,9,Low,0,0.006829999385162451
14000.0,2011-05-12 16:50:00,5,100.51,210,High,1,0.49921530470171077
14001.0,2011-10-25 10:31:00,9,376.21,45,Low,0,0.29978597708737287
14002.0,2011-07-28 15:55:00,2,113.34,133,High,1,0.6441075234981526
14003.0,2009-12-07 08:53:00,1,47.15,732,High,1,0.6908432450371539
14004.0,2011-10-27 14:40:00,11,747.8,42,Low,0,0.21234820619555955
14005.0,2011-11-30 12:41:00,5,185.24,9,Low,0,0.49559749584064927
14006.0,2011-08-16 09:39:00,7,143.5,115,High,1,0.39902575033080334
14007.0,2010-07-15 09:06:00,1,31.79,512,High,1,0.6914032783009041
14008.0,2010-10-03 13:09:00,1,68.16,431,High,1,0.6900763015802637
14009.0,2011-05-25 15:47:00,3,169.47,197,High,1,0.5948682831801089
14010.0,2010-05-23 13:00:00,2,69.95,564,High,1,0.6458045290470854
14011.0,2010-08-16 15:31:00,2,41.06,479,High,1,0.6469324025512634
14012.0,2011-03-07 12:26:00,1,31.15,277,High,1,0.6914266008283888
14013.0,2011-08-21 15:01:00,5,184.73,109,High,1,0.4956192708657098
14014.0,2011-09-23 13:18:00,3,159.18,76,Medium,0,0.5952917719524474
14015.0,2011-10-18 10:02:00,1,62.14,52,Medium,0,0.6902961611973186
14016.0,2011-07-01 11:29:00,11,1571.98,161,High,1,0.18975594871381535
14017.0,2010-05-17 14:52:00,1,65.15,570,High,1,0.6901862421371718
14018.0,2010-03-04 14:23:00,1,34.17,644,High,1,0.6913165390895588
14019.0,2011-10-24 10:13:00,3,159.38,46,Medium,0,0.5952835422277565
14020.0,2011-11-23 09:22:00,4,266.74,16,Low,0,0.5418994823802034
14021.0,2011-07-07 15:46:00,7,344.15,154,High,1,0.3908366664169466
14022.0,2011-04-28 14:39:00,2,83.79,224,High,1,0.6452636356612744
14023.0,2011-12-02 13:58:00,2,89.0,6,Low,0,0.6450599226718015
14024.0,2011-08-10 11:30:00,3,161.91,121,High,1,0.5951794315865514
14025.0,2010-09-01 10:11:00,8,411.41,464,High,1,0.34190712705634196
14026.0,2010-08-26 10:31:00,2,119.68,470,High,1,0.6438592581227403
14027.0,2011-10-10 09:01:00,1,12.86,60,Medium,0,0.692092702120738
14028.0,2010-06-07 13:33:00,3,13.049999999999999,549,High,1,0.6012902228926368
14029.0,2011-10-07 14:46:00,2,65.49,62,Medium,0,0.645978754931649
14030.0,2011-11-21 16:48:00,20,3420.7,17,Low,0,0.027570391895112713
14031.0,2011-12-02 17:13:00,44,3422.18,6,Low,0,0.00023590507022554897
14032.0,2011-12-07 15:23:00,16,529.9,1,Low,0,0.09353440157008817
14033.0,2010-06-02 15:10:00,1,0.19,554,High,1,0.6925536610023438
14034.0,2011-11-17 14:02:00,3,209.55,21,Low,0,0.5932174347823586
14035.0,2011-11-11 10:03:00,9,442.3,28,Low,0,0.29742182807732326
14036.0,2011-02-28 09:26:00,1,166.13,284,High,1,0.6864862530049147
14037.0,2011-06-16 13:57:00,6,263.76,175,High,1,0.44261796060548914
14038.0,2011-09-22 13:37:00,5,373.14,77,Medium,0,0.48757671819698745
14039.0,2011-11-06 13:48:00,2,29.450000000000003,32,Low,0,0.6473852003526284
14040.0,2011-10-30 12:42:00,35,2986.4700000000003,40,Low,0,0.0015288255337975933
14041.0,2011-03-18 13:25:00,1,39.29,265,High,1,0.6911298947213808
14042.0,2009-12-14 15:07:00,1,78.54,724,High,1,0.6896970062489677
14043.0,2010-08-05 18:18:00,2,110.42,490,High,1,0.6442218404914958
14044.0,2011-11-13 12:05:00,10,2127.51,26,Low,0,0.20636821320251653
14045.0,2011-08-22 15:27:00,16,133.41,108,High,1,0.09943625141488002
14046.0,2011-02-28 14:48:00,1,7.57,283,High,1,0.6922852091132355
14047.0,2011-12-01 11:43:00,14,677.25,8,Low,0,0.13040914303744836
14048.0,2011-02-07 14:53:00,3,364.63,304,High,1,0.5868103245804754
14049.0,2011-11-23 12:20:00,13,3164.9,16,Low,0,0.10690918423807795
14050.0,2011-11-08 10:00:00,2,83.09,31,Low,0,0.6452910019170823
14051.0,2011-12-09 10:20:00,37,1450.35,0,Low,0,0.001333778810683272
14052.0,2011-11-20 12:30:00,2,377.65,19,Low,0,0.6336931518690584
14053.0,2011-08-07 14:27:00,4,12.18,123,High,1,0.5526713979477867
14054.0,2011-10-05 15:49:00,1,9.08,64,Medium,0,0.6922302659206678
14055.0,2011-08-25 15:04:00,3,139.7,105,High,1,0.5960930897320239
14056.0,2011-12-08 13:36:00,23,3126.45,0,Low,0,0.016121237619013663
14057.0,2011-11-16 10:32:00,22,924.28,23,Low,0,0.02831287408371994
14058.0,2010-09-03 09:31:00,2,86.28,462,High,1,0.6451662822762445
14059.0,2011-03-18 10:06:00,1,18.5,266,High,1,0.6918873847581251
14060.0,2011-12-05 12:29:00,30,412.19,4,Low,0,0.006403843406157951
14061.0,2010-07-20 17:22:00,3,164.44,506,High,1,0.5950753123811113
14062.0,2011-11-30 10:04:00,24,1014.78,9,Low,0,0.018886899691260197
14063.0,2010-09-27 16:18:00,9,13443.55,437,High,1,0.043931890386864056
14064.0,2011-11-10 13:14:00,15,365.94,28,Low,0,0.11469077355475156
14065.0,2010-11-15 16:13:00,3,180.09,388,High,1,0.5944310650330873
14066.0,2011-03-18 12:21:00,1,30.55,266,High,1,0.6914484648114786
14067.0,2011-10-07 10:21:00,2,148.85,63,Medium,0,0.642716007354733
14068.0,2011-01-23 16:02:00,4,503.66,319,High,1,0.5318384897167808
14069.0,2010-07-13 12:12:00,2,175.97,514,High,1,0.6416516419272703
14070.0,2010-01-24 12:27:00,1,200.25,684,High,1,0.6852306554988933
14071.0,2011-12-06 12:27:00,8,778.84,3,Low,0,0.3279298265611796
14072.0,2010-02-11 12:31:00,1,122.1,666,High,1,0.6881025025777372
14073.0,2011-11-07 15:49:00,1,27.84,31,Low,0,0.6915472064460582
14074.0,2010-03-26 13:55:00,1,5.9,622,High,1,0.6923459677551934
14075.0,2011-12-05 08:38:00,6,184.4,4,Low,0,0.44596450746812916
14076.0,2011-08-02 15:19:00,1,92.42,128,High,1,0.689189418766907
14077.0,2011-10-30 12:35:00,6,145.77,40,Low,0,0.44759529680283755
14078.0,2011-08-30 12:16:00,9,449.35,101,High,1,0.2971702732733032
14079.0,2011-08-07 12:10:00,2,282.90999999999997,124,High,1,0.6374410816802781
14080.0,2011-11-07 11:09:00,5,663.49,32,Low,0,0.47519675905679376
14081.0,2011-02-10 16:17:00,10,2552.41,301,High,1,0.19473534901573503
14082.0,2010-12-10 11:02:00,2,148.63,364,High,1,0.6427246358489255
14083.0,2011-12-05 13:14:00,11,720.05,3,Low,0,0.21314202160662193
14084.0,2010-07-15 14:36:00,1,6.22,511,High,1,0.6923343258969614
14085.0,2011-12-07 13:46:00,33,2923.18,1,Low,0,0.002301543902309273
14086.0,2010-09-03 10:52:00,1,39.95,462,High,1,0.6911058305544882
14087.0,2011-12-07 12:41:00,3,431.14,2,Low,0,0.5840533043527903
14088.0,2011-11-29 16:16:00,16,3970.25,9,Low,0,0.054226797038371154
14089.0,2011-10-14 10:38:00,1,30.9,56,Medium,0,0.6914357109255973
14090.0,2011-01-19 10:51:00,1,1.06,324,High,1,0.6925220210065335
14091.0,2010-02-23 15:17:00,2,40.84,653,High,1,0.6469409851544409
14092.0,2011-12-02 12:13:00,24,1128.54,7,Low,0,0.01853020483037602
14093.0,2011-11-27 16:27:00,1,156.42,11,Low,0,0.686843077985635
14094.0,2010-09-26 11:58:00,1,125.94,439,High,1,0.6879617255466004
14095.0,2009-12-17 12:49:00,1,2.95,722,High,1,0.6924532796052314
14096.0,2011-12-05 17:17:00,17,33332.45,3,Low,0,0.000311641365280193
14097.0,2010-08-15 14:20:00,2,87.0,480,High,1,0.6451381296589626
14098.0,2011-11-03 10:13:00,1,35.8,36,Low,0,0.6912571258784136
14099.0,2011-11-23 13:53:00,20,1339.05,15,Low,0,0.03888392553630998
14100.0,2011-07-25 11:01:00,1,88.10000000000001,137,High,1,0.6893474487477227
14101.0,2011-09-27 12:28:00,13,145.17,73,Medium,0,0.1670131023340277
14102.0,2011-12-04 15:38:00,5,163.88,4,Low,0,0.4965094984128667
14103.0,2010-02-12 14:58:00,1,0.0,664,High,1,0.6925605706456145
14104.0,2011-07-08 12:50:00,5,451.24,154,High,1,0.48424455373608805
14105.0,2011-04-14 17:58:00,5,776.03,238,High,1,0.470405622994581
14106.0,2009-12-02 14:09:00,1,8.95,736,High,1,0.6922349963436448
14107.0,2011-10-19 12:12:00,11,648.71,51,Medium,0,0.21519269157011434
14108.0,2011-11-09 10:41:00,4,146.37,30,Low,0,0.5469985472371
14109.0,2011-09-28 10:18:00,1,22.2,72,Medium,0,0.6917526495017393
14110.0,2011-12-06 12:26:00,33,1082.2,3,Low,0,0.0031492529274409504
14111.0,2011-11-25 13:44:00,4,36.8,13,Low,0,0.5516315753536035
14112.0,2011-11-17 12:30:00,13,786.76,22,Low,0,0.15231895424819936
14113.0,2011-12-06 12:18:00,16,325.98,3,Low,0,0.09652950715899608
14114.0,2011-03-11 09:42:00,7,278.17,273,High,1,0.3935229591705833
14115.0,2010-07-26 12:36:00,2,48.230000000000004,501,High,1,0.6466526358617758
14116.0,2011-11-20 10:29:00,5,234.12,19,Low,0,0.4935105987485482
14117.0,2011-07-19 09:49:00,1,3.75,143,High,1,0.6924241801427155
14118.0,2010-10-07 11:59:00,1,78.3,428,High,1,0.6897057789666801
14119.0,2010-11-29 10:33:00,2,36.25,375,High,1,0.6471200278433469
14121.0,2011-12-06 12:19:00,4,364.78,3,Low,0,0.537739806793608
14122.0,2010-10-29 15:11:00,3,63.18,405,High,1,0.5992357762400511
14123.0,2009-12-06 15:35:00,1,78.59,732,High,1,0.6896951785822715
14124.0,2011-09-16 13:32:00,1,1.79,83,Medium,0,0.6924954711074919
14125.0,2011-11-29 12:47:00,3,527.94,10,Low,0,0.5800313091799908
14126.0,2011-12-02 11:45:00,4,120.88,7,Low,0,0.5480771165191948
14127.0,2011-08-09 10:49:00,6,476.33,122,High,1,0.4336804922926104
14128.0,2011-10-10 12:00:00,3,121.02,60,Medium,0,0.5968610181338679
14129.0,2011-12-08 11:02:00,9,264.72,1,Low,0,0.30379839135575964
14130.0,2011-01-24 16:05:00,4,507.87,318,High,1,0.5316594499622959
14131.0,2010-03-01 11:59:00,1,109.47,648,High,1,0.6885652819637778
14132.0,2011-12-07 13:35:00,11,343.55,1,Low,0,0.2241256539690538
14133.0,2011-08-02 11:34:00,4,233.96,129,High,1,0.5432890108541393
14134.0,2010-11-22 12:26:00,15,603.74,382,High,1,0.11063088018012868
14135.0,2011-12-08 11:38:00,24,546.11,1,Low,0,0.020428756107556234
14136.0,2010-11-04 11:53:00,5,301.38,400,High,1,0.4906393650547597
14137.0,2010-01-13 12:30:00,1,9.65,695,High,1,0.6922095243586269
14138.0,2011-12-08 12:44:00,2,108.65,1,Low,0,0.6442911273770797
14139.0,2011-10-24 13:34:00,4,136.2,45,Low,0,0.5474289282884847
14140.0,2011-12-06 09:05:00,2,120.38,3,Low,0,0.6438318423749005
14141.0,2011-12-07 09:53:00,4,140.78,2,Low,0,0.5472351174382009
14142.0,2010-12-01 16:33:00,2,144.56,372,High,1,0.6428842462933274
14143.0,2011-07-29 09:48:00,1,38.4,133,High,1,0.6911623432438992
14144.0,2010-08-10 15:17:00,1,2.55,485,High,1,0.692467828762604
14145.0,2011-10-24 12:10:00,7,119.55,46,Medium,0,0.40000709846951427
14146.0,2011-12-01 10:18:00,12,1303.63,8,Low,0,0.1672441815390211
14147.0,2011-09-22 18:10:00,9,96.17999999999999,77,Medium,0,0.30992098046842725
14148.0,2011-04-20 12:02:00,2,53.620000000000005,233,High,1,0.646442256921182
14149.0,2011-05-03 09:44:00,1,83.16,220,High,1,0.6895281048462174
14150.0,2011-11-04 10:05:00,2,43.74,35,Low,0,0.6468278432321103
14151.0,2010-02-04 15:35:00,2,128.84,672,High,1,0.643500428961529
14152.0,2011-09-25 12:54:00,7,196.84,74,Medium,0,0.3968430734291989
14153.0,2010-08-13 14:35:00,1,15.43,482,High,1,0.6919991538048889
14154.0,2011-04-14 16:26:00,8,1129.53,238,High,1,0.3148675380466276
14155.0,2011-03-18 14:13:00,1,32.7,265,High,1,0.6913701149017691
14156.0,2011-11-30 10:54:00,156,24053.55,9,Low,0,1.372500762970359e-15
14157.0,2011-11-20 11:32:00,5,225.23,19,Low,0,0.4938901363306877
14158.0,2011-10-30 15:08:00,1,63.0,39,Low,0,0.6902647579455888
14159.0,2011-11-20 12:36:00,20,2965.05,19,Low,0,0.029735379153927266
14160.0,2010-04-08 14:30:00,7,269.62,609,High,1,0.39387153718780754
14161.0,2011-05-08 11:41:00,7,860.09,215,High,1,0.37006964452955565
14162.0,2011-06-19 11:36:00,2,97.23,173,High,1,0.6447380193847619
14163.0,2011-09-13 15:18:00,5,257.52,86,Medium,0,0.49251162783030134
14164.0,2011-09-30 12:24:00,2,45.07,70,Medium,0,0.6467759485002664
14165.0,2011-03-09 12:39:00,1,80.94,275,High,1,0.6896092715686891
14166.0,2010-07-22 19:42:00,2,174.2,504,High,1,0.6417211509813348
14167.0,2011-10-31 14:29:00,8,491.82,38,Low,0,0.3388236647204273
14168.0,2010-10-15 10:49:00,2,45.35,420,High,1,0.6467650228525613
14169.0,2010-10-05 08:45:00,2,260.67,430,High,1,0.6383185030576852
14170.0,2010-11-29 13:10:00,3,385.6,374,High,1,0.5859416398050495
14171.0,2011-09-02 16:43:00,2,186.95,97,High,1,0.6412203172459954
14172.0,2010-04-13 13:26:00,3,291.39,604,High,1,0.5898400307582992
14173.0,2011-11-29 11:54:00,6,147.41,10,Low,0,0.44752604001641216
14174.0,2011-11-06 13:17:00,1,50.37,32,Low,0,0.6907257710565278
14175.0,2011-10-11 11:55:00,8,1421.96,59,Medium,0,0.30419372572634273
14176.0,2011-02-15 13:12:00,5,166.89000000000001,296,High,1,0.49638097965081224
14177.0,2011-09-14 15:11:00,13,843.16,85,Medium,0,0.15107932432706328
14178.0,2011-12-01 12:01:00,7,556.92,8,Low,0,0.3822197007241486
14179.0,2011-10-30 12:07:00,2,464.24,40,Low,0,0.6302534136080232
14180.0,2011-11-29 10:56:00,33,3070.98,10,Low,0,0.002244299926753951
14181.0,2010-10-25 08:27:00,2,143.35,410,High,1,0.6429316919346096
14182.0,2010-09-22 11:45:00,4,246.59,443,High,1,0.5427537097918412
14183.0,2010-10-24 14:45:00,2,188.72,410,High,1,0.6411507653610249
14184.0,2011-10-04 12:43:00,1,130.04,66,Medium,0,0.6878113784191277
14185.0,2011-01-12 13:52:00,1,179.2,330,High,1,0.6860056055378313
14186.0,2010-10-08 13:30:00,5,153.06,426,High,1,0.4969714864878419
14187.0,2010-08-23 12:06:00,1,38.4,473,High,1,0.6911623432438992
14188.0,2011-11-09 12:45:00,6,128.38,30,Low,0,0.4483297966877665
14189.0,2011-12-07 15:55:00,16,777.6,1,Low,0,0.09000856403533389
14190.0,2010-02-11 14:27:00,1,39.95,665,High,1,0.6911058305544882
14191.0,2011-12-08 09:23:00,15,533.96,1,Low,0,0.1118089913597092
14192.0,2010-11-16 17:44:00,1,23.44,387,High,1,0.6917074876762258
14193.0,2011-10-03 09:34:00,3,170.96,67,Medium,0,0.5948069499561728
14194.0,2011-12-05 10:38:00,36,3086.52,4,Low,0,0.0012314433301207437
14195.0,2011-05-22 10:29:00,6,55.4,201,High,1,0.45141466869089936
14196.0,2011-08-25 10:25:00,1,19.59,106,High,1,0.6918476958740822
14197.0,2010-10-25 10:01:00,1,93.5,410,High,1,0.6891499043760868
14198.0,2011-11-21 16:35:00,9,479.86,17,Low,0,0.29608304707493094
14199.0,2011-05-05 13:44:00,4,88.9,217,High,1,0.5494296603078906
14200.0,2010-04-01 13:01:00,1,83.25,616,High,1,0.6895248140573178
14201.0,2011-10-10 13:27:00,10,154.1,59,Medium,0,0.26699869126319004
14202.0,2010-11-23 17:13:00,3,245.17999999999998,380,High,1,0.5917481054876186
14203.0,2010-11-07 13:35:00,1,86.34,396,High,1,0.6894118186762471
14204.0,2011-12-07 13:38:00,4,624.69,1,Low,0,0.5266883271386373
14205.0,2011-11-23 10:55:00,9,464.66,16,Low,0,0.296624412191026
14206.0,2011-04-14 16:38:00,3,160.60999999999999,238,High,1,0.5952329282431973
14207.0,2010-01-21 09:33:00,1,8.9,687,High,1,0.692236815726345
14208.0,2011-09-06 12:48:00,2,94.89,94,High,1,0.6448295580819355
14209.0,2011-11-29 10:18:00,15,1191.6,10,Low,0,0.10113121554264985
14210.0,2011-08-26 12:36:00,16,1171.45,105,High,1,0.0846486333167371
14211.0,2011-10-17 13:23:00,18,654.79,52,Medium,0,0.06347087616824068
14212.0,2011-09-11 12:45:00,2,32.54,89,Medium,0,0.6472647140883664
14213.0,2010-10-31 10:37:00,1,24.45,404,High,1,0.6916706999307586
14214.0,2011-11-09 10:31:00,5,156.83,30,Low,0,0.4968105158936088
14215.0,2011-11-28 12:19:00,9,538.87,11,Low,0,0.29398677699417897
14216.0,2011-12-06 14:56:00,5,364.18,2,Low,0,0.4879590760189128
14217.0,2011-12-08 11:53:00,23,1018.92,1,Low,0,0.02294587377114855
14218.0,2011-10-28 10:00:00,1,17.28,42,Low,0,0.6919318038157769
14219.0,2011-12-05 16:23:00,3,167.29,3,Low,0,0.5949580137013474
14220.0,2011-04-06 13:23:00,4,148.07,246,High,1,0.5469265985959003
14221.0,2011-10-28 13:42:00,17,1155.56,41,Low,0,0.07059354580032495
14222.0,2011-06-15 16:42:00,1,69.98,176,High,1,0.6900098154694944
14223.0,2011-09-08 13:38:00,3,233.99,91,High,1,0.5922097427699722
14224.0,2011-08-21 13:24:00,9,971.67,109,High,1,0.2788807162940094
14225.0,2010-10-01 10:32:00,4,250.99,434,High,1,0.5425672000224601
14226.0,2011-11-11 11:34:00,6,268.02,28,Low,0,0.44243846433269857
14227.0,2011-11-13 15:48:00,15,982.65,25,Low,0,0.10442189583186445
14228.0,2010-09-28 09:45:00,3,180.47,437,High,1,0.5944154179127736
14229.0,2011-10-19 10:04:00,7,283.08,51,Medium,0,0.39332283059121426
14230.0,2010-09-30 09:07:00,3,181.48,435,High,1,0.5943738285819122
14231.0,2011-06-09 11:05:00,4,222.41,183,High,1,0.5437784504753889
14232.0,2011-10-28 11:09:00,5,209.74,42,Low,0,0.49455146191258065
14233.0,2011-10-21 15:54:00,7,227.17000000000002,48,Medium,0,0.39560379032211385
14234.0,2011-11-17 17:53:00,4,252.98,21,Low,0,0.5424828428183228
14235.0,2011-09-25 14:37:00,9,316.98,74,Medium,0,0.30191383512627407
14236.0,2011-09-20 09:13:00,5,145.49,80,Medium,0,0.4972947104715108
14237.0,2010-12-01 13:20:00,2,180.07999999999998,372,High,1,0.641490216589607
14238.0,2011-01-17 14:40:00,3,42.94,325,High,1,0.6000656839105593
14239.0,2011-10-27 14:40:00,21,778.89,42,Low,0,0.03518343586363335
14240.0,2011-11-09 13:45:00,3,194.27,29,Low,0,0.5938470506831905
14241.0,2011-06-09 11:46:00,2,22.05,183,High,1,0.6476736672980168
14242.0,2011-04-19 11:46:00,2,59.53,234,High,1,0.6462115164786829
14243.0,2011-12-01 11:12:00,17,1377.16,8,Low,0,0.06815028526790987
14244.0,2010-02-17 11:40:00,1,19.96,660,High,1,0.691834222856039
14245.0,2011-05-04 08:40:00,2,337.93,219,High,1,0.6352664821123528
14246.0,2011-08-21 11:50:00,3,223.01,110,High,1,0.5926625584902403
14247.0,2011-03-06 15:21:00,5,455.78,277,High,1,0.48405089322360506
14248.0,2011-01-25 14:45:00,3,119.29,317,High,1,0.5969321138878457
14249.0,2010-10-25 12:34:00,12,1166.161,410,High,1,0.1705398367325243
14250.0,2011-12-02 14:30:00,3,276.08,6,Low,0,0.5904725043961401
14251.0,2011-12-08 08:32:00,5,161.4,1,Low,0,0.4966153879727782
14252.0,2010-11-23 13:36:00,1,126.33,380,High,1,0.6879474259372567
14253.0,2010-08-03 14:55:00,2,70.75,492,High,1,0.6457732736721881
14254.0,2010-10-03 11:52:00,1,56.99,432,High,1,0.6904841788138328
14255.0,2010-06-11 15:54:00,1,1000.63,545,High,1,0.6550274561383441
14256.0,2011-03-24 13:17:00,5,542.09,259,High,1,0.4803701880518407
14257.0,2011-10-06 16:54:00,9,569.42,63,Medium,0,0.29290492898032927
14258.0,2011-11-30 15:27:00,25,1198.84,8,Low,0,0.015050508236183964
14259.0,2011-07-21 10:44:00,1,14.15,141,High,1,0.6920457479336661
14260.0,2010-08-25 14:55:00,3,156.10999999999999,470,High,1,0.5954180915006649
14261.0,2011-10-20 10:04:00,2,263.33,50,Medium,0,0.6382136080955597
14262.0,2011-12-01 14:17:00,8,298.97,7,Low,0,0.346241291032431
14263.0,2010-10-12 14:09:00,1,37.74,422,High,1,0.6911864049754608
14264.0,2011-07-08 10:20:00,6,448.37,154,High,1,0.43485373348092615
14265.0,2011-08-22 13:32:00,4,377.19,108,High,1,0.5372128839486257
14266.0,2010-10-07 13:32:00,1,1.69,427,High,1,0.6924991081553002
14267.0,2011-06-30 10:09:00,3,241.51,162,High,1,0.5918995271965072
14268.0,2010-08-26 10:45:00,1,65.25,470,High,1,0.6901825899721558
14269.0,2010-09-26 12:53:00,1,78.97,438,High,1,0.6896812881218668
14270.0,2011-01-12 09:33:00,1,132.55,331,High,1,0.6877193171211874
14271.0,2011-04-28 12:47:00,2,96.89,225,High,1,0.6447513205369917
14272.0,2011-09-27 10:08:00,4,148.22,73,Medium,0,0.5469202500922062
14273.0,2011-10-19 13:20:00,4,72.06,50,Medium,0,0.5501415893863176
14274.0,2010-01-22 12:51:00,1,25.0,685,High,1,0.6916506659769317
14275.0,2010-11-09 09:06:00,6,44.74,395,High,1,0.4518655864559774
14276.0,2011-09-02 09:45:00,7,255.26,98,High,1,0.39445722817668216
14277.0,2011-11-24 15:01:00,9,1471.5,14,Low,0,0.26204043232318514
14278.0,2010-10-26 12:07:00,1,33.97,409,High,1,0.6913238286182415
14279.0,2010-07-07 08:42:00,2,13.59,520,High,1,0.6480033232751915
14280.0,2011-05-27 10:37:00,1,37.87,196,High,1,0.6911816656255061
14281.0,2010-10-27 14:45:00,1,47.0,407,High,1,0.69084871682657
14282.0,2011-12-06 17:04:00,25,408.4,2,Low,0,0.017188559254779617
14283.0,2010-09-02 14:46:00,4,79.15,462,High,1,0.5498418768843784
14284.0,2011-11-09 08:11:00,3,276.58,30,Low,0,0.5904518535387192
14285.0,2011-11-18 14:50:00,8,278.68,20,Low,0,0.34702614962380035
14286.0,2011-11-16 10:34:00,7,712.91,23,Low,0,0.3759486606090806
14287.0,2011-12-01 13:25:00,3,17.22,7,Low,0,0.6011194612279414
14288.0,2011-05-10 13:22:00,1,48.1,212,High,1,0.6908085891283398
14289.0,2011-12-01 11:44:00,6,251.28,8,Low,0,0.44314389494865686
14290.0,2011-11-28 14:02:00,8,569.57,10,Low,0,0.3358551548104022
14291.0,2011-12-08 10:26:00,23,1171.98,1,Low,0,0.022367032123223336
14292.0,2011-12-02 11:50:00,16,593.44,7,Low,0,0.09261831583828449
14293.0,2011-12-06 15:17:00,9,392.12,2,Low,0,0.29921586821913365
14294.0,2010-10-28 16:25:00,1,76.97,406,High,1,0.6897543919708351
14295.0,2011-10-30 15:50:00,5,244.05,39,Low,0,0.49308666968259457
14296.0,2010-10-14 14:14:00,2,93.14,420,High,1,0.6448980095839001
14297.0,2011-11-22 09:06:00,4,145.2,17,Low,0,0.5470480636907354
14298.0,2011-12-01 13:12:00,82,4519.96,7,Low,0,9.96906485156225e-08
14299.0,2011-12-01 16:05:00,27,1009.48,7,Low,0,0.010478653898433101
14300.0,2011-11-21 08:57:00,1,4.1499999999999995,18,Low,0,0.6924096298376102
14301.0,2011-08-14 15:33:00,4,137.28,116,High,1,0.5473832274601694
14302.0,2010-10-05 08:10:00,3,81.4,430,High,1,0.5984882080340359
14303.0,2010-10-28 15:37:00,2,32.35,406,High,1,0.647272123169451
14304.0,2011-05-01 11:50:00,3,327.24,222,High,1,0.5883578667179302
14305.0,2011-09-29 15:29:00,3,247.09,70,Medium,0,0.5916692932912094
14306.0,2011-10-19 13:23:00,6,151.66,50,Medium,0,0.44734657306885184
14307.0,2011-09-12 09:38:00,10,836.51,88,Medium,0,0.2448153973508046
14308.0,2010-06-08 16:48:00,2,1147.02,548,High,1,0.6026901754324471
14309.0,2011-12-01 13:33:00,11,482.42,7,Low,0,0.22002813795121914
14310.0,2010-10-03 12:34:00,1,51.0,432,High,1,0.690702784133663
14311.0,2011-04-11 10:14:00,2,132.25,242,High,1,0.6433668061819157
14312.0,2011-10-24 09:46:00,11,721.96,46,Medium,0,0.21308731495409847
14314.0,2011-08-25 10:39:00,2,10.53,106,High,1,0.6481225258411918
14315.0,2011-10-26 12:06:00,8,486.49,44,Low,0,0.3390276336077536
14316.0,2010-10-13 16:31:00,5,26.3,421,High,1,0.5023840100704505
14317.0,2011-10-06 10:44:00,1,74.34,64,Medium,0,0.6898505091076109
14318.0,2010-09-05 15:32:00,1,14.74,459,High,1,0.6920242714384564
14319.0,2010-10-11 13:38:00,1,49.47,423,High,1,0.6907586078810913
14320.0,2011-05-17 09:24:00,5,296.38,206,High,1,0.49085278902829377
14321.0,2011-11-29 09:47:00,7,301.03000000000003,10,Low,0,0.392591504798792
14322.0,2010-10-06 15:17:00,4,52.95,428,High,1,0.5509492362988418
14323.0,2011-08-17 11:37:00,2,107.87,114,High,1,0.6443216586623007
14324.0,2010-10-26 11:44:00,2,126.21000000000001,409,High,1,0.643603471745461
14325.0,2010-05-19 09:20:00,1,20.75,569,High,1,0.6918054550485012
14326.0,2011-04-11 15:04:00,3,182.68,241,High,1,0.5943244137553357
14327.0,2011-06-29 13:58:00,6,234.15,162,High,1,0.4438659977714332
14328.0,2010-09-27 16:01:00,1,445.05,437,High,1,0.6761433434725983
14329.0,2011-11-22 15:50:00,15,1768.59,16,Low,0,0.0925183127247248
14330.0,2010-03-26 09:10:00,1,33.99,623,High,1,0.6913230996696609
14331.0,2011-08-07 13:17:00,2,84.53999999999999,123,High,1,0.6452343136180573
14332.0,2011-11-17 11:54:00,5,165.68,22,Low,0,0.4964326432826849
14333.0,2011-10-03 10:38:00,1,120.95,67,Medium,0,0.6881446556084411
14334.0,2011-11-23 10:01:00,12,802.22,16,Low,0,0.17951367031034124
14335.0,2011-11-23 13:41:00,2,144.24,15,Low,0,0.6428967941735105
14336.0,2011-11-23 11:40:00,4,145.36,16,Low,0,0.5470412922648321
14338.0,2011-07-01 14:08:00,3,148.29,160,High,1,0.5957397994650616
14339.0,2011-04-11 11:06:00,2,45.95,242,High,1,0.6467416102338951
14340.0,2011-05-05 09:44:00,1,17.6,218,High,1,0.6919201532591142
14341.0,2011-10-25 15:48:00,18,672.02,44,Low,0,0.06329617123186071
14342.0,2011-11-18 13:21:00,6,102.75,20,Low,0,0.4494127388717838
14343.0,2010-10-14 13:05:00,4,573.68,420,High,1,0.5288597004691038
14344.0,2011-08-04 13:51:00,20,870.6800000000001,126,High,1,0.04198633899724182
14345.0,2011-11-01 09:51:00,1,20.94,38,Low,0,0.6917985359865749
14346.0,2011-08-11 09:47:00,5,507.53000000000003,120,High,1,0.4818437720185352
14347.0,2009-12-03 10:49:00,1,16.4,736,High,1,0.691963841586238
14348.0,2011-03-24 16:23:00,1,53.32,259,High,1,0.6906181257447241
14349.0,2011-11-29 15:39:00,1,71.9,9,Low,0,0.6899396677620971
14350.0,2011-03-10 14:14:00,3,242.2,273,High,1,0.5918710595956057
14351.0,2011-06-28 11:56:00,1,4.25,164,High,1,0.6924059922015613
14352.0,2011-07-05 15:41:00,4,181.7,156,High,1,0.5455028859414814
14353.0,2011-05-08 16:06:00,3,41.65,214,High,1,0.6001185588129759
14354.0,2011-12-04 11:32:00,2,11.14,5,Low,0,0.6480987647105347
14355.0,2010-12-09 12:16:00,3,161.78,365,High,1,0.5951847813539883
14356.0,2011-09-21 09:18:00,2,128.79,79,Medium,0,0.6435023880737254
14357.0,2011-10-27 16:23:00,1,79.96000000000001,42,Low,0,0.6896450982109662
14358.0,2010-11-15 15:51:00,2,39.79,388,High,1,0.6469819462730141
14359.0,2011-11-20 13:17:00,3,215.75,18,Low,0,0.5929618748630929
14360.0,2011-11-08 09:12:00,4,365.85,31,Low,0,0.5376943783938344
14361.0,2010-05-10 12:29:00,1,37.94,578,High,1,0.6911791136511721
14362.0,2011-11-17 15:08:00,1,95.47,21,Low,0,0.6890778200981801
14363.0,2010-11-02 17:01:00,2,27.42,401,High,1,0.6474643445589163
14364.0,2011-08-23 11:01:00,8,208.8,108,High,1,0.34973560101420004
14365.0,2010-11-10 09:52:00,2,100.08,394,High,1,0.6446265156413366
14366.0,2010-07-02 17:23:00,1,8.5,524,High,1,0.6922513705728908
14367.0,2011-12-01 13:19:00,16,1664.08,7,Low,0,0.07835292267870873
14368.0,2011-01-24 09:52:00,1,49.0,319,High,1,0.6907757552351959
14369.0,2010-03-07 15:47:00,2,76.1,641,High,1,0.6455642213571027
14370.0,2010-09-15 10:53:00,6,290.34,450,High,1,0.4414982517899157
14371.0,2011-02-17 16:35:00,1,15.1,294,High,1,0.6920111667279861
14372.0,2010-09-22 16:17:00,2,159.67,442,High,1,0.642291528213568
14373.0,2010-12-16 15:40:00,1,46.5,357,High,1,0.6908669557381704
14374.0,2010-06-16 14:25:00,1,58.55,540,High,1,0.69042723255374
14375.0,2011-06-07 13:44:00,3,592.91,184,High,1,0.5773258274636708
14376.0,2010-01-25 15:36:00,1,70.74,682,High,1,0.6899820497137676
14377.0,2011-06-01 13:32:00,2,100.65,190,High,1,0.6446042130082259
14378.0,2010-03-28 12:22:00,1,33.25,621,High,1,0.6913500701325529
14379.0,2011-10-26 16:43:00,4,427.68,43,Low,0,0.535068257128929
14380.0,2010-01-26 17:11:00,1,48.96,681,High,1,0.6907772145602308
14381.0,2011-10-18 17:10:00,2,187.17,51,Medium,0,0.6412116727020721
14382.0,2011-11-13 16:18:00,2,546.23,25,Low,0,0.6269841643834628
14383.0,2011-11-01 15:53:00,3,196.23,37,Low,0,0.5937663056326818
14384.0,2010-07-27 09:53:00,1,5.85,500,High,1,0.6923477867734316
14385.0,2011-11-30 15:36:00,3,22.630000000000003,8,Low,0,0.6008978848621963
14386.0,2011-02-16 09:45:00,1,27.200000000000003,296,High,1,0.6915705229483956
14387.0,2011-11-07 12:29:00,3,473.5,32,Low,0,0.5822946099186256
14388.0,2011-11-29 13:32:00,16,1127.11,9,Low,0,0.08523727581420565
14389.0,2011-10-05 15:17:00,5,178.59,64,Medium,0,0.49588142636952176
14390.0,2011-11-29 13:49:00,13,1611.17,9,Low,0,0.1350139754864331
14391.0,2010-05-12 09:42:00,1,11.3,576,High,1,0.6921494786191075
14392.0,2010-10-03 12:56:00,1,38.0,431,High,1,0.6911769262353148
14393.0,2011-05-05 18:16:00,1,26.950000000000003,217,High,1,0.6915796306919002
14394.0,2010-05-24 10:43:00,1,15.6,564,High,1,0.6919929652278828
14395.0,2011-12-07 14:34:00,20,2387.29,1,Low,0,0.03271842653545969
14396.0,2011-10-05 16:09:00,7,803.4,64,Medium,0,0.37232964095923454
14397.0,2011-12-07 09:22:00,19,180.87,2,Low,0,0.056776679610866534
14398.0,2010-11-03 13:46:00,2,207.73000000000002,400,High,1,0.6404033965157548
14399.0,2010-11-10 13:23:00,8,509.83,393,High,1,0.3381348996321945
14400.0,2011-07-13 15:50:00,3,120.47,148,High,1,0.5968836212716014
14401.0,2011-12-05 13:30:00,22,472.78000000000003,3,Low,0,0.030513359389497
14402.0,2010-02-25 13:20:00,1,9.2,651,High,1,0.6922258993405401
14403.0,2011-08-01 12:57:00,6,146.99,129,High,1,0.4475437763166706
14404.0,2011-11-06 12:30:00,13,684.93,33,Low,0,0.15457821979267847
14405.0,2010-11-18 11:40:00,1,3.9,386,High,1,0.6924187238231311
14406.0,2011-08-12 16:54:00,1,30.36,118,High,1,0.6914553882272788
14407.0,2011-08-24 14:02:00,6,259.24,106,High,1,0.44280842843793417
14408.0,2011-11-29 11:41:00,11,244.13,10,Low,0,0.2270923118848346
14409.0,2011-09-29 18:18:00,9,252.24,70,Medium,0,0.3042494142247864
14410.0,2011-09-08 15:08:00,11,986.2,91,High,1,0.20561759331417154
14411.0,2011-02-02 10:56:00,1,114.45,310,High,1,0.6883828532868844
14412.0,2011-10-28 10:45:00,3,147.83,42,Low,0,0.5957587209035624
14413.0,2010-12-12 13:37:00,4,590.5500000000001,361,High,1,0.5281417018489394
14414.0,2011-09-09 12:09:00,8,212.06,91,High,1,0.34960898371115295
14415.0,2011-12-08 14:38:00,23,3918.32,0,Low,0,0.014110643889547535
14416.0,2011-11-17 15:22:00,2,23.36,21,Low,0,0.64762260868996
14417.0,2010-11-17 10:55:00,1,329.34000000000003,387,High,1,0.680455764845932
14418.0,2011-12-06 11:39:00,3,265.44,3,Low,0,0.5909118788865475
14419.0,2011-11-29 11:22:00,7,586.0600000000001,10,Low,0,0.3810451730602705
14420.0,2011-09-01 18:07:00,4,261.86,98,High,1,0.5421063850681583
14421.0,2011-10-13 13:24:00,6,243.98,56,Medium,0,0.44345159199800616
14422.0,2011-12-09 11:26:00,19,1627.82,0,Low,0,0.04490279342973847
14423.0,2011-05-05 15:12:00,3,37.62,217,High,1,0.6002837266158119
14424.0,2011-11-22 11:48:00,1,6.71,17,Low,0,0.6923164988271994
14425.0,2010-10-01 10:24:00,3,128.18,434,High,1,0.5965667288769723
14426.0,2011-11-16 12:25:00,17,2001.55,23,Low,0,0.06168177900864156
14427.0,2011-10-20 14:23:00,4,420.20000000000005,49,Medium,0,0.5353860633917705
14428.0,2011-12-02 13:17:00,5,602.11,6,Low,0,0.47781185610425553
14429.0,2010-11-01 10:08:00,1,53.27,403,High,1,0.6906199504138338
14430.0,2010-07-16 11:35:00,3,136.95,511,High,1,0.5962061709400092
14431.0,2011-02-10 10:40:00,4,274.26,302,High,1,0.5415806204609321
14432.0,2011-11-30 08:04:00,6,554.21,9,Low,0,0.4304164935111773
14433.0,2010-08-31 12:35:00,1,191.1,465,High,1,0.6855676373429469
14434.0,2011-11-18 08:56:00,6,53.42,21,Low,0,0.4514984166367979
14435.0,2010-07-26 12:33:00,1,1.67,501,High,1,0.6924998355619921
14436.0,2011-09-02 10:13:00,2,21.37,98,High,1,0.6477001696727809
14437.0,2010-12-09 09:27:00,5,147.65,365,High,1,0.4972024825138775
14438.0,2011-02-06 14:56:00,1,14.35,305,High,1,0.6920384678589242
14439.0,2011-01-24 11:39:00,5,685.44,319,High,1,0.47426190117044115
14440.0,2011-12-01 15:42:00,13,629.6,7,Low,0,0.15581724784409043
14441.0,2011-12-09 09:07:00,11,857.21,0,Low,0,0.20923949007488055
14442.0,2011-05-19 11:36:00,7,1467.73,204,High,1,0.3462188537603698
14443.0,2011-10-17 10:10:00,5,378.88,53,Medium,0,0.48733177782932174
14444.0,2010-09-09 18:56:00,1,16.44,455,High,1,0.6919623853640486
14445.0,2010-09-10 11:09:00,1,86.95,455,High,1,0.6893895094740875
14446.0,2011-12-09 11:34:00,5,600.51,0,Low,0,0.47788004105420656
14447.0,2011-11-21 08:28:00,6,275.95,18,Low,0,0.44210437167672023
14448.0,2011-11-30 13:50:00,2,54.35,8,Low,0,0.6464137596769867
14449.0,2011-11-21 12:06:00,8,982.24,18,Low,0,0.32031961592019
14450.0,2011-06-12 10:46:00,7,224.45000000000002,180,High,1,0.3957148749896608
14451.0,2011-10-10 13:38:00,12,1134.1200000000001,59,Medium,0,0.17131535506182743
14452.0,2011-11-29 12:06:00,4,410.47,10,Low,0,0.5357994234218657
14453.0,2011-06-02 14:15:00,1,83.1,189,High,1,0.6895302986948313
14454.0,2010-11-28 13:26:00,5,379.09,375,High,1,0.48732281671100874
14455.0,2010-10-03 15:48:00,4,108.24,431,High,1,0.5486117914441867
14456.0,2011-12-04 13:59:00,9,1722.49,4,Low,0,0.25383567642277616
14457.0,2011-02-02 09:39:00,1,5.0200000000000005,310,High,1,0.6923779816031936
14458.0,2010-11-24 12:43:00,1,62.98,380,High,1,0.6902654882737053
14459.0,2011-07-07 13:35:00,2,409.661,154,High,1,0.6324230991168011
14460.0,2011-08-21 14:19:00,9,51.79,109,High,1,0.3115448127472072
14461.0,2011-07-14 17:11:00,13,2240.28,147,High,1,0.1229500697778824
14462.0,2011-10-04 15:55:00,12,843.72,65,Medium,0,0.17847204457739085
14463.0,2011-09-02 15:20:00,4,52.26,97,High,1,0.5509783928056803
14464.0,2010-05-20 18:00:00,2,14.75,567,High,1,0.6479581305528773
14465.0,2011-04-07 12:38:00,11,517.09,246,High,1,0.219013590625715
14466.0,2011-11-10 14:07:00,13,644.87,28,Low,0,0.1554744933905126
14467.0,2011-11-22 12:48:00,12,730.5600000000001,17,Low,0,0.18132346417622605
14468.0,2009-12-06 12:21:00,1,63.47,733,High,1,0.690247594961567
14469.0,2010-10-19 14:30:00,4,573.16,415,High,1,0.5288818301393421
14470.0,2011-11-28 10:31:00,3,281.52,11,Low,0,0.5902478059308668
14471.0,2010-04-27 17:12:00,2,129.21,590,High,1,0.643485931382043
14472.0,2011-08-28 11:01:00,9,934.74,103,High,1,0.28015097326633276
14473.0,2011-09-26 15:10:00,2,28.75,73,Medium,0,0.6474124923721802
14474.0,2011-10-24 13:26:00,2,544.8,45,Low,0,0.6270412844087693
14475.0,2011-09-29 10:46:00,4,146.96,71,Medium,0,0.5469735770486698
14476.0,2011-03-27 15:39:00,1,62.15,256,High,1,0.6902957960533163
14477.0,2011-11-20 11:11:00,7,25.52,19,Low,0,0.40386766351062414
14478.0,2010-11-22 15:29:00,4,150.29,381,High,1,0.5468326391834704
14479.0,2011-03-31 09:07:00,4,461.62,253,High,1,0.5336258784766006
14480.0,2011-11-28 16:35:00,4,181.59,10,Low,0,0.5455075439736142
14481.0,2011-06-28 10:38:00,5,354.1,164,High,1,0.48838924539008144
14482.0,2011-11-21 13:14:00,12,647.36,17,Low,0,0.18344248631151236
14483.0,2011-03-03 10:26:00,2,21.67,281,High,1,0.6476884775606945
14484.0,2011-10-20 14:11:00,4,110.85,49,Medium,0,0.5485013969934286
14485.0,2011-11-01 12:25:00,1,126.1,38,Low,0,0.6879558590835184
14486.0,2010-07-16 09:42:00,2,11.7,511,High,1,0.648076950567954
14487.0,2011-11-13 12:17:00,7,472.63,26,Low,0,0.38562483838475897
14488.0,2011-10-03 09:30:00,1,98.04,67,Medium,0,0.6889837674298329
14489.0,2011-05-16 14:51:00,4,215.86,206,High,1,0.5440559739709728
14490.0,2010-10-29 15:04:00,2,152.87,405,High,1,0.6425583249429897
14491.0,2011-06-17 15:22:00,2,93.82000000000001,174,High,1,0.6448714119901771
14492.0,2010-10-05 13:21:00,7,401.8,429,High,1,0.3884949177391312
14493.0,2011-12-02 16:14:00,10,1029.01,6,Low,0,0.2387878975512538
14494.0,2011-11-14 09:21:00,3,31.49,25,Low,0,0.6005349182790926
14495.0,2011-10-20 12:28:00,3,20.55,50,Medium,0,0.6009830799298266
14496.0,2011-02-01 09:01:00,7,583.19,311,High,1,0.3811607908373412
14497.0,2011-02-03 17:01:00,2,170.86,308,High,1,0.6418522987340318
14498.0,2011-10-28 12:09:00,10,1126.56,42,Low,0,0.23577259258591937
14499.0,2011-11-13 13:01:00,7,667.2,25,Low,0,0.37778207515160417
14500.0,2011-09-12 16:45:00,3,43.5,87,Medium,0,0.600042729738717
14501.0,2011-06-09 12:02:00,2,21.75,183,High,1,0.6476853596342511
14502.0,2011-11-20 11:50:00,11,1484.48,19,Low,0,0.19206435086761015
14503.0,2011-12-06 13:30:00,6,437.26,2,Low,0,0.43532012824782323
14504.0,2011-10-23 16:00:00,4,372.65,46,Medium,0,0.5374056599477863
14505.0,2011-11-22 15:45:00,19,4810.47,16,Low,0,0.02657364150929572
14506.0,2011-11-22 13:02:00,7,1674.03,16,Low,0,0.3382870359466247
14507.0,2011-11-16 12:21:00,11,909.62,23,Low,0,0.20776224351374378
14508.0,2011-11-17 19:48:00,5,649.57,21,Low,0,0.47578970705047596
14509.0,2010-06-23 13:21:00,1,87.75,533,High,1,0.6893602501695799
14510.0,2010-11-29 12:46:00,3,162.57,375,High,1,0.59515227088001
14511.0,2011-11-28 17:05:00,5,170.12,10,Low,0,0.49624306802326296
14512.0,2011-06-05 12:39:00,7,235.98,187,High,1,0.3952440643711611
14513.0,2011-08-31 11:25:00,6,43.11,100,High,1,0.4519345424052937
14514.0,2011-10-09 16:05:00,9,869.46,60,Medium,0,0.2824049895322393
14515.0,2011-11-22 11:37:00,12,491.73,17,Low,0,0.18745767584604467
14516.0,2010-07-11 14:07:00,1,105.2,515,High,1,0.6887216551427745
14517.0,2011-11-06 14:20:00,2,96.0,32,Low,0,0.6447861372001807
14518.0,2011-10-06 14:43:00,1,43.19,63,Medium,0,0.6909876823347787
14519.0,2010-01-25 11:18:00,2,109.44,683,High,1,0.6442602034686409
14520.0,2011-12-08 09:46:00,2,12.83,1,Low,0,0.648032930863166
14521.0,2010-08-05 16:35:00,1,41.050000000000004,490,High,1,0.6910657213056295
14522.0,2011-11-15 13:24:00,8,119.54,23,Low,0,0.3532106129234095
14523.0,2011-08-23 13:13:00,1,32.64,107,High,1,0.6913723015602683
14524.0,2011-11-08 12:29:00,13,1201.53,31,Low,0,0.14339553450573125
14525.0,2011-11-20 11:37:00,17,1582.04,19,Low,0,0.06596132638488465
14526.0,2010-11-15 13:32:00,1,84.53,388,High,1,0.6894780096508362
14527.0,2011-12-07 12:19:00,122,14014.34,2,Low,0,6.734973839911573e-12
14528.0,2011-11-02 17:09:00,1,35.53,36,Low,0,0.6912669677678421
14529.0,2011-10-10 15:27:00,3,450.81,59,Medium,0,0.5832369123262188
14530.0,2011-11-14 10:38:00,16,1794.66,25,Low,0,0.07675742678967483
14531.0,2010-08-17 10:16:00,1,71.48,479,High,1,0.6899550133199184
14532.0,2011-04-17 13:05:00,11,1465.21,235,High,1,0.19257559368632676
14533.0,2011-11-15 12:05:00,11,193.4,24,Low,0,0.2286167238257794
14534.0,2011-12-07 12:19:00,26,2392.75,2,Low,0,0.010104504652695656
14535.0,2011-10-10 15:39:00,9,2383.25,59,Medium,0,0.23305957576440295
14536.0,2011-03-25 12:21:00,1,91.8,259,High,1,0.6892121017082032
14537.0,2011-10-13 10:54:00,2,91.02,57,Medium,0,0.6449809257471502
14538.0,2011-10-06 10:31:00,5,399.98,64,Medium,0,0.4864314404681727
14539.0,2011-11-24 09:50:00,2,66.53,15,Low,0,0.6459381317304634
14540.0,2011-11-30 10:15:00,11,1020.3,9,Low,0,0.20466790510214264
14541.0,2011-10-12 10:08:00,14,478.81,58,Medium,0,0.13430108803018376
14542.0,2011-06-07 08:19:00,1,27.05,185,High,1,0.691575987612379
14543.0,2011-11-11 12:45:00,39,1510.33,28,Low,0,0.0008861890353599001
14544.0,2011-11-15 15:06:00,3,416.33,23,Low,0,0.584667680926263
14545.0,2010-02-03 15:23:00,1,94.94,673,High,1,0.6890972142323136
14546.0,2011-12-04 13:00:00,11,2001.32,4,Low,0,0.17873713720436746
14547.0,2011-12-06 11:06:00,8,1051.8,3,Low,0,0.3177385528373615
14548.0,2011-07-12 12:19:00,9,343.27,150,High,1,0.3009682997751976
14549.0,2011-02-01 13:47:00,4,420.88,310,High,1,0.5353571730968267
14550.0,2011-11-29 12:12:00,4,240.91,10,Low,0,0.5429944592198298
14551.0,2011-11-21 13:36:00,7,251.10999999999999,17,Low,0,0.3946265478009807
14552.0,2011-07-11 12:49:00,3,318.09,151,High,1,0.588736313144374
14553.0,2011-11-20 13:20:00,9,777.42,18,Low,0,0.28560159845669
14554.0,2011-11-29 16:44:00,4,595.48,9,Low,0,0.5279318555923764
14555.0,2011-10-13 16:24:00,6,452.44,56,Medium,0,0.4346829048051054
14556.0,2010-04-22 14:57:00,3,559.99,595,High,1,0.5786972730601732
14557.0,2011-09-15 15:48:00,1,25.44,84,Medium,0,0.6916346382944799
14558.0,2010-02-23 12:51:00,3,119.45,653,High,1,0.5969255387288609
14559.0,2010-11-14 16:05:00,1,2.1,389,High,1,0.6924841961073027
14560.0,2011-12-02 15:22:00,44,870.05,6,Low,0,0.0003647450076871009
14561.0,2011-09-25 12:39:00,3,137.01,75,Medium,0,0.5962037038226632
14562.0,2011-12-06 11:05:00,26,1943.6200000000001,3,Low,0,0.010901347373080832
14563.0,2010-07-18 12:01:00,2,477.42,509,High,1,0.6297286738740224
14564.0,2010-10-01 09:02:00,2,373.89,434,High,1,0.6338422103117918
14565.0,2011-09-05 09:07:00,5,594.49,95,High,1,0.4781365942931683
14566.0,2011-08-21 11:05:00,4,27.36,110,High,1,0.5520303264312292
14567.0,2011-10-14 10:21:00,2,122.49,56,Medium,0,0.6437491977737063
14568.0,2010-09-30 17:15:00,1,92.12,434,High,1,0.6892003944971601
14569.0,2011-12-08 14:58:00,4,99.66,0,Low,0,0.5489746635663518
14570.0,2011-03-04 10:58:00,3,223.5,280,High,1,0.592642354216018
14571.0,2010-10-10 15:06:00,1,87.89999999999999,424,High,1,0.6893547638814138
14572.0,2011-12-06 14:40:00,11,1649.52,2,Low,0,0.18772811680905663
14573.0,2011-06-13 11:15:00,13,1721.23,179,High,1,0.13283367131485535
14574.0,2009-12-07 12:42:00,1,30.45,732,High,1,0.6914521087252552
14575.0,2010-08-08 14:51:00,1,238.51,487,High,1,0.6838194813325386
14576.0,2010-12-02 17:51:00,1,5.9,371,High,1,0.6923459677551934
14577.0,2011-11-27 12:47:00,7,492.22,12,Low,0,0.3848324310354218
14578.0,2011-12-06 17:18:00,1,58.83,2,Low,0,0.6904170108183849
14579.0,2010-10-03 14:36:00,1,49.8,431,High,1,0.6907465679356675
14580.0,2010-07-09 15:20:00,1,4.95,517,High,1,0.6923805280797992
14581.0,2011-11-23 12:39:00,2,192.10999999999999,16,Low,0,0.6410175392489181
14582.0,2011-10-30 11:56:00,1,20.34,40,Low,0,0.6918203853623397
14583.0,2011-12-04 12:32:00,8,1134.91,5,Low,0,0.31466934300373944
14584.0,2011-06-23 18:33:00,8,605.72,168,High,1,0.33447932788827556
14585.0,2011-10-20 14:33:00,5,205.08,49,Medium,0,0.49475041844162143
14586.0,2011-03-08 10:04:00,1,13.27,276,High,1,0.6920777791277593
14587.0,2011-11-21 11:34:00,9,915.0,18,Low,0,0.28083140460826705
14588.0,2010-05-10 15:08:00,1,44.79,577,High,1,0.6909293283217202
14589.0,2010-12-03 11:42:00,1,47.7,371,High,1,0.6908231813515197
14590.0,2010-10-11 12:06:00,20,784.69,424,High,1,0.0425810870990576
14591.0,2011-11-24 13:57:00,4,553.71,14,Low,0,0.5297094826266737
14592.0,2011-11-04 16:35:00,3,335.32,34,Low,0,0.5880235888521962
14593.0,2011-11-18 12:48:00,12,1563.79,21,Low,0,0.16114675800625844
14594.0,2011-12-02 13:28:00,2,270.78,6,Low,0,0.637919753240117
14595.0,2011-11-20 12:12:00,8,354.73,19,Low,0,0.3440886960501128
14596.0,2010-03-23 12:13:00,1,192.78,626,High,1,0.6855057799039872
14597.0,2011-11-28 13:13:00,6,193.35,10,Low,0,0.4455868422871867
14598.0,2011-10-26 13:19:00,2,130.17,43,Low,0,0.6434483148146672
14599.0,2010-11-14 14:49:00,2,196.14000000000001,389,High,1,0.6408591329991342
14600.0,2011-02-07 09:48:00,2,204.92000000000002,305,High,1,0.6405139132998305
14601.0,2011-11-29 09:48:00,1,10.04,10,Low,0,0.6921953323162754
14602.0,2010-02-21 15:47:00,1,110.32000000000001,655,High,1,0.6885341486789768
14603.0,2011-03-10 10:27:00,1,3.3,274,High,1,0.6924405487786809
14604.0,2010-03-16 13:00:00,1,46.66,632,High,1,0.6908611193511459
14605.0,2010-11-30 14:07:00,4,376.52,373,High,1,0.5372413339712537
14606.0,2011-12-08 19:28:00,192,18575.84,0,Low,0,2.6569112221851836e-18
14607.0,2011-11-24 10:35:00,22,541.86,15,Low,0,0.03016625341269968
14608.0,2011-12-05 16:52:00,11,168.88,3,Low,0,0.2293561143911897
14609.0,2011-09-28 12:54:00,10,3.4,71,Medium,0,0.27206623401118685
14610.0,2010-11-09 10:58:00,2,20.1,395,High,1,0.6477496643201225
14611.0,2010-09-22 09:19:00,2,82.3,443,High,1,0.645321885549545
14612.0,2010-10-20 16:01:00,1,98.4,414,High,1,0.6889705914907784
14613.0,2010-01-28 13:02:00,1,1.06,679,High,1,0.6925220210065335
14614.0,2010-11-18 13:04:00,1,52.56,385,High,1,0.6906458600740586
14615.0,2010-11-10 13:36:00,5,163.61,393,High,1,0.4965210266967094
14616.0,2011-04-11 09:54:00,5,16.12,242,High,1,0.5028186783893717
14617.0,2010-11-02 11:41:00,2,25.77,402,High,1,0.6475286676316124
14618.0,2011-11-30 13:45:00,7,230.01,8,Low,0,0.39548781635861857
14619.0,2011-04-08 07:37:00,2,226.87,245,High,1,0.6396502280648713
14620.0,2011-05-18 11:58:00,2,88.98,205,High,1,0.645060704780046
14621.0,2011-12-08 16:22:00,9,428.94,0,Low,0,0.2978988699990015
14622.0,2011-06-08 12:42:00,1,67.46000000000001,184,High,1,0.690101871069521
14623.0,2011-11-07 13:56:00,10,833.24,31,Low,0,0.24491866956339015
14624.0,2011-10-13 13:44:00,6,119.83,56,Medium,0,0.44869100515612875
14625.0,2011-05-27 15:32:00,11,1049.11,195,High,1,0.20386808568010534
14626.0,2011-11-16 10:37:00,11,689.84,23,Low,0,0.21400866506991684
14627.0,2010-11-25 16:32:00,1,75.45,378,High,1,0.6898099445583276
14628.0,2011-09-09 14:58:00,5,303.96,90,Medium,0,0.4905292396140943
14629.0,2011-12-05 16:55:00,2,568.3,3,Low,0,0.6261021501852463
14630.0,2010-08-12 16:38:00,1,107.2,483,High,1,0.6886484177929216
14631.0,2011-10-20 11:17:00,6,242.1,50,Medium,0,0.4435308415614189
14632.0,2011-03-22 08:49:00,1,20.32,262,High,1,0.6918211136600718
14633.0,2011-03-18 17:07:00,1,108.05,265,High,1,0.6886172890606489
14634.0,2010-09-28 10:40:00,4,228.49,437,High,1,0.5435208165465908
14635.0,2010-09-12 10:47:00,1,58.15,453,High,1,0.6904418347098615
14636.0,2011-11-03 16:12:00,2,85.07000000000001,35,Low,0,0.6452135920495787
14637.0,2010-01-31 15:52:00,1,10.12,676,High,1,0.6921924210831844
14638.0,2011-10-20 10:10:00,1,66.55,50,Medium,0,0.6901351096679401
14639.0,2011-10-18 15:06:00,9,1296.78,51,Medium,0,0.26785192918305767
14640.0,2011-11-15 13:07:00,10,700.79,23,Low,0,0.24912636495557094
14641.0,2011-11-18 10:42:00,1,9.030000000000001,21,Low,0,0.6922320853188993
14642.0,2011-10-12 11:08:00,1,6.01,58,Medium,0,0.6923419658940343
14643.0,2011-06-22 14:41:00,5,171.85,169,High,1,0.4961692022769401
14644.0,2011-10-03 08:30:00,7,304.55,67,Medium,0,0.39244814798165467
14645.0,2011-07-06 09:15:00,3,164.11,156,High,1,0.5950888936324165
14646.0,2011-12-08 12:12:00,152,9436.08,1,Low,0,3.701613979424922e-14
14647.0,2011-05-22 13:40:00,2,170.31,200,High,1,0.6418738928860723
14648.0,2010-10-19 13:12:00,15,957.54,415,High,1,0.10482365009034576
14649.0,2011-12-05 12:30:00,9,1707.9,4,Low,0,0.2543079467746008
14650.0,2010-04-29 20:27:00,1,27.4,588,High,1,0.6915632366463096
14651.0,2011-10-03 15:52:00,9,895.89,66,Medium,0,0.2814910787444338
14652.0,2011-09-23 14:21:00,1,86.6,76,Medium,0,0.6894023099436437
14653.0,2011-12-08 13:45:00,12,1397.82,0,Low,0,0.1650156052864346
14654.0,2009-12-01 12:57:00,1,35.85,737,High,1,0.6912553032872452
14655.0,2011-12-01 16:28:00,7,297.87,7,Low,0,0.3927202158959563
14656.0,2011-06-23 13:51:00,5,644.4,168,High,1,0.47600995018022046
14657.0,2011-11-22 12:47:00,6,563.16,17,Low,0,0.4300417750827682
14658.0,2011-12-04 15:35:00,2,162.06,4,Low,0,0.6421977360563395
14659.0,2011-12-01 12:17:00,9,743.19,8,Low,0,0.2867959535459334
14660.0,2011-09-14 11:34:00,2,70.76,86,Medium,0,0.6457728829721222
14661.0,2011-11-13 11:51:00,1,15.8,26,Low,0,0.6919856844607152
14662.0,2011-11-11 12:13:00,7,636.19,28,Low,0,0.3790278736939995
14663.0,2010-10-05 13:21:00,2,152.95,429,High,1,0.6425551866711627
14664.0,2011-11-20 10:59:00,2,196.29,19,Low,0,0.640853236391712
14665.0,2011-10-10 09:14:00,7,505.85,60,Medium,0,0.3842814631090487
14666.0,2011-11-15 12:57:00,1,25.999999999999996,23,Low,0,0.6916142387582281
14667.0,2011-11-29 11:30:00,54,4360.45,10,Low,0,2.7334781369248336e-05
14668.0,2010-09-20 15:03:00,1,26.34,444,High,1,0.6916018529606865
14669.0,2011-04-12 11:43:00,7,1052.32,241,High,1,0.3624490022626004
14670.0,2011-03-04 14:13:00,3,343.45,279,High,1,0.5876871604567349
14671.0,2010-06-08 13:39:00,2,176.73,548,High,1,0.6416217944046585
14672.0,2011-04-19 10:19:00,4,299.85,234,High,1,0.5404953034820767
14673.0,2011-12-06 14:31:00,7,370.79,2,Low,0,0.3897539147761917
14674.0,2010-07-18 14:25:00,1,37.519999999999996,508,High,1,0.6911944253221803
14675.0,2011-11-23 12:58:00,2,496.86,15,Low,0,0.6289541434113783
14676.0,2011-11-08 13:29:00,12,220.03,30,Low,0,0.19462879261436644
14677.0,2010-04-26 09:48:00,1,33.18,592,High,1,0.6913526213250214
14678.0,2010-05-09 14:32:00,1,83.48,578,High,1,0.6895164041763503
14679.0,2010-11-23 11:51:00,3,199.68,381,High,1,0.5936241655531446
14680.0,2011-11-14 16:59:00,58,3551.44,24,Low,0,1.4129441316132753e-05
14681.0,2011-09-29 15:52:00,6,122.6,70,Medium,0,0.44857397611568556
14682.0,2011-06-05 12:12:00,6,262.04,187,High,1,0.44269043752925835
14683.0,2010-04-30 17:18:00,1,24.55,587,High,1,0.6916670574473572
14684.0,2011-11-14 11:33:00,6,885.5,25,Low,0,0.4166026465454674
14685.0,2010-05-12 13:08:00,8,626.3,575,High,1,0.3336973307988544
14686.0,2010-10-21 18:31:00,5,526.67,413,High,1,0.4810276319001146
14687.0,2011-08-25 11:59:00,3,119.37,106,High,1,0.5969288263127074
14688.0,2011-12-02 12:26:00,28,1097.07,7,Low,0,0.008472982198965346
14689.0,2011-05-15 11:22:00,1,28.35,208,High,1,0.6915286254091879
14690.0,2011-10-26 15:39:00,4,325.67,43,Low,0,0.539399842377794
14691.0,2011-11-09 12:30:00,5,260.32,30,Low,0,0.49239209669736356
14692.0,2011-07-25 15:08:00,12,481.08,136,High,1,0.18773489782811212
14693.0,2011-03-20 12:50:00,7,260.65999999999997,264,High,1,0.394236946596845
14694.0,2010-04-01 19:46:00,1,41.08,616,High,1,0.6910646273766828
14695.0,2010-07-08 14:18:00,3,300.55,518,High,1,0.5894614784218699
14696.0,2011-12-05 13:43:00,8,427.85,3,Low,0,0.3412756085125135
14697.0,2011-05-05 15:39:00,2,71.22,217,High,1,0.6457549105587849
14698.0,2011-12-08 12:26:00,5,603.27,1,Low,0,0.4777624225324498
14699.0,2011-05-09 14:54:00,4,111.05,213,High,1,0.5484929374514882
14700.0,2011-11-07 14:40:00,5,456.8,31,Low,0,0.4840073842499648
14701.0,2011-11-29 12:38:00,15,1895.8,10,Low,0,0.09071020707652658
14702.0,2011-12-08 19:29:00,29,2669.05,0,Low,0,0.005323023399400417
14703.0,2011-11-25 09:23:00,1,45.13,14,Low,0,0.6909169273093754
14704.0,2011-11-28 12:51:00,11,1086.32,10,Low,0,0.20283851092380048
14705.0,2011-05-25 12:39:00,1,1.79,198,High,1,0.6924954711074919
14706.0,2010-03-31 11:09:00,1,79.74,618,High,1,0.6896531406139862
14707.0,2010-09-30 11:37:00,2,2.9,435,High,1,0.6484196727507048
14708.0,2011-12-07 08:21:00,5,219.67,2,Low,0,0.4941275110241085
14709.0,2011-11-24 15:41:00,25,1218.54,14,Low,0,0.015000711043611833
14710.0,2011-11-25 14:53:00,13,907.98,13,Low,0,0.1496648850224953
14711.0,2011-11-29 14:58:00,11,1697.92,9,Low,0,0.18647082534623508
14712.0,2011-11-10 12:59:00,4,113.35000000000001,28,Low,0,0.5483956507059782
14713.0,2011-11-30 16:26:00,21,1587.85,8,Low,0,0.030782846302996752
14714.0,2011-11-15 13:07:00,4,250.41,23,Low,0,0.5425917860850913
14715.0,2011-11-15 12:10:00,8,462.66,24,Low,0,0.33994029243741136
14716.0,2011-10-27 17:29:00,3,161.81,42,Low,0,0.5951835467942792
14717.0,2009-12-06 13:05:00,1,36.45,732,High,1,0.6912334317288473
14718.0,2010-10-25 13:07:00,1,21.72,409,High,1,0.691770130513995
14719.0,2011-12-08 12:43:00,5,559.38,1,Low,0,0.47963309622922684
14720.0,2011-12-04 12:02:00,3,212.55,5,Low,0,0.5930937830485155
14721.0,2010-11-25 13:08:00,1,72.07,378,High,1,0.6899334563459945
14722.0,2011-07-15 14:58:00,3,311.3,146,High,1,0.5890170815315678
14723.0,2011-11-29 15:23:00,11,1029.59,9,Low,0,0.2044097430564041
14724.0,2010-04-28 13:26:00,1,107.91,589,High,1,0.688622416263244
14725.0,2011-11-15 12:42:00,4,311.21,24,Low,0,0.5400133821144707
14726.0,2010-02-23 12:35:00,1,37.85,654,High,1,0.6911823947588873
14727.0,2011-03-10 14:45:00,3,110.87,273,High,1,0.5972780824253425
14728.0,2010-10-22 15:57:00,1,48.68,412,High,1,0.6907874297289607
14729.0,2010-12-01 12:43:00,3,430.87,373,High,1,0.5840645073500156
14730.0,2011-12-08 14:39:00,8,1265.42,0,Low,0,0.30988224840386047
14731.0,2011-10-23 15:54:00,3,94.6,46,Medium,0,0.5979463243471791
14732.0,2011-12-01 14:34:00,19,1103.05,7,Low,0,0.04890735821398932
14733.0,2011-11-23 15:39:00,15,1358.22,15,Low,0,0.09857345610928109
14734.0,2010-10-10 12:04:00,4,306.33,425,High,1,0.5402204138945603
14735.0,2011-12-06 12:09:00,56,1422.61,3,Low,0,3.0292146652350678e-05
14736.0,2010-08-11 15:21:00,2,301.83,484,High,1,0.6366939204819841
14737.0,2011-12-06 10:16:00,4,173.83,3,Low,0,0.5458361268201138
14738.0,2011-10-28 08:56:00,9,328.88,42,Low,0,0.3014856357541713
14739.0,2011-12-05 16:54:00,25,640.2,3,Low,0,0.016532374302092277
14740.0,2011-05-26 18:17:00,11,782.37,196,High,1,0.211362321846115
14741.0,2011-11-28 08:48:00,7,207.48,11,Low,0,0.3964081716257735
14742.0,2010-09-30 14:07:00,1,84.8,434,High,1,0.6894681363510652
14743.0,2010-04-26 10:26:00,1,3.9899999999999998,592,High,1,0.6924154500055582
14744.0,2011-11-23 12:51:00,14,476.34,15,Low,0,0.13435014405359694
14745.0,2011-08-19 10:05:00,12,290.12,112,High,1,0.19275918131313605
14746.0,2010-10-29 14:44:00,4,13.75,405,High,1,0.5526051028485953
14747.0,2011-04-04 14:09:00,1,104.4,248,High,1,0.6887509474390664
14748.0,2011-11-10 18:33:00,10,372.73,28,Low,0,0.25975444327020036
14749.0,2010-08-17 12:36:00,1,30.69,479,High,1,0.6914433632921563
14750.0,2009-12-03 17:57:00,1,84.3,735,High,1,0.689486420103438
14751.0,2010-01-24 13:37:00,2,18.450000000000003,683,High,1,0.647813963651148
14752.0,2011-10-27 11:55:00,1,12.52,43,Low,0,0.6921050769811398
14753.0,2011-09-13 14:50:00,2,140.41,86,Medium,0,0.6430469613990677
14754.0,2011-10-26 12:01:00,6,361.47,44,Low,0,0.4385047851397592
14755.0,2011-11-30 11:24:00,25,1882.58,9,Low,0,0.013413890802191178
14756.0,2011-11-24 18:13:00,3,449.03,14,Low,0,0.5833108090597898
14757.0,2011-09-25 14:36:00,1,74.56,74,Medium,0,0.6898424695190333
14758.0,2011-07-18 08:21:00,7,822.43,144,High,1,0.3715703653617623
14759.0,2011-12-05 12:03:00,3,550.2,4,Low,0,0.5791048908550872
14760.0,2011-02-15 16:27:00,1,14.350000000000001,296,High,1,0.6920384678589242
14761.0,2011-10-12 12:10:00,3,66.91,58,Medium,0,0.5990827714816346
14762.0,2011-03-21 08:20:00,2,56.03,263,High,1,0.6463481730257313
14764.0,2011-10-24 11:54:00,1,8.95,46,Medium,0,0.6922349963436448
14765.0,2011-11-10 19:53:00,3,116.09,28,Low,0,0.5970636097494826
14766.0,2011-12-01 16:05:00,11,923.12,7,Low,0,0.20738297640641803
14767.0,2010-08-22 14:54:00,1,94.33,473,High,1,0.689119534961074
14768.0,2011-11-22 12:54:00,2,19.55,16,Low,0,0.6477710980255403
14769.0,2011-12-07 10:24:00,17,3818.88,2,Low,0,0.045979200847001286
14770.0,2011-04-21 14:21:00,8,772.87,231,High,1,0.32815459121907
14771.0,2010-03-28 12:52:00,2,53.839999999999996,620,High,1,0.6464336688201452
14772.0,2011-08-19 15:04:00,1,31.580000000000002,111,High,1,0.6914109311128169
14773.0,2010-04-26 10:29:00,1,50.0,592,High,1,0.6907392708730493
14774.0,2010-06-29 12:26:00,1,67.64999999999999,528,High,1,0.6900949308944982
14775.0,2011-10-12 15:27:00,3,86.12,57,Medium,0,0.5982944711346819
14776.0,2011-10-19 15:34:00,15,194.52,50,Medium,0,0.11769728423759554
14777.0,2010-11-01 12:50:00,1,58.01,403,High,1,0.6904469453747378
14778.0,2011-08-04 15:23:00,2,109.95,126,High,1,0.6442402392933336
14779.0,2011-03-04 12:42:00,3,279.8,280,High,1,0.5903188543767759
14780.0,2011-10-16 12:46:00,2,74.7,54,Medium,0,0.6456189320115087
14782.0,2011-01-24 11:12:00,1,15.100000000000001,319,High,1,0.6920111667279861
14783.0,2010-02-18 16:16:00,1,42.82,658,High,1,0.691001175833215
14784.0,2011-11-13 13:30:00,3,78.99000000000001,25,Low,0,0.5985871169214895
14785.0,2011-11-29 13:21:00,2,2.83,9,Low,0,0.6484223983374081
14786.0,2010-06-07 13:42:00,1,7.04,549,High,1,0.692304492518056
14787.0,2010-08-25 14:38:00,1,34.32,470,High,1,0.6913110718805199
14788.0,2011-12-02 17:06:00,3,161.15,6,Low,0,0.5952107068296797
14789.0,2011-11-11 08:59:00,1,12.34,28,Low,0,0.6921116282660467
14790.0,2011-11-23 09:28:00,10,257.33,16,Low,0,0.26356224072514794
14791.0,2010-04-12 10:24:00,1,65.79,606,High,1,0.6901628678710815
14792.0,2011-10-07 09:19:00,1,6.2,63,Medium,0,0.6923350535202719
14793.0,2011-11-18 14:50:00,2,102.7,20,Low,0,0.6445239965939911
14794.0,2011-12-07 10:11:00,10,630.96,2,Low,0,0.2513640904935957
14795.0,2011-06-26 13:04:00,1,44.0,165,High,1,0.6909581413768413
14796.0,2011-12-08 15:31:00,27,3176.9900000000002,0,Low,0,0.007260015589298754
14797.0,2010-07-20 14:07:00,1,66.73,506,High,1,0.6901285351559714
14798.0,2011-10-18 10:58:00,8,75.83,52,Medium,0,0.3549180062907184
14799.0,2011-10-19 16:16:00,2,97.71,50,Medium,0,0.6447192409068434
14800.0,2011-10-23 12:46:00,17,1598.67,47,Medium,0,0.06578654583590966
14801.0,2011-10-09 15:24:00,1,145.34,60,Medium,0,0.6872499779216825
14802.0,2010-09-27 16:34:00,2,1502.98,437,High,1,0.5880450892893111
14803.0,2011-06-30 13:58:00,3,127.01,161,High,1,0.5966148227999781
14804.0,2011-12-01 11:20:00,1,50.89,8,Low,0,0.6907067977913522
14805.0,2011-11-24 16:20:00,7,624.79,14,Low,0,0.37948626066079794
14806.0,2011-09-25 15:32:00,2,38.83,74,Medium,0,0.647019394548916
14807.0,2010-11-14 12:47:00,2,128.24,390,High,1,0.6435239379909574
14808.0,2011-10-31 12:21:00,8,819.34,39,Low,0,0.32640712707345443
14809.0,2010-03-28 15:44:00,2,69.76,620,High,1,0.6458119520156246
14810.0,2011-10-30 11:19:00,13,774.37,40,Low,0,0.15259239245829098
14811.0,2010-11-17 13:09:00,1,79.95,386,High,1,0.6896454637772265
14812.0,2010-04-20 12:13:00,1,79.42,598,High,1,0.6896648384501226
14813.0,2010-12-05 11:57:00,4,556.02,369,High,1,0.5296111940562754
14814.0,2010-05-07 14:10:00,1,81.47,580,High,1,0.689589894988083
14815.0,2011-11-03 11:36:00,2,87.71000000000001,36,Low,0,0.6451103670661245
14816.0,2011-05-26 13:16:00,1,265.9,196,High,1,0.6828071482589246
14817.0,2011-05-23 13:35:00,7,936.31,199,High,1,0.36704003377203864
14818.0,2011-09-27 11:01:00,6,387.3,73,Medium,0,0.43741883902798434
14819.0,2011-10-06 13:41:00,4,215.26,63,Medium,0,0.5440813946054669
14820.0,2011-11-18 15:41:00,9,257.93,20,Low,0,0.3040437328644511
14821.0,2010-12-08 08:43:00,7,210.89000000000001,366,High,1,0.3962688251149401
14822.0,2010-08-11 12:52:00,1,24.1,484,High,1,0.6916834484348533
14823.0,2011-06-12 13:12:00,3,296.43,179,High,1,0.5896317574590116
14824.0,2011-11-29 14:20:00,10,401.34000000000003,9,Low,0,0.2588159563474931
14825.0,2011-12-06 11:38:00,24,787.32,3,Low,0,0.019620408541365417
14826.0,2010-05-07 09:00:00,2,30.450000000000003,581,High,1,0.6473462100847897
14827.0,2010-02-12 15:47:00,1,0.0,664,High,1,0.6925605706456145
14828.0,2011-05-27 10:16:00,13,190.58,196,High,1,0.1659368853144558
14829.0,2011-11-10 16:16:00,7,248.14000000000001,28,Low,0,0.39474773906317095
14830.0,2011-10-17 14:29:00,1,68.99,52,Medium,0,0.6900459819656215
14831.0,2010-01-28 14:31:00,3,260.66,679,High,1,0.5911092198357728
14832.0,2010-03-19 15:14:00,1,322.69,629,High,1,0.6807026787021535
14833.0,2010-07-29 10:06:00,1,14.0,498,High,1,0.6920512079270398
14834.0,2011-11-22 10:30:00,7,354.46,17,Low,0,0.3904175003513593
14835.0,2010-06-29 10:08:00,2,3.3,528,High,1,0.6484040977839822
14836.0,2011-11-29 16:45:00,3,16.75,9,Low,0,0.6011387089771998
14837.0,2011-09-11 10:58:00,9,341.56,89,Medium,0,0.3010297496444518
14838.0,2010-10-12 15:46:00,2,218.34,422,High,1,0.639985972944079
14839.0,2010-10-17 13:01:00,3,172.59,417,High,1,0.5947398504891642
14840.0,2011-03-17 12:00:00,2,63.13,267,High,1,0.6460709305346392
14841.0,2011-10-17 15:03:00,14,947.92,52,Medium,0,0.1252555354340745
14842.0,2011-10-27 12:37:00,4,772.3100000000001,43,Low,0,0.5203990981776875
14843.0,2010-09-29 12:39:00,1,13.899999999999999,436,High,1,0.6920548478927727
14844.0,2011-10-07 10:41:00,10,804.78,63,Medium,0,0.24581872751743497
14845.0,2010-04-19 10:19:00,1,0.25,599,High,1,0.6925514789917916
14846.0,2010-10-08 17:07:00,1,29.22,426,High,1,0.6914969269153743
14847.0,2011-07-14 10:52:00,3,259.74,148,High,1,0.5911471984089072
14848.0,2010-10-31 12:22:00,1,14.69,404,High,1,0.6920260915126586
14849.0,2011-11-18 10:58:00,43,1773.71,21,Low,0,0.0003815954385423209
14850.0,2011-02-01 11:21:00,7,387.90999999999997,311,High,1,0.38905866486219914
14851.0,2011-11-16 14:20:00,3,90.85000000000001,22,Low,0,0.598100292971718
14852.0,2011-10-12 13:20:00,18,741.98,57,Medium,0,0.06259140344241303
14853.0,2011-11-15 16:56:00,5,178.59,23,Low,0,0.49588142636952176
14854.0,2011-09-22 17:00:00,11,590.36,77,Medium,0,0.21688058200092653
14855.0,2011-08-12 14:02:00,7,620.98,118,High,1,0.379639506419301
14856.0,2011-11-03 14:53:00,3,206.77,35,Low,0,0.5933320081785928
14857.0,2011-10-11 09:23:00,7,685.001,59,Medium,0,0.3770676634374245
14858.0,2010-07-22 10:51:00,1,21.45,505,High,1,0.6917799633418413
14859.0,2011-11-27 11:18:00,5,203.71,12,Low,0,0.4948089102724394
14860.0,2011-11-20 14:17:00,1,9.93,18,Low,0,0.692199335236809
14861.0,2011-10-18 12:54:00,10,197.49,51,Medium,0,0.26555080562542294
14862.0,2011-11-14 10:01:00,2,103.42,25,Low,0,0.6444958210974396
14863.0,2011-11-10 15:04:00,1,22.23,28,Low,0,0.6917515569202236
14865.0,2011-12-02 16:25:00,4,4.8100000000000005,6,Low,0,0.5529825798118168
14866.0,2011-11-29 11:45:00,19,453.97,10,Low,0,0.05432973590341393
14867.0,2011-06-07 11:39:00,16,748.24,185,High,1,0.0904201419561163
14868.0,2011-12-06 14:49:00,12,544.72,2,Low,0,0.1860830154560259
14869.0,2011-12-01 12:36:00,6,612.24,8,Low,0,0.4279883301860845
14870.0,2011-03-23 10:51:00,6,313.75,261,High,1,0.4405125744570337
14871.0,2011-12-06 13:42:00,9,682.4,2,Low,0,0.2889243840677631
14872.0,2010-08-13 12:34:00,3,76.68,483,High,1,0.5986819141712847
14873.0,2011-05-13 13:52:00,2,221.49,209,High,1,0.6398620033684435
14874.0,2010-06-22 14:58:00,1,7.180000000000001,534,High,1,0.6922993988537266
14875.0,2011-08-24 12:20:00,3,404.44,107,High,1,0.5851607341889372
14876.0,2010-07-06 14:57:00,2,32.36,520,High,1,0.6472717332195805
14877.0,2010-10-17 13:09:00,2,206.55,417,High,1,0.6404498075138435
14878.0,2011-11-27 11:15:00,25,1011.05,12,Low,0,0.01553344469763245
14879.0,2010-01-24 11:35:00,1,83.59,684,High,1,0.6895123820151
14880.0,2011-09-23 13:42:00,3,175.69,76,Medium,0,0.5946122282403887
14881.0,2011-11-20 11:06:00,1,23.34,19,Low,0,0.6917111298948905
14882.0,2011-11-13 12:47:00,14,261.73,26,Low,0,0.13867053651269087
14883.0,2011-11-21 10:23:00,6,64.71,18,Low,0,0.45102092112640507
14884.0,2010-02-08 12:56:00,1,15.0,668,High,1,0.6920148069563788
14885.0,2011-07-31 12:05:00,3,45.3,131,High,1,0.5999689454972499
14886.0,2011-04-01 08:56:00,1,56.3,252,High,1,0.6905093647390842
14887.0,2011-09-21 15:32:00,1,9.67,78,Medium,0,0.6922087965704233
14888.0,2011-05-16 14:58:00,1,44.2,206,High,1,0.6909508470728642
14889.0,2011-01-07 15:19:00,1,22.6,335,High,1,0.6917380815716708
14890.0,2011-03-31 11:57:00,3,127.52,253,High,1,0.5965938590105232
14891.0,2011-07-14 18:08:00,4,126.01,147,High,1,0.5478600845961822
14892.0,2010-01-18 08:58:00,1,45.65,690,High,1,0.6908979605233279
14893.0,2011-11-30 12:31:00,3,330.25,9,Low,0,0.5882333494500666
14894.0,2011-09-15 13:51:00,3,135.17000000000002,84,Medium,0,0.5962793598745483
14895.0,2011-12-02 09:23:00,38,4017.54,7,Low,0,0.0007051483336581195
14896.0,2011-05-19 10:20:00,8,757.1,204,High,1,0.3287486950023196
14897.0,2011-12-02 10:32:00,8,551.43,7,Low,0,0.33654659507581597
14898.0,2011-11-16 14:54:00,14,925.45,22,Low,0,0.12567663782425012
14899.0,2010-11-09 15:20:00,1,518.54,394,High,1,0.6733887508346689
14900.0,2010-07-05 15:09:00,1,0.29,521,High,1,0.692550024313306
14901.0,2011-11-28 17:09:00,12,505.66,10,Low,0,0.18709555019209043
14902.0,2011-11-14 10:34:00,3,155.05,25,Low,0,0.5954617037845721
14903.0,2011-11-18 16:07:00,5,980.74,20,Low,0,0.46170513585970274
14904.0,2011-12-07 12:55:00,4,171.98,1,Low,0,0.5459144557656799
14905.0,2011-07-05 12:41:00,8,187.34,157,High,1,0.3505696283721983
14906.0,2010-09-20 16:30:00,1,68.44,444,High,1,0.6900660734591473
14907.0,2011-12-06 14:14:00,16,1065.64,2,Low,0,0.08605947019507842
14908.0,2011-09-26 12:56:00,2,46.949999999999996,73,Medium,0,0.6467025876380238
14909.0,2010-09-28 16:56:00,3,228.97,436,High,1,0.5924167872867537
14910.0,2011-12-07 10:06:00,4,86.53,2,Low,0,0.549529866909633
14911.0,2011-12-08 15:54:00,398,57753.06,0,Low,0,4.657423673395937e-39
14912.0,2011-11-23 09:20:00,6,178.73,16,Low,0,0.4462037980574663
14913.0,2011-11-04 08:29:00,8,459.03000000000003,35,Low,0,0.34007942140460223
14915.0,2011-09-09 13:34:00,11,336.73,90,Medium,0,0.22432827702181388
14916.0,2011-09-30 09:20:00,8,269.83,70,Medium,0,0.34736874665560563
14917.0,2010-04-22 11:28:00,2,64.75,596,High,1,0.6460076586189691
14918.0,2011-08-16 11:50:00,9,559.19,115,High,1,0.2932669378191263
14919.0,2010-06-18 13:06:00,1,41.85,538,High,1,0.6910365491340621
14920.0,2011-05-11 10:32:00,3,342.96,212,High,1,0.5877074395222409
14921.0,2011-11-09 13:17:00,2,154.06,29,Low,0,0.6425116418880188
14922.0,2010-11-11 11:14:00,2,199.42000000000002,393,High,1,0.6407301841432819
14923.0,2011-10-20 11:51:00,1,151.60999999999999,50,Medium,0,0.6870197549460274
14924.0,2011-04-08 09:25:00,3,308.31,245,High,1,0.589140700490445
14926.0,2010-11-23 07:13:00,2,9.65,381,High,1,0.648156802901471
14927.0,2010-11-08 12:30:00,1,46.6,396,High,1,0.6908633080034149
14928.0,2010-03-22 09:14:00,1,29.28,627,High,1,0.6914947407458524
14929.0,2011-11-07 17:21:00,2,74.0,31,Low,0,0.6456462859100685
14930.0,2011-08-23 10:31:00,6,1314.23,108,High,1,0.3989212972271458
14931.0,2011-12-05 10:19:00,5,498.06,4,Low,0,0.48224761412141726
14932.0,2010-12-09 11:48:00,2,410.03,365,High,1,0.6324084480951448
14933.0,2010-09-22 10:47:00,4,11.8,443,High,1,0.5526874436139672
14934.0,2011-09-19 10:10:00,5,667.1,81,Medium,0,0.4750429958213729
14935.0,2011-02-15 14:44:00,2,44.0,296,High,1,0.646817698669493
14936.0,2011-11-06 10:30:00,12,2041.03,33,Low,0,0.15043009082571887
14937.0,2011-10-14 12:29:00,3,115.6,56,Medium,0,0.597083743822044
14938.0,2010-05-26 13:38:00,2,212.87,561,High,1,0.6402012027238249
14940.0,2010-10-18 10:47:00,2,52.55,417,High,1,0.6464840249738932
14941.0,2010-05-10 11:30:00,1,16.4,578,High,1,0.691963841586238
14942.0,2010-11-03 10:51:00,4,47.44,401,High,1,0.5511820560133049
14943.0,2010-02-14 16:04:00,1,15.920000000000002,662,High,1,0.6919813159545756
14944.0,2011-11-10 09:10:00,19,1015.27,29,Low,0,0.04960948175346186
14945.0,2010-10-22 11:26:00,1,17.05,413,High,1,0.6919401775024014
14946.0,2011-11-25 13:33:00,1,14.05,13,Low,0,0.6920493879352183
14947.0,2011-09-28 15:48:00,6,277.37,71,Medium,0,0.4420445522845795
14948.0,2011-11-16 17:16:00,6,176.76,22,Low,0,0.44628694366340405
14949.0,2010-08-27 15:38:00,4,77.05,468,High,1,0.5499306530564579
14950.0,2011-11-20 13:48:00,1,98.67,18,Low,0,0.6889607093355478
14951.0,2011-09-21 15:15:00,1,37.9,78,Medium,0,0.6911805719236486
14952.0,2011-10-11 10:33:00,32,1121.59,59,Medium,0,0.0038163348714411525
14953.0,2011-11-14 14:59:00,4,534.88,24,Low,0,0.5305105967800896
14954.0,2011-11-27 14:30:00,2,390.83,11,Low,0,0.6331704524870082
14955.0,2009-12-07 11:35:00,1,81.42,732,High,1,0.6895917229957992
14956.0,2010-10-14 16:40:00,1,2.12,420,High,1,0.6924834686800437
14957.0,2011-03-31 17:59:00,2,77.03999999999999,252,High,1,0.6455274849233299
14958.0,2011-07-15 14:20:00,6,408.77,146,High,1,0.4365166520446972
14959.0,2011-10-06 18:23:00,4,86.14,63,Medium,0,0.5495463562188021
14960.0,2011-12-01 12:54:00,2,48.7,7,Low,0,0.6466342933898757
14961.0,2011-11-29 09:42:00,22,1969.9,10,Low,0,0.02379245434680587
14962.0,2011-03-14 09:42:00,4,71.59,270,High,1,0.5501614562090089
14963.0,2011-11-30 12:16:00,12,1092.71,9,Low,0,0.1723217808609676
14964.0,2011-04-06 14:13:00,1,44.26,246,High,1,0.690948658763115
14965.0,2011-09-04 13:20:00,2,196.56,95,High,1,0.6408426223911085
14966.0,2011-11-25 12:20:00,6,371.06,14,Low,0,0.4381015325661897
14967.0,2011-10-21 11:06:00,6,97.89,49,Medium,0,0.4496181424489374
14968.0,2011-11-09 13:58:00,2,285.33,29,Low,0,0.6373455514866906
14969.0,2010-01-05 12:43:00,1,42.11,703,High,1,0.6910270678503754
14970.0,2011-10-02 13:44:00,12,536.03,67,Medium,0,0.1863079162160094
14971.0,2011-11-04 17:07:00,3,496.33,34,Low,0,0.5813458865929221
14972.0,2011-08-03 14:54:00,2,94.1,127,High,1,0.6448604597796564
14973.0,2011-08-24 15:51:00,3,680.3100000000001,106,High,1,0.573679013280536
14974.0,2011-11-02 13:01:00,1,72.81,36,Low,0,0.6899064176189168
14975.0,2011-10-13 14:08:00,2,46.97,56,Medium,0,0.6467018071661581
14976.0,2011-10-13 16:37:00,7,284.79,56,Medium,0,0.39325314044624116
14977.0,2009-12-14 10:37:00,1,9.84,725,High,1,0.6922026103321067
14978.0,2011-09-28 13:07:00,10,1534.68,71,Medium,0,0.22344475209999135
14979.0,2009-12-04 12:54:00,1,158.65,734,High,1,0.6867611490541835
14980.0,2009-12-02 14:09:00,1,83.7,736,High,1,0.6895083598252079
14981.0,2011-04-07 13:45:00,2,40.78,245,High,1,0.64694332584795
14982.0,2010-05-16 15:52:00,1,97.73,571,High,1,0.6889951131319849
14983.0,2010-01-19 17:32:00,1,77.1,688,High,1,0.6897496405085918
14984.0,2011-11-20 14:28:00,6,252.04,18,Low,0,0.44311186323848745
14985.0,2011-05-25 14:29:00,2,166.02,197,High,1,0.6420423075123789
14986.0,2010-11-28 15:25:00,2,230.75,375,High,1,0.6394974641786659
14987.0,2011-11-24 09:59:00,8,52.55,15,Low,0,0.35582887953225645
14988.0,2011-05-12 12:05:00,7,530.76,211,High,1,0.383275289421041
14989.0,2010-02-16 10:40:00,1,55.7,661,High,1,0.6905312646243942
14990.0,2010-04-06 13:54:00,2,99.86,611,High,1,0.6446351235071942
14991.0,2010-10-05 13:01:00,1,85.31,429,High,1,0.6894494863140912
14992.0,2010-09-23 17:48:00,1,50.839999999999996,441,High,1,0.690708622171703
14993.0,2010-05-25 12:47:00,1,17.14,563,High,1,0.6919369008574563
14994.0,2010-11-22 12:59:00,5,670.61,381,High,1,0.47489349649242535
14995.0,2011-11-01 11:39:00,2,158.78,38,Low,0,0.6423264522164734
14996.0,2010-08-15 13:44:00,2,92.88,480,High,1,0.6449081790155189
14997.0,2011-10-24 13:28:00,4,27.25,45,Low,0,0.5520349725017301
14998.0,2011-06-22 17:30:00,4,435.36,169,High,1,0.5347419237444445
14999.0,2010-04-26 10:47:00,1,29.12,592,High,1,0.6915005705121767
15000.0,2011-10-23 11:42:00,1,218.26,47,Medium,0,0.6845668022405207
15001.0,2010-11-10 13:51:00,2,200.35,393,High,1,0.6406936187242472
15002.0,2011-08-16 10:44:00,9,1012.99,115,High,1,0.27746365415349716
15003.0,2010-08-23 15:44:00,6,761.96,472,High,1,0.4217398270492497
15004.0,2011-07-15 14:05:00,1,489.12,146,High,1,0.6744929375511292
15005.0,2011-11-24 12:25:00,56,6007.41,15,Low,0,1.3843720109892532e-05
15006.0,2011-10-19 15:08:00,2,520.32,50,Medium,0,0.6280185644643588
15007.0,2011-07-03 16:00:00,1,37.93,158,High,1,0.6911794782196483
15008.0,2010-08-16 13:09:00,2,3.6,479,High,1,0.6483924163516774
15009.0,2011-11-27 13:35:00,3,447.39,11,Low,0,0.5833788903775942
15010.0,2011-11-04 12:42:00,1,63.370000000000005,35,Low,0,0.6902512467042001
15011.0,2010-11-09 11:10:00,2,41.57,395,High,1,0.6469125061521375
15012.0,2011-10-17 12:22:00,3,677.26,53,Medium,0,0.5738064136887548
15013.0,2010-08-09 12:05:00,10,564.11,487,High,1,0.2535187925085476
15014.0,2011-10-27 20:07:00,2,60.660000000000004,42,Low,0,0.6461673908336758
15015.0,2010-07-26 13:50:00,13,625.71,500,High,1,0.15590466222722618
15016.0,2011-06-20 12:06:00,5,352.82,172,High,1,0.48844387131599215
15017.0,2011-11-06 10:33:00,1,65.25,33,Low,0,0.6901825899721558
15018.0,2011-11-01 12:47:00,3,238.23,38,Low,0,0.5920348430087242
15019.0,2011-03-18 12:35:00,1,155.98,266,High,1,0.6868592419581606
15020.0,2010-11-25 13:29:00,1,89.41,378,High,1,0.6892995322823252
15021.0,2011-12-01 11:53:00,12,1875.41,8,Low,0,0.15408111942824226
15022.0,2011-11-28 12:35:00,5,451.89,11,Low,0,0.48421682671912986
15023.0,2011-12-06 17:23:00,20,3971.11,2,Low,0,0.025158869760850234
15024.0,2011-11-30 12:06:00,16,1017.74,9,Low,0,0.08670513173996396
15025.0,2011-11-06 15:20:00,2,442.7,32,Low,0,0.6311103301150884
15026.0,2011-09-20 13:52:00,5,297.59,79,Medium,0,0.49080114011792225
15027.0,2011-11-09 10:16:00,10,339.6,30,Low,0,0.26084395485132017
15028.0,2011-12-01 14:06:00,6,282.01,7,Low,0,0.44184909783574905
15029.0,2010-03-30 12:16:00,1,27.22,619,High,1,0.6915697943224782
15030.0,2011-09-29 10:50:00,8,117.78999999999999,71,Medium,0,0.3532788995586395
15031.0,2011-12-05 14:19:00,14,1147.48,3,Low,0,0.12156847708138067
15032.0,2011-03-28 15:03:00,8,252.25,255,High,1,0.34804976407017957
15033.0,2011-12-05 12:40:00,10,1063.25,4,Low,0,0.23772652077894765
15034.0,2011-11-24 12:11:00,14,2326.71,15,Low,0,0.10164581737622412
15035.0,2011-09-11 11:08:00,1,57.47,89,Medium,0,0.690466657503234
15036.0,2011-09-28 15:42:00,3,267.73,71,Medium,0,0.5908173265004684
15037.0,2010-11-28 13:05:00,2,106.93,375,High,1,0.6443584512152867
15038.0,2011-10-12 11:33:00,9,1013.53,58,Medium,0,0.2774451643357832
15039.0,2011-11-30 11:31:00,93,9067.73,9,Low,0,5.106821518870345e-09
15040.0,2010-06-16 11:40:00,1,7.49,541,High,1,0.6922881198588686
15041.0,2011-06-22 16:16:00,2,190.99,169,High,1,0.6410615573631188
15042.0,2011-05-24 16:25:00,2,30.89,198,High,1,0.6473290537451836
15043.0,2011-11-08 14:26:00,6,171.82,30,Low,0,0.4464954539740282
15044.0,2011-11-20 13:20:00,35,4388.8,18,Low,0,0.001203592427208034
15045.0,2011-07-11 11:33:00,2,83.03,151,High,1,0.6452933475519156
15046.0,2011-11-30 15:50:00,25,1238.1,8,Low,0,0.014951428276873742
15047.0,2011-03-15 10:49:00,1,49.94,269,High,1,0.6907414600018194
15048.0,2011-10-05 14:55:00,4,312.14,64,Medium,0,0.5399739257186968
15049.0,2011-03-11 12:13:00,1,5.49,273,High,1,0.6923608835283348
15050.0,2011-11-14 16:17:00,5,413.56,24,Low,0,0.4858520278380904
15051.0,2011-11-16 15:38:00,9,704.22,22,Low,0,0.28815932544921313
15052.0,2011-01-24 15:52:00,1,105.34,318,High,1,0.6887165288355966
15053.0,2011-12-05 12:08:00,3,111.97,4,Low,0,0.5972328901248458
15054.0,2011-11-27 15:02:00,2,195.26,11,Low,0,0.6408937255720691
15055.0,2010-08-22 11:06:00,3,267.02,474,High,1,0.5908466425878688
15056.0,2010-07-07 15:58:00,1,22.25,519,High,1,0.6917508285313538
15057.0,2011-03-09 15:17:00,5,233.67,274,High,1,0.4935298102611452
15058.0,2011-11-14 14:57:00,16,1037.12,24,Low,0,0.08644337525001342
15059.0,2011-10-30 11:35:00,19,1834.71,40,Low,0,0.04341147832704307
15060.0,2011-12-01 13:47:00,4,209.13,7,Low,0,0.5443410955718988
15061.0,2011-12-06 12:06:00,127,2342.44,3,Low,0,1.8233043853070684e-11
15062.0,2011-09-29 16:51:00,8,408.27,70,Medium,0,0.34202780941410216
15063.0,2011-05-10 13:25:00,1,42.85,212,High,1,0.6910000817779088
15064.0,2010-10-25 14:32:00,4,320.0,409,High,1,0.5396404355707188
15065.0,2011-11-02 09:45:00,5,841.06,37,Low,0,0.46763954505201866
15066.0,2011-10-17 13:25:00,1,187.34,52,Medium,0,0.6857060563114946
15067.0,2011-09-22 13:20:00,5,700.41,77,Medium,0,0.47362442690584133
15068.0,2011-10-24 14:47:00,4,510.03,45,Low,0,0.5315675879188637
15069.0,2011-06-13 14:16:00,1,316.64,178,High,1,0.680927226587041
15070.0,2010-12-02 11:23:00,3,118.7,372,High,1,0.596956359485529
15071.0,2011-09-07 11:43:00,4,253.48,93,High,1,0.542461647157766
15072.0,2010-08-17 15:46:00,1,18.35,478,High,1,0.6918928463092103
15073.0,2011-11-30 10:44:00,8,576.68,9,Low,0,0.33558433539565186
15074.0,2011-08-26 14:45:00,3,144.46,104,High,1,0.5958973323207745
15075.0,2011-09-23 12:27:00,1,89.45,77,Medium,0,0.6892980691202775
15076.0,2011-06-20 08:23:00,3,266.22,172,High,1,0.5908796740250862
15077.0,2010-08-02 11:13:00,2,164.47,494,High,1,0.6421031480012959
15078.0,2011-12-02 15:41:00,53,2132.1,6,Low,0,4.882575045059855e-05
15079.0,2011-05-11 12:45:00,11,593.78,212,High,1,0.21678138811057926
15080.0,2010-10-08 11:52:00,2,74.05,427,High,1,0.6456443320917618
15081.0,2011-11-17 17:08:00,12,498.33,21,Low,0,0.18728603442129804
15082.0,2010-02-09 10:23:00,1,13.45,668,High,1,0.6920712274430526
15083.0,2011-03-28 12:18:00,1,33.35,256,High,1,0.6913464255516346
15084.0,2010-11-25 11:58:00,2,184.73999999999998,379,High,1,0.6413071505285348
15085.0,2009-12-10 11:47:00,1,20.91,729,High,1,0.6917996284757633
15086.0,2010-05-24 12:27:00,2,31.740000000000002,564,High,1,0.6472959097405706
15087.0,2011-03-03 10:34:00,1,30.54,281,High,1,0.6914488292039287
15088.0,2011-11-18 13:14:00,2,300.39,20,Low,0,0.6367508101293108
15089.0,2011-11-29 16:31:00,6,481.39,9,Low,0,0.4334682465480877
15090.0,2011-02-04 14:03:00,1,81.92,307,High,1,0.6895734426522702
15091.0,2011-10-03 12:47:00,3,144.61,67,Medium,0,0.5958911629983453
15092.0,2011-05-08 14:10:00,3,239.28,214,High,1,0.5919915269643539
15093.0,2011-11-21 13:09:00,23,815.23,17,Low,0,0.023738920310320457
15094.0,2010-09-02 16:55:00,2,15.25,462,High,1,0.6479386501139636
15095.0,2011-08-28 12:01:00,10,315.01,103,High,1,0.2616545298844722
15096.0,2011-10-28 10:27:00,1,34.23,42,Low,0,0.6913143522123745
15097.0,2011-12-05 14:03:00,3,205.92000000000002,3,Low,0,0.5933670375862081
15098.0,2011-06-10 15:33:00,3,1303.95,181,High,1,0.5474471084834492
15099.0,2011-09-16 13:13:00,1,47.690000000000005,83,Medium,0,0.6908235461522244
15100.0,2011-01-10 10:35:00,7,119.69999999999999,333,High,1,0.4000009497321807
15101.0,2011-12-01 10:18:00,6,245.53,8,Low,0,0.44338625542654947
15102.0,2010-06-27 12:16:00,2,88.98,530,High,1,0.645060704780046
15103.0,2011-11-08 14:53:00,2,197.64000000000001,30,Low,0,0.6408001650100104
15104.0,2011-05-27 12:29:00,2,374.39,196,High,1,0.6338223901868854
15105.0,2011-11-21 16:54:00,9,376.07,17,Low,0,0.2997909965152329
15106.0,2011-11-22 09:16:00,5,248.82,17,Low,0,0.49288303353774154
15107.0,2011-02-01 14:46:00,9,276.9,310,High,1,0.303358573981097
15108.0,2011-07-21 10:24:00,4,289.8,141,High,1,0.5409215880697495
15109.0,2011-04-08 09:58:00,3,260.8,245,High,1,0.5911034403923453
15110.0,2011-11-16 11:16:00,6,395.1,23,Low,0,0.4370910284343078
15111.0,2011-11-10 16:58:00,5,594.38,28,Low,0,0.478141282250771
15112.0,2010-04-07 14:17:00,1,30.5,610,High,1,0.6914502867713458
15113.0,2011-11-30 08:23:00,3,213.44,9,Low,0,0.593057097431114
15114.0,2011-11-09 15:05:00,12,417.81,29,Low,0,0.18938832993728805
15115.0,2011-11-21 14:59:00,2,118.22,17,Low,0,0.6439164365047552
15116.0,2011-11-22 12:25:00,4,124.3,17,Low,0,0.547932430597084
15117.0,2011-11-25 08:12:00,8,271.32,14,Low,0,0.34731105540012985
15118.0,2011-07-28 14:54:00,1,0.17,133,High,1,0.6925543883372809
15119.0,2011-04-08 09:08:00,1,108.2,245,High,1,0.6886117955779744
15120.0,2011-07-29 09:48:00,1,103.31,133,High,1,0.6887908557610243
15121.0,2011-10-20 14:51:00,2,118.35,49,Medium,0,0.643911345445377
15122.0,2011-08-17 16:48:00,11,807.05,113,High,1,0.21066053777041047
15123.0,2011-12-02 13:12:00,5,549.5699999999999,6,Low,0,0.48005129670285307
15124.0,2011-11-17 10:09:00,4,97.56,22,Low,0,0.5490634705021776
15125.0,2011-11-14 13:57:00,24,944.34,24,Low,0,0.01911113134829526
15126.0,2010-06-21 12:31:00,2,70.07,536,High,1,0.6457998408202361
15127.0,2011-10-05 10:30:00,2,85.89,65,Medium,0,0.6451815311909399
15128.0,2011-10-10 13:54:00,5,260.9,59,Medium,0,0.49236733678526395
15129.0,2011-10-20 14:40:00,23,508.5,49,Medium,0,0.024983826889690943
15130.0,2011-06-23 10:15:00,1,53.24,169,High,1,0.6906210452124482
15131.0,2010-11-10 12:07:00,1,14.56,394,High,1,0.6920308236776478
15132.0,2011-11-21 17:10:00,5,107.26,17,Low,0,0.4989270846082501
15133.0,2011-08-04 10:44:00,5,128.14,127,High,1,0.4980355291461381
15134.0,2011-11-25 08:55:00,10,188.66,14,Low,0,0.26584504824170385
15135.0,2011-04-14 19:16:00,2,97.64,238,High,1,0.6447219794626277
15136.0,2011-12-07 12:26:00,4,139.82,2,Low,0,0.5472757427349512
15137.0,2010-07-07 09:41:00,2,71.99,520,High,1,0.6457248253804961
15138.0,2010-11-11 09:16:00,1,136.05,393,High,1,0.6875909200560444
15139.0,2011-04-14 11:39:00,2,17.61,239,High,1,0.6478466957984598
15140.0,2011-10-18 14:07:00,8,287.24,51,Medium,0,0.3466949296318967
15141.0,2010-09-08 11:33:00,7,150.74,457,High,1,0.39872925145031507
15142.0,2011-10-24 12:51:00,6,292.9,45,Low,0,0.4413904404711436
15143.0,2011-04-28 12:03:00,2,94.14,225,High,1,0.6448588951657656
15144.0,2011-12-01 15:12:00,29,1089.59,7,Low,0,0.0069598824843743615
15145.0,2011-12-05 17:21:00,4,228.72,3,Low,0,0.5435110700682568
15146.0,2011-06-28 12:09:00,2,139.12,164,High,1,0.6430975335911071
15147.0,2011-04-13 15:57:00,1,83.55,239,High,1,0.689513844622505
15148.0,2011-11-29 08:21:00,1,50.71,10,Low,0,0.6907133655328044
15149.0,2011-07-29 10:58:00,5,511.27,133,High,1,0.48168428861077467
15150.0,2011-11-22 12:52:00,13,1626.83,16,Low,0,0.1347019158943626
15151.0,2010-10-12 16:37:00,2,786.34,422,High,1,0.617344044035469
15152.0,2011-11-30 12:32:00,14,998.46,9,Low,0,0.1243127995039933
15153.0,2011-11-08 17:09:00,1,102.64999999999999,30,Low,0,0.6888150190695248
15154.0,2011-09-25 16:05:00,3,712.35,74,Medium,0,0.572340094529089
15155.0,2010-11-21 12:59:00,1,93.91,382,High,1,0.6891349028204014
15156.0,2011-12-08 18:22:00,3,156.26,0,Low,0,0.5954119198293382
15157.0,2011-12-06 11:28:00,5,268.0,3,Low,0,0.49206424438100904
15158.0,2011-10-25 13:53:00,2,194.82,44,Low,0,0.6409110213091521
15159.0,2011-12-08 12:05:00,34,2263.8,1,Low,0,0.0021103840410052867
15160.0,2010-12-17 14:15:00,4,58.81,356,High,1,0.5507016031755837
15161.0,2010-11-16 16:08:00,1,61.75,387,High,1,0.6903104016282726
15162.0,2009-12-08 13:14:00,1,55.6,730,High,1,0.6905349145221374
15163.0,2011-11-21 13:10:00,2,70.68,17,Low,0,0.6457760085672025
15164.0,2011-10-02 12:05:00,9,976.7,68,Medium,0,0.27870797624309773
15165.0,2010-12-01 14:03:00,1,269.3,372,High,1,0.6826813633772268
15166.0,2010-08-29 12:31:00,1,29.64,467,High,1,0.691481623548535
15167.0,2011-01-23 12:41:00,5,1007.5,320,High,1,0.46056940278994163
15168.0,2011-11-14 11:26:00,1,16.69,25,Low,0,0.6919532838888285
15169.0,2010-11-22 13:04:00,2,138.65,381,High,1,0.6431159583259266
15170.0,2010-10-29 10:34:00,1,12.7,406,High,1,0.6920985256188488
15171.0,2011-01-12 15:36:00,1,18.85,330,High,1,0.6918746409300974
15172.0,2011-12-01 11:51:00,5,229.67000000000002,8,Low,0,0.4937005800952378
15173.0,2010-11-24 10:21:00,7,236.11,380,High,1,0.3952387571177829
15174.0,2011-01-21 09:06:00,2,83.87,322,High,1,0.6452605080286525
15175.0,2011-09-29 11:31:00,1,17.03,71,Medium,0,0.691940905643097
15176.0,2010-02-10 10:36:00,1,230.22,667,High,1,0.6841255366986796
15177.0,2010-10-10 12:48:00,1,98.36,425,High,1,0.6889720554991277
15178.0,2011-03-24 15:12:00,1,4.05,259,High,1,0.6924132674497503
15179.0,2011-11-21 12:53:00,13,937.91,17,Low,0,0.14901547243448018
15180.0,2010-12-07 14:57:00,3,131.93,366,High,1,0.5964125691831912
15181.0,2011-10-04 13:58:00,5,37.75,65,Medium,0,0.5018951106840681
15182.0,2011-07-08 13:37:00,11,424.352,153,High,1,0.2217349277397034
15183.0,2010-06-10 10:43:00,3,143.76,547,High,1,0.5959261220912603
15184.0,2011-11-10 13:41:00,4,257.54,28,Low,0,0.5422895327089085
15185.0,2011-09-30 14:06:00,1,48.88,69,Medium,0,0.6907801331988886
15186.0,2011-11-25 14:58:00,5,173.9,13,Low,0,0.49608167371913076
15187.0,2011-12-08 11:56:00,16,275.9,1,Low,0,0.0972780541980138
15188.0,2009-12-14 13:30:00,1,59.910000000000004,724,High,1,0.6903775823810341
15189.0,2011-12-08 13:22:00,46,1024.84,0,Low,0,0.00023837435920066999
15190.0,2010-10-01 13:09:00,1,90.49,433,High,1,0.6892600255787265
15191.0,2010-09-02 15:37:00,3,116.3,462,High,1,0.5970549807611012
15192.0,2011-08-12 11:41:00,5,271.97,119,High,1,0.4918947712976392
15193.0,2011-10-10 08:23:00,1,121.55,60,Medium,0,0.6881226631115163
15194.0,2011-12-06 15:10:00,28,1168.39,2,Low,0,0.008371255190998225
15195.0,2011-12-07 12:20:00,1,2.75,2,Low,0,0.6924605542317435
15196.0,2010-10-03 10:50:00,2,105.15,432,High,1,0.6444281175472395
15197.0,2011-11-29 10:00:00,6,154.28,10,Low,0,0.44723594380632037
15198.0,2011-09-08 14:42:00,5,95.08,91,High,1,0.4994471621422215
15199.0,2011-10-11 15:12:00,10,219.0,58,Medium,0,0.264834897359163
15200.0,2010-08-02 09:38:00,1,113.9,494,High,1,0.6884030039052692
15201.0,2011-09-13 14:53:00,7,174.22,86,Medium,0,0.397768189630424
15202.0,2010-10-15 13:05:00,3,6001.49,419,High,1,0.35161045684155984
15203.0,2011-11-14 08:16:00,15,465.95,25,Low,0,0.11296775726384947
15204.0,2010-12-17 13:49:00,1,21.64,356,High,1,0.6917730439625994
15205.0,2011-09-15 19:36:00,2,136.32999999999998,84,Medium,0,0.6432068997498471
15206.0,2011-11-29 13:41:00,4,24.15,9,Low,0,0.5521659034774934
15207.0,2010-10-19 13:29:00,3,39.36,415,High,1,0.6002124162651244
15208.0,2011-12-08 17:24:00,6,229.18,0,Low,0,0.44407554907521984
15209.0,2009-12-09 17:26:00,1,45.29,729,High,1,0.6909110914437114
15210.0,2011-04-28 16:11:00,3,317.73,224,High,1,0.5887512006967793
15211.0,2011-10-10 13:31:00,2,404.57,59,Medium,0,0.632625210598057
15212.0,2011-04-12 13:45:00,2,34.13999999999999,240,High,1,0.6472023190177878
15213.0,2011-01-25 12:21:00,2,37.29,318,High,1,0.6470794640535904
15214.0,2011-12-08 12:07:00,8,266.37,1,Low,0,0.34750273155480643
15215.0,2011-10-24 11:41:00,7,541.28,46,Medium,0,0.38285066134896345
15216.0,2011-09-13 11:41:00,2,93.81,87,Medium,0,0.6448718031377462
15217.0,2010-05-25 13:51:00,1,104.02,562,High,1,0.6887648607505304
15218.0,2011-11-29 11:48:00,22,1190.4,10,Low,0,0.0270888665549807
15219.0,2011-06-16 16:57:00,2,131.22,175,High,1,0.6434071696679202
15220.0,2011-10-19 12:39:00,6,299.41,51,Medium,0,0.4411163045710516
15221.0,2010-12-08 13:08:00,4,351.95,365,High,1,0.5382844740087462
15222.0,2011-01-25 08:03:00,11,154.02,318,High,1,0.22980502828047938
15223.0,2011-04-28 11:31:00,5,139.23,225,High,1,0.49756200177360316
15224.0,2010-12-16 15:02:00,5,98.23,357,High,1,0.49931265917176565
15225.0,2011-04-19 14:51:00,1,79.35000000000001,233,High,1,0.6896673973194496
15226.0,2011-02-02 11:41:00,1,30.74,310,High,1,0.6914415413096503
15227.0,2011-11-03 11:59:00,9,534.35,36,Low,0,0.2941470388274178
15228.0,2011-10-04 13:56:00,6,750.21,65,Medium,0,0.4222293305667053
15229.0,2010-05-02 13:50:00,1,14.450000000000001,585,High,1,0.6920348277857351
15230.0,2011-04-14 14:39:00,2,40.980000000000004,238,High,1,0.6469355235088388
15231.0,2010-03-28 15:12:00,1,26.07,620,High,1,0.6916116887636194
15232.0,2011-08-18 16:27:00,2,31.95,112,High,1,0.6472877210034038
15233.0,2010-11-03 13:36:00,1,4.95,400,High,1,0.6923805280797992
15234.0,2011-03-08 08:53:00,1,23.560000000000002,276,High,1,0.6917031169823441
15235.0,2011-05-06 09:44:00,16,553.52,217,High,1,0.0931929159475582
15236.0,2011-02-14 10:52:00,1,24.58,298,High,1,0.6916659646976864
15237.0,2011-12-08 09:46:00,4,249.52,1,Low,0,0.5426295125708247
15238.0,2011-11-10 14:28:00,3,240.38,28,Low,0,0.591946146718266
15239.0,2011-11-29 14:14:00,2,96.42,9,Low,0,0.6447697070556854
15240.0,2011-10-26 09:50:00,12,618.37,44,Low,0,0.1841853297127304
15241.0,2011-10-04 09:05:00,11,306.86,66,Medium,0,0.22521725185416783
15242.0,2010-10-13 15:33:00,1,8.620000000000001,421,High,1,0.6922470041590714
15243.0,2011-09-26 14:12:00,2,190.19,73,Medium,0,0.6410929974188989
15244.0,2011-10-05 13:19:00,3,197.36,64,Medium,0,0.5937197513352463
15245.0,2011-07-28 18:56:00,8,276.01,133,High,1,0.3471294927336598
15246.0,2011-04-15 14:45:00,3,153.25,237,High,1,0.5955357589261602
15247.0,2011-08-09 12:52:00,3,41.73,121,High,1,0.6001152798170942
15248.0,2010-10-24 13:09:00,3,327.22,410,High,1,0.5883586940373777
15249.0,2011-11-08 11:45:00,18,1518.54,31,Low,0,0.05524613948824603
15250.0,2010-03-09 07:35:00,1,3.75,640,High,1,0.6924241801427155
15251.0,2011-11-30 15:02:00,21,923.02,8,Low,0,0.034357290401074464
15252.0,2011-11-03 13:30:00,5,299.18,35,Low,0,0.4907332711873363
15253.0,2011-11-23 16:22:00,8,250.41,15,Low,0,0.3481210783224802
15254.0,2011-08-04 15:04:00,3,217.63,126,High,1,0.5928843725519853
15255.0,2011-10-04 12:43:00,9,546.33,66,Medium,0,0.29372238554769836
15256.0,2011-07-14 11:47:00,2,18.900000000000002,148,High,1,0.6477964280011259
15257.0,2011-03-01 12:58:00,2,376.6,282,High,1,0.6337347798091505
15258.0,2011-06-24 12:30:00,2,191.68,168,High,1,0.6410344393415187
15259.0,2010-07-15 08:47:00,4,464.96,512,High,1,0.5334839047125942
15260.0,2011-08-31 13:55:00,25,1323.28,99,High,1,0.014738664155156681
15261.0,2011-07-27 15:20:00,4,326.21,134,High,1,0.5393769277810431
15262.0,2011-01-20 12:16:00,3,73.59,323,High,1,0.5988087093400309
15263.0,2011-08-25 10:26:00,1,35.49,106,High,1,0.6912684258107696
15264.0,2011-10-06 13:49:00,2,178.06,63,Medium,0,0.6415695585995413
15265.0,2011-07-11 14:46:00,4,696.78,150,High,1,0.523617925667288
15266.0,2011-01-05 13:40:00,5,260.8,337,High,1,0.492371605732958
15267.0,2011-11-17 15:59:00,5,20.189999999999998,21,Low,0,0.5026448969327271
15268.0,2010-08-18 10:33:00,3,84.9,478,High,1,0.5983445501425724
15269.0,2011-11-16 09:32:00,3,251.03,23,Low,0,0.5915067024597601
15270.0,2011-11-24 09:24:00,21,930.87,15,Low,0,0.03431283588418392
15271.0,2011-12-02 14:11:00,24,1620.45,6,Low,0,0.017062436762978653
15272.0,2011-10-13 12:59:00,6,1294.47,56,Medium,0,0.3997308315259232
15273.0,2010-04-19 11:31:00,1,1.06,599,High,1,0.6925220210065335
15274.0,2011-12-05 16:57:00,2,96.77,3,Low,0,0.6447560150079202
15275.0,2011-11-02 11:20:00,1,133.54,37,Low,0,0.6876830020160056
15276.0,2011-10-04 16:39:00,4,467.08,65,Medium,0,0.5333937868134632
15277.0,2011-10-24 10:08:00,2,51.76,46,Medium,0,0.6465148616338843
15278.0,2010-05-27 10:03:00,4,36.62,561,High,1,0.5516391792805796
15279.0,2010-12-20 10:48:00,5,365.77,354,High,1,0.4878912235338299
15280.0,2011-06-20 17:14:00,3,102.0,171,High,1,0.5976424362779512
15281.0,2011-10-12 09:10:00,16,1819.6299999999999,58,Medium,0,0.07645574237047778
15282.0,2010-05-18 16:27:00,1,35.33,569,High,1,0.6912742579443744
15283.0,2010-11-14 14:54:00,3,58.04,389,High,1,0.5994465875566146
15284.0,2010-07-27 13:25:00,1,4.95,499,High,1,0.6923805280797992
15285.0,2010-10-28 09:46:00,1,5.67,407,High,1,0.6923543351896081
15286.0,2011-10-21 11:08:00,1,13.350000000000001,49,Medium,0,0.6920748672774422
15287.0,2011-11-17 15:34:00,5,80.72,21,Low,0,0.5000603256112693
15288.0,2011-10-27 16:58:00,10,574.43,42,Low,0,0.2531853645874844
15289.0,2011-11-10 13:49:00,5,135.06,28,Low,0,0.4977400544300947
15290.0,2011-12-05 11:39:00,26,813.39,4,Low,0,0.013191972569867007
15291.0,2011-11-14 11:02:00,40,1303.1,25,Low,0,0.0007521505168223204
15292.0,2011-05-22 15:00:00,1,115.82,200,High,1,0.6883326568276388
15293.0,2010-02-12 11:54:00,1,29.15,665,High,1,0.6914994774356387
15294.0,2010-10-25 11:45:00,1,53.7,410,High,1,0.6906042580653542
15295.0,2010-02-23 13:03:00,1,104.82,653,High,1,0.6887355691718926
15296.0,2011-10-20 11:47:00,12,1729.41,50,Medium,0,0.15735945008895175
15297.0,2011-11-29 16:32:00,3,106.64,9,Low,0,0.5974518519668232
15298.0,2011-12-07 17:17:00,23,1009.95,1,Low,0,0.02298024658573747
15299.0,2011-10-03 14:19:00,10,641.61,66,Medium,0,0.25102194644585263
15300.0,2011-10-06 17:08:00,1,80.14,63,Medium,0,0.6896385179777852
15301.0,2011-10-20 09:57:00,17,1144.85,50,Medium,0,0.07071365693823645
15302.0,2009-12-09 13:11:00,1,74.5,729,High,1,0.6898446621454754
15303.0,2011-02-22 13:59:00,3,317.44,289,High,1,0.588763193329165
15304.0,2011-10-10 10:23:00,9,219.05,60,Medium,0,0.3054507200770317
15305.0,2010-06-02 13:50:00,1,17.15,554,High,1,0.6919365367846022
15306.0,2011-10-06 12:56:00,9,430.99,63,Medium,0,0.29782564259510774
15307.0,2011-09-05 11:38:00,1,80.95,95,High,1,0.6896089059789849
15308.0,2011-03-10 13:08:00,1,76.64,273,High,1,0.6897664531951739
15309.0,2010-04-08 11:11:00,4,170.1,610,High,1,0.5459940525820238
15310.0,2010-08-18 11:38:00,1,72.55,478,High,1,0.6899159178601318
15311.0,2011-12-09 12:00:00,208,11868.7,0,Low,0,3.4313551323461053e-19
15312.0,2011-09-25 13:10:00,12,449.67,74,Medium,0,0.18855434287353715
15313.0,2011-08-21 16:02:00,1,2.08,109,High,1,0.6924849235336052
15314.0,2011-05-24 14:39:00,3,86.88,198,High,1,0.598263273338569
15315.0,2011-10-06 12:51:00,2,32.65,63,Medium,0,0.6472604245880024
15316.0,2011-01-17 11:34:00,1,1.65,326,High,1,0.6925005629677272
15317.0,2010-01-31 15:55:00,1,16.75,676,High,1,0.6919510995125747
15318.0,2011-12-06 11:30:00,1,19.330000000000002,3,Low,0,0.6918571632048373
15319.0,2011-03-01 12:48:00,1,51.86,283,High,1,0.6906714036367031
15320.0,2011-10-26 13:27:00,1,110.29,43,Low,0,0.6885352475298095
15321.0,2011-09-30 09:40:00,12,880.49,70,Medium,0,0.1775530971611386
15322.0,2011-09-15 09:34:00,2,307.6,85,Medium,0,0.6364659284659446
15323.0,2010-05-26 10:01:00,3,116.0,562,High,1,0.597067307868968
15324.0,2010-01-07 14:37:00,1,18.47,700,High,1,0.691888477072638
15325.0,2011-08-28 11:55:00,8,459.1,103,High,1,0.3400767382158921
15326.0,2011-01-10 11:38:00,5,334.36,333,High,1,0.4892317096374194
15327.0,2011-10-18 11:55:00,1,43.97,52,Medium,0,0.6909592355142303
15328.0,2010-10-28 09:05:00,1,19.71,407,High,1,0.6918433262824026
15329.0,2011-10-31 15:36:00,11,668.95,38,Low,0,0.2146094409137296
15330.0,2011-11-07 17:50:00,2,7.29,31,Low,0,0.6482487202076215
15331.0,2010-07-28 09:42:00,3,78.66,499,High,1,0.5986006598374229
15332.0,2010-12-08 14:43:00,6,494.41,365,High,1,0.43292222461956165
15333.0,2011-05-15 13:27:00,1,47.42,207,High,1,0.6908333956813677
15334.0,2011-07-06 11:22:00,3,148.14,156,High,1,0.5957459695306351
15335.0,2011-10-17 12:50:00,1,101.39,53,Medium,0,0.6888611461658103
15336.0,2010-11-03 12:39:00,1,74.4,401,High,1,0.6898483165039196
15337.0,2010-10-24 15:29:00,1,78.88,410,High,1,0.6896845779986618
15338.0,2010-01-31 14:25:00,1,148.55,676,High,1,0.6871321240982149
15339.0,2011-10-04 12:51:00,7,597.07,65,Medium,0,0.38060176104621035
15340.0,2010-05-27 10:27:00,1,11.1,561,High,1,0.6921567572369614
15341.0,2011-09-20 09:40:00,2,64.17,80,Medium,0,0.6460303121146755
15342.0,2011-08-02 10:19:00,1,56.839999999999996,129,High,1,0.6904896541111711
15343.0,2011-09-13 13:55:00,1,134.2,86,Medium,0,0.6876587906653036
15344.0,2011-12-09 10:45:00,3,196.54,0,Low,0,0.5937535342674416
15345.0,2011-10-25 11:28:00,1,154.60999999999999,45,Low,0,0.6869095677834096
15346.0,2011-01-11 11:18:00,3,121.32000000000001,332,High,1,0.5968486889762712
15347.0,2010-12-08 15:25:00,4,115.4,365,High,1,0.5483089354885727
15348.0,2011-09-28 13:17:00,1,19.02,71,Medium,0,0.6918684509652844
15349.0,2011-07-04 16:06:00,2,211.7,157,High,1,0.640247231758793
15350.0,2010-12-01 13:33:00,2,86.5,372,High,1,0.6451576801942629
15351.0,2011-11-27 12:52:00,10,1075.01,11,Low,0,0.23736273235178623
15352.0,2010-06-09 11:28:00,1,102.95,548,High,1,0.6888040358749842
15353.0,2011-03-30 12:15:00,7,1163.48,254,High,1,0.35807331115660257
15354.0,2010-04-15 16:24:00,3,284.4,602,High,1,0.5901288326571795
15355.0,2011-11-10 13:44:00,2,85.60000000000001,28,Low,0,0.6451928699363174
15356.0,2011-11-08 13:11:00,13,1546.77,30,Low,0,0.13630370401340738
15358.0,2011-12-05 09:04:00,42,2198.61,4,Low,0,0.0004332261062475482
15359.0,2010-02-15 10:47:00,8,20.67,662,High,1,0.35707793788635694
15360.0,2011-10-31 09:35:00,1,30.57,39,Low,0,0.6914477360258636
15361.0,2010-12-13 09:52:00,4,100.26,361,High,1,0.5489492895828085
15362.0,2010-09-17 10:37:00,2,144.48,448,High,1,0.6428873832817472
15363.0,2010-12-02 12:28:00,2,139.59,372,High,1,0.6430791084329879
15364.0,2011-09-05 09:46:00,2,57.36,95,High,1,0.6462962463533393
15365.0,2011-11-14 08:29:00,13,710.96,25,Low,0,0.15399810927752933
15366.0,2011-09-25 15:01:00,7,272.21,74,Medium,0,0.3937659331245789
15367.0,2011-10-13 14:13:00,11,789.59,56,Medium,0,0.21115684179455896
15368.0,2011-11-18 14:42:00,2,39.89,20,Low,0,0.6469780453071285
15369.0,2010-08-04 13:54:00,11,115.53999999999999,491,High,1,0.23097035470205848
15370.0,2011-10-30 10:58:00,8,519.65,40,Low,0,0.3377596373111627
15371.0,2010-02-15 13:14:00,1,4.95,661,High,1,0.6923805280797992
15372.0,2011-07-25 16:39:00,8,106.42,136,High,1,0.35372271335850564
15373.0,2011-12-01 15:05:00,17,1047.78,7,Low,0,0.0718109228670609
15374.0,2011-08-03 09:59:00,2,18.41,128,High,1,0.6478155223563128
15375.0,2010-01-18 15:38:00,1,6.88,689,High,1,0.6923103137913578
15376.0,2011-10-30 15:04:00,3,338.75,39,Low,0,0.587881661668236
15377.0,2010-11-22 08:55:00,4,103.05,382,High,1,0.5488312972173574
15378.0,2010-09-03 11:30:00,2,22.7,462,High,1,0.6476483332958344
15379.0,2011-06-23 13:13:00,8,688.83,168,High,1,0.33132694024661485
15380.0,2011-12-01 12:13:00,11,267.82,8,Low,0,0.2263829020393146
15381.0,2011-05-10 11:55:00,5,113.04,213,High,1,0.49868028336910036
15382.0,2011-11-25 10:58:00,12,1503.18,14,Low,0,0.16255104554816757
15384.0,2011-06-23 10:57:00,4,234.79,169,High,1,0.5432538357717974
15385.0,2011-10-30 15:11:00,3,47.06,39,Low,0,0.5998967965201205
15386.0,2011-06-06 13:47:00,1,42.98,185,High,1,0.690995340846837
15387.0,2010-08-04 16:05:00,1,43.3,491,High,1,0.6909836706913489
15388.0,2011-03-14 13:53:00,1,20.63,269,High,1,0.6918098249379706
15389.0,2011-06-20 16:18:00,5,5.84,171,High,1,0.5032576122089376
15390.0,2010-11-08 15:19:00,2,147.51,395,High,1,0.6427685612934793
15391.0,2010-05-04 15:04:00,1,77.91,583,High,1,0.6897200343419646
15392.0,2011-12-05 11:01:00,7,372.34,4,Low,0,0.38969095016986655
15393.0,2011-11-23 16:48:00,5,147.58,15,Low,0,0.49720547137992394
15394.0,2011-11-30 11:49:00,11,808.31,9,Low,0,0.2106247551212989
15395.0,2011-01-18 12:40:00,1,45.8,325,High,1,0.6908924892155213
15396.0,2011-08-19 10:56:00,2,57.09,112,High,1,0.646306788137508
15397.0,2011-02-23 09:25:00,1,29.6,289,High,1,0.6914830810301572
15398.0,2011-11-23 16:47:00,2,196.72,15,Low,0,0.6408363325479112
15399.0,2011-12-08 13:04:00,3,95.49,0,Low,0,0.5979097796225918
15400.0,2011-09-08 13:57:00,8,79.0,91,High,1,0.35479405527925384
15401.0,2010-09-13 13:42:00,2,64.8,451,High,1,0.6460057057007252
15402.0,2011-07-14 12:17:00,6,434.28000000000003,148,High,1,0.43544524734207596
15403.0,2010-08-05 12:21:00,2,3.3200000000000003,491,High,1,0.6484033190273555
15404.0,2010-11-29 11:03:00,1,27.509999999999998,375,High,1,0.6915592291395152
15405.0,2011-06-03 14:44:00,2,130.97,188,High,1,0.6434169663234156
15406.0,2011-11-08 13:22:00,4,312.59,30,Low,0,0.5399548337343779
15407.0,2011-11-06 11:55:00,4,596.1899999999999,33,Low,0,0.5279016335113116
15408.0,2011-03-20 15:02:00,1,152.19,263,High,1,0.6869984537409004
15409.0,2009-12-18 15:35:00,1,28.65,720,High,1,0.6915176950978768
15410.0,2011-09-16 14:47:00,10,590.04,83,Medium,0,0.2526815736437636
15411.0,2011-11-13 15:19:00,4,407.31,25,Low,0,0.535933659291955
15412.0,2011-06-21 15:24:00,1,34.71,170,High,1,0.6912968568862042
15413.0,2010-01-17 11:33:00,5,86.72,691,High,1,0.4998041290917938
15414.0,2011-11-30 09:50:00,3,125.25,9,Low,0,0.5966871657159459
15415.0,2011-01-30 14:13:00,1,83.79,312,High,1,0.6895050689212651
15416.0,2011-10-06 09:38:00,7,738.19,64,Medium,0,0.37493620804613736
15417.0,2011-09-15 15:26:00,1,52.46,84,Medium,0,0.690649509225733
15418.0,2010-10-10 13:38:00,2,147.43,424,High,1,0.6427716987334341
15419.0,2011-11-15 09:23:00,1,10.489999999999998,24,Low,0,0.6921789564312474
15420.0,2010-10-01 15:46:00,6,78.63,433,High,1,0.4504323175093676
15421.0,2011-10-12 09:20:00,10,837.99,58,Medium,0,0.2447686660856666
15422.0,2011-01-20 16:17:00,7,433.78000000000003,322,High,1,0.3871980958006986
15423.0,2011-11-01 14:01:00,3,73.13,37,Low,0,0.5988275838658
15424.0,2011-03-30 13:02:00,3,41.47,253,High,1,0.600125936520908
15425.0,2010-11-04 18:13:00,4,452.07,399,High,1,0.5340317912952371
15426.0,2011-11-20 15:36:00,9,1382.81,18,Low,0,0.26498023022273814
15427.0,2011-11-06 14:29:00,3,648.43,32,Low,0,0.5750101746371543
15428.0,2011-11-24 16:54:00,4,208.84,14,Low,0,0.5443533809920186
15429.0,2011-11-13 12:28:00,2,169.57,26,Low,0,0.6419029459278938
15430.0,2010-08-29 10:42:00,2,142.4,467,High,1,0.6429689406805443
15431.0,2010-07-25 12:44:00,1,4.04,502,High,1,0.6924136312096494
15432.0,2011-11-16 16:30:00,2,70.93,22,Low,0,0.6457662410412346
15433.0,2011-05-10 10:45:00,2,51.55,213,High,1,0.6465230585156029
15434.0,2011-12-01 13:33:00,11,434.32,7,Low,0,0.2214412670198081
15435.0,2011-11-17 16:39:00,1,108.32000000000001,21,Low,0,0.6886074007536092
15436.0,2011-11-27 16:05:00,3,703.66,11,Low,0,0.5727033463162076
15437.0,2011-03-22 13:11:00,2,168.95,261,High,1,0.6419272868633077
15438.0,2011-07-31 14:19:00,1,88.44,130,High,1,0.6893350128032745
15439.0,2010-10-31 10:38:00,4,155.65,404,High,1,0.5466057684815417
15440.0,2011-10-16 12:16:00,3,145.0,54,Medium,0,0.5958751226181719
15441.0,2010-11-08 15:50:00,3,200.57,395,High,1,0.5935874949868378
15442.0,2011-04-05 12:24:00,1,9.9,248,High,1,0.6922004269373918
15443.0,2011-12-08 10:40:00,14,1880.78,1,Low,0,0.10881467477152997
15444.0,2011-11-30 17:37:00,2,613.38,8,Low,0,0.6242979539123185
15445.0,2011-03-20 15:06:00,2,68.95,263,High,1,0.6458435965144178
15446.0,2010-11-28 11:59:00,3,237.14000000000001,376,High,1,0.5920798076755002
15447.0,2011-01-13 11:26:00,5,113.97,330,High,1,0.4986405731920383
15448.0,2011-01-31 10:42:00,2,150.76,312,High,1,0.6426410924480697
15449.0,2011-11-13 15:02:00,3,114.07000000000001,25,Low,0,0.5971466093303509
15450.0,2011-11-09 17:11:00,1,65.18,29,Low,0,0.6901851464901583
15451.0,2010-10-01 13:40:00,2,190.71,433,High,1,0.6410725615205182
15452.0,2011-11-10 12:13:00,6,496.42,29,Low,0,0.4328379453923826
15453.0,2011-12-08 10:59:00,7,727.96,1,Low,0,0.37534578371018773
15454.0,2010-12-12 14:21:00,2,118.21,361,High,1,0.6439168281233597
15455.0,2010-04-21 12:43:00,1,25.5,597,High,1,0.6916324526656491
15456.0,2011-03-01 13:51:00,10,460.4,282,High,1,0.2568856175016235
15457.0,2011-03-22 15:31:00,1,109.19,261,High,1,0.6885755372608462
15458.0,2011-11-14 13:08:00,2,17.27,24,Low,0,0.6478599441299998
15459.0,2010-10-18 15:25:00,2,23.82,416,High,1,0.6476046789128745
15460.0,2010-12-20 16:08:00,1,164.04,353,High,1,0.6865630753904417
15461.0,2010-09-05 12:31:00,2,3.79,460,High,1,0.6483850180193369
15462.0,2011-09-06 13:11:00,4,91.85,93,High,1,0.549304924970236
15463.0,2011-11-10 12:57:00,1,12.99,28,Low,0,0.6920879704835036
15464.0,2011-01-05 15:56:00,1,661.11,337,High,1,0.6680107222456577
15465.0,2011-11-20 10:11:00,32,1395.96,19,Low,0,0.003642256739094545
15466.0,2011-09-15 14:08:00,4,593.95,84,Medium,0,0.5279969813525052
15467.0,2011-11-30 14:17:00,3,117.43,8,Low,0,0.5970085475542536
15468.0,2011-10-19 13:49:00,3,259.15,50,Medium,0,0.5911715536604782
15469.0,2011-10-20 16:21:00,3,226.15,49,Medium,0,0.5925330807750097
15470.0,2010-05-13 09:35:00,1,1.26,575,High,1,0.6925147471883504
15471.0,2011-12-07 14:12:00,3,350.07,1,Low,0,0.5874131569952052
15472.0,2011-08-18 15:17:00,1,173.98,112,High,1,0.6861976182587541
15473.0,2011-11-25 15:15:00,8,37.3,13,Low,0,0.356426130883977
15474.0,2010-04-23 11:14:00,1,87.62,595,High,1,0.6893650049095991
15475.0,2011-09-23 15:20:00,1,52.98,76,Medium,0,0.6906305333775191
15476.0,2010-11-24 15:17:00,4,224.85,379,High,1,0.5436750607181723
15477.0,2010-02-28 10:37:00,1,3.1999999999999997,649,High,1,0.6924441861875849
15478.0,2011-10-30 14:19:00,3,233.07999999999998,39,Low,0,0.5922472771757354
15479.0,2009-12-06 15:08:00,1,45.4,732,High,1,0.6909070792507445
15480.0,2011-08-15 14:32:00,5,3414.7,115,High,1,0.36142264857643325
15481.0,2010-11-03 14:52:00,1,65.76,400,High,1,0.6901639635615134
15482.0,2011-11-24 10:46:00,19,549.47,15,Low,0,0.05349776626145391
15483.0,2011-07-01 13:07:00,10,454.17,160,High,1,0.25708879602911194
15484.0,2011-12-08 15:03:00,6,521.99,0,Low,0,0.4317661370115306
15485.0,2011-11-09 14:31:00,7,601.89,29,Low,0,0.3804077050481779
15486.0,2010-06-30 13:15:00,1,2.55,526,High,1,0.692467828762604
15487.0,2010-01-29 12:07:00,1,34.47,679,High,1,0.6913056046178876
15488.0,2011-09-08 10:11:00,5,35.44,92,High,1,0.50199374485603
15489.0,2011-11-17 08:53:00,8,380.12,22,Low,0,0.3431106349401623
15490.0,2010-10-05 13:11:00,1,88.15,429,High,1,0.689345619949514
15491.0,2011-09-05 15:56:00,6,599.89,94,High,1,0.4285048078808589
15492.0,2011-11-11 14:53:00,2,88.86,27,Low,0,0.6450653974132365
15493.0,2011-11-07 12:04:00,9,2798.7400000000002,32,Low,0,0.22061608354944248
15494.0,2011-11-18 14:51:00,5,833.73,20,Low,0,0.4679512333617269
15495.0,2010-11-25 13:46:00,1,39.35,378,High,1,0.6911277071126918
15496.0,2010-03-18 13:16:00,1,58.089999999999996,630,High,1,0.690444025000508
15497.0,2011-11-22 11:51:00,9,454.05,17,Low,0,0.29700263831242085
15498.0,2011-12-07 12:48:00,44,2990.34,2,Low,0,0.00025395794817466646
15499.0,2009-12-16 12:17:00,1,120.4,723,High,1,0.6881648146523024
15500.0,2011-12-01 13:47:00,4,310.17,7,Low,0,0.5400575048016996
15501.0,2010-10-31 11:15:00,2,222.94,404,High,1,0.6398049317362846
15502.0,2011-11-24 12:48:00,14,4813.49,15,Low,0,0.06889385586850433
15503.0,2010-12-12 10:57:00,2,251.33,362,High,1,0.6386867139871956
15504.0,2011-09-19 13:45:00,4,225.08,80,Medium,0,0.5436653147681215
15505.0,2011-10-18 07:56:00,5,228.15,52,Medium,0,0.49376547301975726
15506.0,2011-11-17 12:11:00,6,522.71,22,Low,0,0.4317359662324488
15507.0,2011-06-21 11:19:00,1,186.45,171,High,1,0.6857388155447033
15508.0,2011-06-03 15:43:00,6,312.12,188,High,1,0.4405811904603528
15509.0,2010-11-24 14:48:00,1,115.94,379,High,1,0.6883282598467346
15510.0,2011-01-13 12:10:00,1,125.0,330,High,1,0.6879961898000664
15511.0,2011-11-28 09:43:00,5,638.94,11,Low,0,0.4762425575027845
15512.0,2011-07-07 10:20:00,4,93.66,155,High,1,0.5492283893721869
15513.0,2011-11-06 14:36:00,35,2801.66,32,Low,0,0.0015777754470401178
15514.0,2011-11-27 14:40:00,18,726.0,11,Low,0,0.06275173569644292
15515.0,2010-11-17 13:39:00,1,20.12,386,High,1,0.6918283965848986
15516.0,2011-10-26 10:51:00,3,41.68,44,Low,0,0.6001173291905716
15517.0,2011-04-20 14:02:00,1,48.81,232,High,1,0.6907826869952319
15518.0,2011-10-06 13:05:00,15,1168.61,63,Medium,0,0.10148872098155509
15519.0,2010-11-21 14:35:00,2,109.19,382,High,1,0.6442699896458334
15520.0,2011-12-08 10:58:00,1,31.04,1,Low,0,0.6914306092895088
15521.0,2011-10-30 13:42:00,16,1350.28,39,Low,0,0.08231183175647826
15522.0,2011-11-07 11:26:00,2,54.14,32,Low,0,0.6464219576209694
15523.0,2011-09-16 16:29:00,16,527.51,83,Medium,0,0.09356901739155997
15524.0,2011-11-15 12:09:00,2,192.2,24,Low,0,0.6410140019759308
15525.0,2011-12-07 14:43:00,4,702.17,1,Low,0,0.5233882843242238
15526.0,2011-11-06 15:04:00,2,21.979999999999997,32,Low,0,0.647676395525632
15527.0,2011-11-21 12:17:00,23,1209.43,18,Low,0,0.02222759072431451
15528.0,2011-03-30 16:14:00,1,67.8,253,High,1,0.6900894517484696
15529.0,2011-11-17 11:29:00,12,1413.25,22,Low,0,0.16465280485119704
15530.0,2011-11-18 12:25:00,5,373.27,21,Low,0,0.48757117070057887
15531.0,2011-12-01 18:43:00,2,692.66,7,Low,0,0.6211166436492459
15532.0,2011-11-14 14:51:00,10,2319.7,24,Low,0,0.20104382095326273
15533.0,2011-11-20 15:35:00,3,335.48,18,Low,0,0.5880169686674461
15534.0,2009-12-14 12:48:00,1,29.9,725,High,1,0.6914721498250428
15535.0,2011-06-19 16:02:00,6,613.1800000000001,172,High,1,0.42794902574436516
15536.0,2010-10-26 16:31:00,1,23.79,408,High,1,0.6916947397230696
15537.0,2011-06-29 13:10:00,1,92.69,162,High,1,0.6891795404277367
15538.0,2010-06-20 10:49:00,6,104.39999999999999,537,High,1,0.44934300700829
15539.0,2011-12-02 13:36:00,1,55.09,6,Low,0,0.6905535286311034
15540.0,2011-11-28 13:51:00,2,48.15,10,Low,0,0.6466557579416428
15541.0,2011-08-17 14:58:00,1,60.730000000000004,113,High,1,0.690347644125326
15542.0,2010-07-15 13:32:00,3,661.48,511,High,1,0.574465397348252
15543.0,2011-02-24 15:26:00,2,122.43,287,High,1,0.6437515479754613
15544.0,2011-11-30 16:43:00,20,879.3,8,Low,0,0.041927158838553115
15545.0,2011-10-16 13:24:00,2,310.52,53,Medium,0,0.6363505261125443
15546.0,2010-04-12 11:51:00,2,65.4,606,High,1,0.6459822703019467
15547.0,2011-12-02 12:52:00,26,3675.58,6,Low,0,0.008132489566789499
15548.0,2010-04-23 12:20:00,1,74.64,595,High,1,0.6898395460038395
15549.0,2011-09-23 16:22:00,8,562.0,76,Medium,0,0.33614361428431244
15550.0,2011-12-05 15:38:00,12,653.42,3,Low,0,0.1832874979795254
15551.0,2011-11-03 12:37:00,7,467.74,36,Low,0,0.3858227316229089
15552.0,2011-05-06 14:47:00,2,66.43,216,High,1,0.6459420378990312
15553.0,2011-10-10 14:02:00,1,134.98000000000002,59,Medium,0,0.6876301759301808
15554.0,2011-03-07 09:00:00,1,67.35,277,High,1,0.6901058890264491
15555.0,2011-11-27 16:19:00,36,3357.19,11,Low,0,0.0011758752287202062
15556.0,2011-11-15 16:08:00,1,55.489999999999995,23,Low,0,0.6905389293822173
15557.0,2011-11-11 12:46:00,1,71.19,28,Low,0,0.6899656088181537
15558.0,2010-03-10 15:25:00,1,107.11,638,High,1,0.6886517136765176
15559.0,2010-05-20 14:06:00,1,230.6,567,High,1,0.6841115111102999
15560.0,2010-11-07 10:15:00,2,26.44,397,High,1,0.6475025492105702
15561.0,2011-11-28 11:07:00,8,286.18,11,Low,0,0.3467359371439302
15562.0,2010-12-23 09:55:00,3,74.03,351,High,1,0.5987906551715995
15563.0,2011-11-17 14:50:00,7,490.45,21,Low,0,0.38490400176821277
15564.0,2010-09-02 15:52:00,2,8.870000000000001,462,High,1,0.6481871835650768
15565.0,2011-10-20 14:33:00,2,36.53,49,Medium,0,0.6471091070315625
15566.0,2010-11-12 12:11:00,2,25.73,392,High,1,0.6475302269124367
15567.0,2011-11-21 10:48:00,1,22.65,18,Low,0,0.6917362605535761
15568.0,2011-12-07 11:27:00,3,135.49,2,Low,0,0.5962662026290818
15569.0,2011-08-28 10:15:00,10,342.45,103,High,1,0.2607501137298552
15570.0,2011-12-02 14:47:00,25,2941.9,6,Low,0,0.011218721391388698
15571.0,2011-11-28 10:02:00,14,1614.99,11,Low,0,0.11329574610624331
15572.0,2011-12-05 10:09:00,10,1262.83,4,Low,0,0.2316047045559734
15573.0,2011-11-08 11:38:00,5,613.63,31,Low,0,0.47732094902829497
15574.0,2011-06-15 12:01:00,6,859.55,177,High,1,0.4176802666211926
15575.0,2010-03-30 12:50:00,1,15.55,619,High,1,0.691994785404753
15576.0,2011-11-02 12:03:00,1,161.15,37,Low,0,0.6866692866174539
15577.0,2011-07-11 17:03:00,5,204.31,150,High,1,0.49478329339464405
15578.0,2011-06-30 13:03:00,1,31.05,161,High,1,0.691430244885144
15579.0,2011-10-02 12:45:00,5,585.56,68,Medium,0,0.47851718367617313
15580.0,2010-11-28 11:00:00,8,555.97,376,High,1,0.3363734786001937
15581.0,2011-08-11 09:38:00,38,4770.639999999999,120,High,1,0.0006200905770999891
15582.0,2011-11-15 09:55:00,3,105.47,24,Low,0,0.5974999115645544
15583.0,2010-11-28 15:04:00,1,85.16,375,High,1,0.6894549716829831
15584.0,2011-11-16 10:55:00,6,711.66,23,Low,0,0.4238363870037409
15585.0,2011-06-16 08:38:00,1,70.19,176,High,1,0.6900021434897131
15586.0,2010-04-26 11:00:00,3,60.04,592,High,1,0.5993645641774982
15587.0,2011-10-20 13:37:00,7,40.620000000000005,49,Medium,0,0.4032468905505281
15588.0,2010-01-31 12:19:00,1,24.15,677,High,1,0.6916816272378696
15589.0,2011-03-29 09:54:00,3,106.99000000000001,255,High,1,0.5974374748003084
15590.0,2010-11-22 14:49:00,5,219.96,381,High,1,0.49411512990358286
15591.0,2010-05-06 09:23:00,3,31.950000000000003,582,High,1,0.6005160704934953
15592.0,2011-10-24 08:59:00,1,37.550000000000004,46,Medium,0,0.6911933316453225
15593.0,2011-09-30 11:46:00,1,16.65,70,Medium,0,0.6919547401348898
15594.0,2011-11-24 08:53:00,5,325.37,15,Low,0,0.4896154056594652
15595.0,2010-08-09 12:27:00,1,8.8,487,High,1,0.6922404544738242
15596.0,2011-08-31 10:55:00,9,711.45,100,High,1,0.28790609139366885
15597.0,2011-11-04 13:26:00,2,83.9,34,Low,0,0.6452593351632184
15598.0,2011-10-17 16:04:00,2,78.82,52,Medium,0,0.6454579154841062
15599.0,2011-11-13 11:44:00,3,161.57,26,Low,0,0.5951934232382331
15600.0,2010-10-07 14:30:00,4,253.09,427,High,1,0.5424781797861933
15601.0,2011-11-28 15:15:00,30,2168.18,10,Low,0,0.004752353962952813
15602.0,2011-12-01 14:14:00,16,326.93,7,Low,0,0.09651535732908302
15603.0,2011-09-22 10:04:00,2,3.51,78,Medium,0,0.6483959208000218
15604.0,2011-10-18 14:47:00,1,26.240000000000002,51,Medium,0,0.6916054958709286
15605.0,2011-11-03 14:17:00,9,527.44,35,Low,0,0.2943921393443465
15606.0,2011-10-09 15:47:00,17,565.21,60,Medium,0,0.07750231741228839
15607.0,2011-01-07 12:44:00,9,254.65,336,High,1,0.30416228830827197
15608.0,2011-11-11 13:20:00,5,289.02,27,Low,0,0.4911669551616548
15609.0,2011-06-08 13:00:00,1,71.14,183,High,1,0.6899674356080422
15610.0,2011-10-19 10:36:00,1,11.24,51,Medium,0,0.6921516622144965
15611.0,2011-11-30 12:36:00,26,575.43,9,Low,0,0.013731664822466487
15612.0,2011-11-03 14:52:00,2,36.85,35,Low,0,0.6470966259156513
15613.0,2010-04-08 12:51:00,1,46.18,609,High,1,0.6908786283295656
15614.0,2010-09-28 10:46:00,4,275.74,437,High,1,0.5415178617020798
15615.0,2011-11-29 14:42:00,47,2282.92,9,Low,0,0.0001575154765719955
15616.0,2010-09-27 13:10:00,1,91.09,437,High,1,0.6892380762180706
15617.0,2010-11-08 16:07:00,3,134.75,395,High,1,0.5962966285490799
15618.0,2011-11-07 08:34:00,4,114.791,32,Low,0,0.548334696559686
15619.0,2011-11-29 08:14:00,1,13.25,10,Low,0,0.6920785070879504
15620.0,2011-10-14 12:41:00,4,447.28,56,Medium,0,0.5342353683282509
15621.0,2011-12-05 14:01:00,4,33.06,3,Low,0,0.5517895630933258
15622.0,2011-10-27 16:44:00,17,1543.13,42,Low,0,0.0663719561115074
15623.0,2011-07-21 17:26:00,8,418.22,140,High,1,0.34164546271896806
15624.0,2011-08-15 11:38:00,4,124.31,116,High,1,0.5479320075269404
15625.0,2011-08-28 10:21:00,9,244.05,103,High,1,0.3045456026495377
15626.0,2011-09-26 10:03:00,3,131.17,74,Medium,0,0.5964438137537653
15627.0,2010-09-08 14:14:00,2,39.25,456,High,1,0.6470030111503388
15628.0,2011-12-05 10:24:00,17,784.76,4,Low,0,0.07486344327604194
15629.0,2010-09-15 13:46:00,4,221.7,449,High,1,0.5438085344916307
15630.0,2011-10-25 15:36:00,3,214.63,44,Low,0,0.5930080442536918
15631.0,2010-03-07 14:52:00,1,87.52,641,High,1,0.6893686623747137
15632.0,2011-11-24 09:51:00,8,450.22,15,Low,0,0.3404172017337619
15633.0,2010-07-18 13:54:00,13,595.93,508,High,1,0.1565751905203602
15634.0,2011-11-22 16:28:00,2,124.0,16,Low,0,0.643690048749867
15635.0,2010-11-09 08:58:00,1,37.7,395,High,1,0.6911878632288903
15636.0,2011-09-11 11:17:00,4,206.43,89,Medium,0,0.5444554749799383
15637.0,2011-10-18 08:28:00,5,125.86,52,Medium,0,0.49813288239787884
15638.0,2010-11-26 11:52:00,6,84.4,378,High,1,0.45018837511847215
15639.0,2011-07-28 14:30:00,3,209.95,133,High,1,0.5932009485666453
15640.0,2011-12-05 14:35:00,29,2168.25,3,Low,0,0.005795615580704722
15641.0,2011-08-26 14:04:00,12,619.0600000000001,104,High,1,0.18416762204121837
15642.0,2009-12-10 11:51:00,1,2.5,729,High,1,0.6924696473803734
15643.0,2011-06-01 07:38:00,3,195.79,191,High,1,0.5937844325139998
15644.0,2011-06-26 14:54:00,4,424.1,165,High,1,0.5352203658343727
15645.0,2011-11-21 11:55:00,3,227.12,18,Low,0,0.5924930802830687
15646.0,2011-07-05 09:53:00,5,181.59,157,High,1,0.49575333706928437
15647.0,2010-10-20 15:09:00,1,18.6,414,High,1,0.6918837436942351
15648.0,2011-05-19 15:53:00,2,114.5,203,High,1,0.6440621053366105
15649.0,2011-01-07 13:34:00,4,69.2,335,High,1,0.5502624786391812
15650.0,2010-07-06 10:41:00,2,175.06,521,High,1,0.641687378964339
15651.0,2011-11-03 08:41:00,5,124.25,36,Low,0,0.4982016275429375
15652.0,2011-09-09 14:22:00,5,440.94,90,Medium,0,0.48468393314653585
15653.0,2011-09-08 10:49:00,2,5.4399999999999995,92,High,1,0.6483207663479579
15654.0,2011-11-30 13:08:00,2,64.49,8,Low,0,0.6460178137153298
15655.0,2011-04-10 15:25:00,1,105.13,242,High,1,0.6887242182790138
15656.0,2011-10-25 14:56:00,4,207.32999999999998,44,Low,0,0.5444173490310771
15657.0,2011-11-17 12:19:00,1,1.25,22,Low,0,0.6925151108815316
15658.0,2011-06-02 15:22:00,8,635.66,189,High,1,0.33334197240467733
15659.0,2011-10-27 09:23:00,3,118.68,43,Low,0,0.5969571813618946
15660.0,2011-11-14 16:58:00,15,370.76,24,Low,0,0.11460721041841591
15661.0,2011-01-26 13:56:00,8,118.64,316,High,1,0.353245731016157
15662.0,2010-02-16 16:47:00,2,45.4,660,High,1,0.6467630718279032
15663.0,2011-08-25 15:50:00,1,22.59,105,High,1,0.6917384457745742
15664.0,2011-10-20 10:57:00,4,204.73,50,Medium,0,0.5445274892390758
15665.0,2011-06-24 14:57:00,5,644.4,167,High,1,0.47600995018022046
15666.0,2010-08-24 16:14:00,2,136.73,471,High,1,0.6431912209301511
15667.0,2011-10-31 10:56:00,1,20.22,39,Low,0,0.6918247551344158
15668.0,2011-05-06 10:39:00,1,1.06,217,High,1,0.6925220210065335
15669.0,2011-10-30 16:03:00,4,106.0,39,Low,0,0.5487065322921661
15670.0,2011-02-16 10:50:00,2,74.45,296,High,1,0.6456287013703425
15671.0,2011-11-21 12:43:00,7,188.47,18,Low,0,0.3971853053716819
15672.0,2009-12-14 16:52:00,1,20.65,724,High,1,0.6918090966254452
15673.0,2011-09-12 16:12:00,9,809.52,87,Medium,0,0.28448428033980083
15674.0,2011-09-27 15:17:00,13,1482.21,72,Medium,0,0.1376070357944893
15675.0,2011-09-19 13:48:00,4,112.46,80,Medium,0,0.5484332968857967
15676.0,2011-11-21 12:40:00,3,645.56,18,Low,0,0.5751299595071176
15677.0,2011-10-21 15:36:00,3,253.66,48,Medium,0,0.5913981598693255
15678.0,2011-10-18 09:25:00,3,273.67,52,Medium,0,0.5905720370518687
15679.0,2011-11-15 16:19:00,4,121.48,23,Low,0,0.5480517336111792
15680.0,2011-11-30 13:46:00,10,767.96,8,Low,0,0.24698647735202353
15681.0,2011-11-14 16:30:00,14,252.94,24,Low,0,0.13884995200095246
15682.0,2010-04-19 15:30:00,2,53.53,598,High,1,0.6464457702080014
15683.0,2011-08-14 12:56:00,2,62.77,116,High,1,0.6460849902658756
15684.0,2010-06-10 18:51:00,3,54.05,546,High,1,0.5996102075456806
15685.0,2010-09-15 13:43:00,1,29.970000000000002,449,High,1,0.6914695991796528
15686.0,2010-10-15 13:50:00,1,1.25,419,High,1,0.6925151108815316
15687.0,2011-12-01 08:33:00,9,705.21,8,Low,0,0.2881246424137484
15688.0,2010-10-17 12:06:00,1,64.37,418,High,1,0.6902147282099688
15689.0,2011-08-12 09:37:00,3,85.59,119,High,1,0.5983162270213371
15690.0,2011-12-05 15:59:00,2,12.98,3,Low,0,0.6480270873503949
15691.0,2011-04-01 15:13:00,4,47.4,251,High,1,0.5511837460926949
15692.0,2011-11-11 14:12:00,1,22.85,27,Low,0,0.691728976421562
15693.0,2010-02-18 14:37:00,1,1.25,658,High,1,0.6925151108815316
15694.0,2011-12-09 09:44:00,24,715.25,0,Low,0,0.01985859056547074
15695.0,2011-03-18 08:32:00,4,231.26,266,High,1,0.5434034328325673
15696.0,2011-11-06 14:02:00,13,1049.36,32,Low,0,0.1466176880394286
15697.0,2010-01-19 09:10:00,1,48.25,689,High,1,0.6908031169465617
15698.0,2010-03-25 17:38:00,1,1.9,623,High,1,0.69249147032728
15699.0,2011-11-22 08:26:00,1,111.25999999999999,17,Low,0,0.688499716944144
15700.0,2011-06-20 16:53:00,2,252.28,171,High,1,0.6386492695614359
15701.0,2011-12-07 14:39:00,4,697.18,1,Low,0,0.5236008839799624
15702.0,2010-08-20 14:50:00,2,102.48,475,High,1,0.6445326055737424
15703.0,2011-03-20 10:51:00,1,14.65,264,High,1,0.6920275475677226
15704.0,2011-07-22 13:35:00,6,666.02,139,High,1,0.4257410906244054
15705.0,2011-05-22 15:37:00,1,36.3,200,High,1,0.6912388996988179
15706.0,2011-10-07 10:09:00,4,281.94,63,Medium,0,0.5412549390925048
15707.0,2011-11-04 14:35:00,4,488.24,34,Low,0,0.5324941896827088
15708.0,2011-10-30 10:54:00,9,1656.3700000000001,40,Low,0,0.2559805729632797
15709.0,2011-03-01 10:38:00,2,124.69999999999999,283,High,1,0.6436626271852449
15710.0,2010-10-18 17:05:00,1,270.98,416,High,1,0.6826192009941922
15711.0,2010-06-01 12:14:00,2,84.45,556,High,1,0.6452378323208542
15712.0,2011-11-30 14:09:00,12,648.19,8,Low,0,0.18342125253246028
15713.0,2011-07-19 13:34:00,4,280.42,142,High,1,0.5413193996699719
15714.0,2011-11-28 11:26:00,5,142.04,11,Low,0,0.4974420193942064
15715.0,2010-06-02 09:56:00,5,155.36,555,High,1,0.4968732815392259
15716.0,2011-07-17 11:59:00,11,875.26,145,High,1,0.20872985612487635
15717.0,2011-04-19 13:21:00,5,81.35,233,High,1,0.5000334249758845
15718.0,2010-06-17 16:20:00,1,90.92,539,High,1,0.6892442952900272
15719.0,2011-11-07 12:29:00,31,4311.97,32,Low,0,0.0027047745347760937
15720.0,2011-11-15 14:48:00,2,422.97,23,Low,0,0.6318945152453945
15721.0,2011-11-28 12:14:00,1,187.20000000000002,11,Low,0,0.6857112095718979
15722.0,2011-11-04 11:43:00,11,658.5,35,Low,0,0.21491043220753545
15723.0,2010-12-10 11:12:00,4,351.79,364,High,1,0.538291265854968
15724.0,2011-05-22 14:40:00,3,53.15,200,High,1,0.5996471112410939
15725.0,2011-11-24 14:51:00,1,84.84,14,Low,0,0.689466673625314
15726.0,2010-11-14 16:12:00,1,111.28,389,High,1,0.6884989843313971
15727.0,2011-11-23 12:36:00,15,2474.36,16,Low,0,0.08288257507087363
15728.0,2010-11-25 10:39:00,2,49.6,379,High,1,0.6465991683023882
15729.0,2011-05-11 12:36:00,3,52.95,212,High,1,0.5996553119087816
15730.0,2011-10-05 12:31:00,5,339.54,65,Medium,0,0.4890106313440683
15731.0,2010-06-04 10:10:00,1,8.9,553,High,1,0.692236815726345
15732.0,2011-05-11 14:24:00,10,227.76,211,High,1,0.2645436960494382
15733.0,2011-03-02 09:05:00,1,43.5,282,High,1,0.6909763767204474
15734.0,2011-08-17 10:50:00,4,494.04,114,High,1,0.5322475710940895
15735.0,2010-10-14 13:38:00,1,61.3,420,High,1,0.6903268324461257
15736.0,2010-09-30 14:20:00,2,330.58,434,High,1,0.6355573040357752
15737.0,2011-11-25 11:21:00,8,281.55,14,Low,0,0.34691508153519246
15738.0,2011-11-21 08:26:00,41,1000.9300000000001,18,Low,0,0.0006488019040389785
15739.0,2011-10-04 13:42:00,1,20.19,65,Medium,0,0.691825847572066
15740.0,2011-10-21 14:29:00,1,22.25,48,Medium,0,0.6917508285313538
15741.0,2010-09-07 16:21:00,2,48.44,457,High,1,0.6466444403425947
15742.0,2010-03-30 15:25:00,1,145.17,618,High,1,0.6872562187268938
15743.0,2011-11-23 17:19:00,4,412.18,15,Low,0,0.5357267809607671
15744.0,2011-09-23 09:52:00,1,0.8699999999999999,77,Medium,0,0.6925289310451919
15745.0,2011-11-20 13:45:00,4,266.74,18,Low,0,0.5418994823802034
15746.0,2011-07-28 15:21:00,1,41.54,133,High,1,0.6910478535312895
15747.0,2011-11-27 12:26:00,9,526.37,12,Low,0,0.29443010332114944
15748.0,2011-10-30 12:51:00,3,134.01,39,Low,0,0.5963270537284618
15749.0,2011-04-18 13:20:00,3,30.439999999999998,234,High,1,0.6005779392828221
15750.0,2011-12-07 12:34:00,18,1752.561,2,Low,0,0.05319663901853426
15751.0,2010-09-05 12:44:00,11,622.43,460,High,1,0.21595171069276506
15752.0,2011-10-31 11:37:00,9,1156.72,39,Low,0,0.2725691643376478
15753.0,2011-02-08 12:41:00,1,0.55,304,High,1,0.6925405688098625
15754.0,2011-10-19 14:40:00,9,473.25,50,Medium,0,0.29631839932614445
15755.0,2011-11-29 14:57:00,17,1020.79,9,Low,0,0.07211879412837308
15756.0,2011-10-09 13:30:00,4,475.63,60,Medium,0,0.5330303175670923
15757.0,2011-10-05 12:14:00,6,710.52,65,Medium,0,0.4238839355606323
15758.0,2011-11-15 10:48:00,1,39.85,24,Low,0,0.6911094767070299
15759.0,2011-05-05 15:13:00,7,80.29,217,High,1,0.4016175058610754
15760.0,2010-03-19 11:45:00,2,13916.34,630,High,1,0.14625467970683798
15761.0,2010-09-23 09:33:00,1,36.45,442,High,1,0.6912334317288473
15762.0,2011-10-05 16:15:00,2,148.07,64,Medium,0,0.6427465988710648
15763.0,2011-11-08 09:44:00,2,406.22,31,Low,0,0.6325597110953597
15764.0,2011-09-12 17:58:00,8,690.68,87,Medium,0,0.33125693974713216
15765.0,2010-02-11 10:25:00,1,67.39,666,High,1,0.6901044279545234
15766.0,2011-10-06 17:03:00,3,87.14,63,Medium,0,0.5982526002255982
15768.0,2011-08-16 10:48:00,34,6488.73,115,High,1,0.0010266972127590973
15769.0,2011-12-02 13:52:00,46,428.9,6,Low,0,0.00026390838293748834
15770.0,2010-04-06 11:47:00,1,108.5,612,High,1,0.6886008084533534
15771.0,2010-04-14 13:56:00,3,93.39,603,High,1,0.5979960070025185
15772.0,2010-10-17 13:33:00,1,72.32,417,High,1,0.6899243217860935
15773.0,2011-12-04 12:48:00,2,90.71000000000001,5,Low,0,0.6449930495510257
15774.0,2011-10-02 12:04:00,6,548.77,68,Medium,0,0.4306442943093861
15775.0,2011-04-08 12:56:00,2,17.87,244,High,1,0.6478365645679002
15776.0,2011-07-29 13:46:00,1,75.31,132,High,1,0.6898150609686894
15777.0,2011-04-12 16:43:00,7,175.26,240,High,1,0.39772563947254724
15778.0,2010-10-04 15:10:00,1,78.65,430,High,1,0.6896929853744196
15779.0,2010-09-02 16:40:00,2,66.84,462,High,1,0.6459260224841544
15780.0,2011-06-09 12:01:00,3,120.57000000000001,183,High,1,0.5968795116407946
15781.0,2011-11-14 14:57:00,3,79.35,24,Low,0,0.5985723426597265
15782.0,2011-11-30 10:49:00,4,296.4,9,Low,0,0.5406416466939632
15783.0,2011-11-29 09:50:00,1,48.11,10,Low,0,0.6908082243178856
15784.0,2010-08-29 10:38:00,2,171.73999999999998,467,High,1,0.641817746893736
15785.0,2011-11-07 11:33:00,16,603.27,32,Low,0,0.0924773138148257
15786.0,2011-10-24 14:13:00,5,1388.03,45,Low,0,0.4444689705523949
15787.0,2011-11-13 14:55:00,3,445.93,25,Low,0,0.5834394966800814
15788.0,2010-07-19 12:48:00,1,68.26,508,High,1,0.6900726487012107
15789.0,2010-12-16 14:35:00,6,253.51,357,High,1,0.4430499085101535
15790.0,2011-11-29 14:53:00,1,119.85,9,Low,0,0.6881849729835151
15791.0,2011-10-27 10:14:00,5,445.09,43,Low,0,0.4845068987501894
15792.0,2010-11-05 08:21:00,2,138.91,399,High,1,0.643105765971747
15793.0,2011-11-25 09:31:00,8,77.03999999999999,14,Low,0,0.3548706914607278
15794.0,2009-12-03 13:04:00,2,50.65,735,High,1,0.6465581870327894
15795.0,2011-07-13 10:43:00,8,364.58,149,High,1,0.3437091017058051
15796.0,2011-12-08 19:55:00,17,1206.48,0,Low,0,0.07002506021632039
15797.0,2011-08-18 17:04:00,6,40.06,112,High,1,0.4520635753639516
15798.0,2010-08-04 09:13:00,3,201.48000000000002,492,High,1,0.593549999284048
15799.0,2011-09-25 12:46:00,4,349.75,75,Medium,0,0.5383778606474863
15800.0,2011-08-24 14:23:00,7,633.1800000000001,106,High,1,0.37914888299040267
15801.0,2011-10-24 13:52:00,3,189.71,45,Low,0,0.5940348868762134
15802.0,2011-07-20 11:38:00,1,451.42,142,High,1,0.6759050587413965
15803.0,2011-10-19 14:56:00,4,145.17,50,Medium,0,0.5470493333311539
15804.0,2011-12-09 12:31:00,13,972.15,0,Low,0,0.14827539525202657
15805.0,2011-11-16 16:32:00,30,1444.07,22,Low,0,0.0053746364245801
15806.0,2011-10-24 14:35:00,3,62.13,45,Low,0,0.599278843796546
15807.0,2011-10-20 14:10:00,5,229.12,49,Medium,0,0.49372406106327144
15808.0,2011-02-06 14:33:00,21,2874.7,305,High,1,0.024859972617651892
15809.0,2011-11-03 16:40:00,7,504.92,35,Low,0,0.3843190472457061
15810.0,2011-09-22 09:38:00,8,429.72,78,Medium,0,0.3412038108070359
15811.0,2011-11-17 15:31:00,7,1018.66,21,Low,0,0.3637785388930345
15812.0,2011-08-24 14:19:00,12,418.99,106,High,1,0.18935739117972047
15813.0,2011-05-16 08:13:00,2,151.0,207,High,1,0.6426316785634983
15814.0,2011-11-23 08:17:00,6,313.98,16,Low,0,0.4405028926272061
15815.0,2011-10-07 12:42:00,5,105.86,63,Medium,0,0.49898686353832683
15816.0,2010-06-15 13:36:00,2,40.65,541,High,1,0.6469483973263694
15817.0,2010-10-15 11:07:00,3,455.16,420,High,1,0.5830563062619986
15818.0,2010-04-30 12:58:00,1,20.17,587,High,1,0.6918265758626398
15819.0,2011-10-21 14:50:00,10,496.05,48,Medium,0,0.2557249890292321
15820.0,2011-01-24 12:00:00,1,38.24,319,High,1,0.6911681764861761
15821.0,2011-10-26 15:48:00,2,229.18,43,Low,0,0.639559281835468
15822.0,2011-12-06 14:50:00,6,185.7,2,Low,0,0.44590964718970133
15823.0,2010-12-02 15:08:00,3,579.96,371,High,1,0.5778654672992649
15824.0,2010-09-12 13:20:00,2,67.33,452,High,1,0.6459068816809291
15825.0,2011-06-20 13:27:00,1,176.79,171,High,1,0.686094263006982
15826.0,2011-10-14 16:05:00,4,350.21,55,Medium,0,0.5383583345727821
15827.0,2011-09-27 15:35:00,28,1099.78,72,Medium,0,0.00846909449382417
15828.0,2010-11-29 16:41:00,1,336.24,374,High,1,0.6801994614979153
15829.0,2011-09-01 16:45:00,2,53.69,98,High,1,0.6464395243538311
15830.0,2011-11-02 10:40:00,1,113.64,37,Low,0,0.6884125294038625
15831.0,2011-10-12 13:14:00,3,179.63,57,Medium,0,0.5944500060273757
15832.0,2011-03-30 15:29:00,1,124.75,253,High,1,0.6880053554747109
15833.0,2009-12-02 11:59:00,1,19.35,737,High,1,0.6918564349543526
15834.0,2011-09-30 14:41:00,7,1466.51,69,Medium,0,0.346266020823547
15835.0,2011-10-26 15:47:00,4,153.65,43,Low,0,0.5466904239977296
15836.0,2011-10-20 17:13:00,1,92.44,49,Medium,0,0.6891886870439905
15837.0,2011-10-06 09:01:00,2,193.1,64,Medium,0,0.6409786284026807
15838.0,2011-11-28 14:00:00,34,387.07,10,Low,0,0.0029055245540066713
15839.0,2011-11-06 13:54:00,3,131.96,32,Low,0,0.5964113358288328
15840.0,2011-10-12 09:08:00,2,52.949999999999996,58,Medium,0,0.6464684110102842
15841.0,2011-09-28 12:15:00,9,163.98,72,Medium,0,0.30744981544818567
15842.0,2010-11-11 14:08:00,2,85.23,392,High,1,0.6452073363746774
15843.0,2011-02-09 10:19:00,1,57.15,303,High,1,0.6904783384377685
15844.0,2011-10-24 15:19:00,1,19.73,45,Low,0,0.6918425980137819
15845.0,2011-11-22 09:42:00,11,559.84,17,Low,0,0.21776723892314537
15846.0,2010-11-19 14:40:00,1,52.69,384,High,1,0.6906411161413537
15847.0,2011-11-01 14:41:00,5,172.34,37,Low,0,0.4961482807952247
15848.0,2010-03-28 10:54:00,1,114.74,621,High,1,0.6883722281282025
15850.0,2011-11-20 14:14:00,6,658.15,18,Low,0,0.42606975551486465
15851.0,2010-07-01 12:34:00,1,15.940000000000001,526,High,1,0.6919805878668767
15852.0,2011-06-06 11:22:00,3,157.61,186,High,1,0.5953563734298559
15853.0,2011-10-19 10:38:00,1,44.08,51,Medium,0,0.6909552236666697
15854.0,2011-12-05 13:39:00,21,864.4,3,Low,0,0.03469101558335296
15855.0,2011-07-26 10:20:00,6,181.74,136,High,1,0.44607676413900404
15856.0,2011-12-05 17:09:00,52,2246.08,3,Low,0,5.845768001276252e-05
15857.0,2011-11-21 12:18:00,2,30.97,18,Low,0,0.6473259343698917
15858.0,2011-11-24 12:48:00,13,1295.43,15,Low,0,0.1414367911085148
15859.0,2010-10-03 12:52:00,1,108.64,431,High,1,0.6885956810558566
15860.0,2011-10-30 11:25:00,17,1208.26,40,Low,0,0.07000526455788007
15861.0,2011-11-27 15:59:00,12,1418.6299999999999,11,Low,0,0.16452645737399754
15862.0,2011-12-01 13:28:00,13,1613.52,7,Low,0,0.1349671077435837
15863.0,2011-11-14 12:49:00,5,244.4,25,Low,0,0.49307172774829783
15864.0,2011-11-17 13:32:00,7,58.24,21,Low,0,0.4025229100967788
15865.0,2011-10-30 12:43:00,5,536.11,40,Low,0,0.48062514211861096
15866.0,2011-08-30 14:09:00,1,174.25,100,High,1,0.6861876881291019
15867.0,2011-12-04 13:32:00,31,3557.5,4,Low,0,0.003075625705361185
15868.0,2010-05-05 14:11:00,1,10.07,582,High,1,0.6921942406056582
15869.0,2011-03-07 17:23:00,3,79.12,276,High,1,0.5985817817920691
15870.0,2011-11-07 10:58:00,4,418.97,32,Low,0,0.5354383202336596
15871.0,2010-09-28 14:16:00,1,33.099999999999994,436,High,1,0.6913555369592632
15872.0,2011-11-25 11:55:00,4,473.83,14,Low,0,0.5331068403352857
15873.0,2010-07-28 12:41:00,4,1.7,499,High,1,0.5531138802085764
15874.0,2011-10-07 12:31:00,21,2295.02,63,Medium,0,0.027376446415624024
15875.0,2010-03-03 16:51:00,1,43.87,645,High,1,0.6909628826233962
15876.0,2010-10-26 18:58:00,2,40.72,408,High,1,0.6469456665344097
15877.0,2011-12-08 11:53:00,2,241.46,1,Low,0,0.6390756420885106
15878.0,2010-05-27 12:17:00,2,111.83,561,High,1,0.6441666415300081
15879.0,2010-10-31 16:21:00,4,615.33,403,High,1,0.5270868379605059
15880.0,2010-12-05 13:00:00,1,455.74,368,High,1,0.6757434071325963
15881.0,2011-01-31 16:59:00,5,96.19,311,High,1,0.49939976584726326
15882.0,2011-05-25 11:35:00,8,146.81,198,High,1,0.3521472876325239
15883.0,2011-12-07 17:05:00,2,144.78,1,Low,0,0.6428756195120148
15884.0,2010-10-03 15:55:00,2,31.310000000000002,431,High,1,0.6473126768847945
15885.0,2011-09-08 10:43:00,15,486.42,92,High,1,0.11261788780917083
15886.0,2011-10-10 14:25:00,4,207.14,59,Medium,0,0.544425397885872
15887.0,2010-10-29 08:36:00,3,100.07000000000001,406,High,1,0.5977217008114298
15888.0,2011-09-20 12:30:00,3,147.62,80,Medium,0,0.5957673588569209
15889.0,2011-07-06 11:10:00,8,1102.55,156,High,1,0.3158624765862235
15890.0,2010-11-10 12:46:00,5,125.53,394,High,1,0.49814697301200694
15891.0,2011-04-27 12:35:00,1,164.41,226,High,1,0.6865494760004566
15892.0,2010-02-08 16:23:00,1,104.98,668,High,1,0.6887297106748629
15893.0,2010-08-15 11:12:00,1,1.06,481,High,1,0.6925220210065335
15894.0,2011-03-31 13:50:00,2,158.36,252,High,1,0.6423429326818042
15895.0,2011-07-13 10:27:00,1,21.83,149,High,1,0.6917661244972337
15897.0,2011-05-29 13:50:00,2,50.21,193,High,1,0.6465753603984982
15898.0,2011-12-08 15:23:00,25,2497.63,0,Low,0,0.012092436862882975
15899.0,2010-12-06 10:36:00,1,33.0,368,High,1,0.6913591814806248
15900.0,2011-11-16 12:19:00,4,269.22,23,Low,0,0.5417943295697687
15901.0,2011-11-23 12:43:00,7,356.61,16,Low,0,0.390330109749556
15902.0,2010-11-24 16:57:00,1,38.69,379,High,1,0.6911517703369316
15903.0,2011-11-30 08:08:00,12,287.71,9,Low,0,0.19282323913022364
15904.0,2011-12-01 14:50:00,1,88.6,7,Low,0,0.6893291604994964
15905.0,2010-06-14 16:00:00,1,60.89,542,High,1,0.6903418023283281
15906.0,2011-11-20 12:24:00,10,877.66,19,Low,0,0.24351832657055936
15907.0,2011-12-06 12:21:00,3,644.97,3,Low,0,0.5751545831784967
15908.0,2010-08-06 11:56:00,2,139.39,490,High,1,0.6430869489775405
15909.0,2011-06-19 10:38:00,1,13.02,173,High,1,0.6920868785614868
15910.0,2011-12-09 10:51:00,15,1119.67,0,Low,0,0.10225349621233416
15911.0,2010-03-26 12:06:00,8,725.75,623,High,1,0.32993137182835913
15912.0,2011-06-14 14:29:00,9,261.47,177,High,1,0.3039158089363938
15913.0,2010-06-23 16:31:00,1,2.1,533,High,1,0.6924841961073027
15914.0,2010-11-26 16:10:00,2,45.12,377,High,1,0.6467739975029966
15915.0,2010-11-03 11:13:00,1,255.92,401,High,1,0.6831762096062627
15916.0,2011-11-23 13:46:00,13,1216.17,15,Low,0,0.14308866642593276
15917.0,2011-04-06 10:40:00,5,394.27,247,High,1,0.4866750778203109
15918.0,2011-06-02 11:42:00,3,173.52,190,High,1,0.5947015651581179
15919.0,2011-11-20 11:28:00,2,495.38,19,Low,0,0.6290131331007348
15920.0,2011-07-08 15:31:00,9,327.46999999999997,153,High,1,0.3015363539532088
15921.0,2011-06-20 11:03:00,4,347.78,172,High,1,0.538461481852114
15922.0,2010-12-01 13:51:00,1,97.0,372,High,1,0.6890218295336643
15923.0,2010-12-02 12:16:00,1,118.22,372,High,1,0.6882447107607697
15924.0,2009-12-08 15:00:00,1,53.46,730,High,1,0.6906130166396133
15925.0,2011-05-29 15:35:00,1,34.75,193,High,1,0.6912953989175853
15926.0,2010-06-15 15:23:00,1,7.26,541,High,1,0.6922964881673636
15927.0,2010-03-02 13:25:00,1,56.42,646,High,1,0.690504984659405
15928.0,2010-02-21 15:16:00,1,24.6,655,High,1,0.6916652361967133
15929.0,2010-03-05 14:56:00,1,4.95,643,High,1,0.6923805280797992
15930.0,2011-10-03 14:52:00,1,84.48,66,Medium,0,0.6894798380207482
15931.0,2010-10-07 16:46:00,1,67.4,427,High,1,0.6901040626859489
15932.0,2011-12-05 17:13:00,8,171.67,3,Low,0,0.35117920924147444
15933.0,2011-11-18 13:14:00,3,158.04,20,Low,0,0.5953386803599985
15934.0,2010-10-18 10:13:00,2,51.35,417,High,1,0.6465308649895213
15935.0,2011-04-14 13:27:00,2,327.54,238,High,1,0.6356775606454479
15936.0,2010-11-25 16:39:00,2,55.76,378,High,1,0.6463587141091077
15937.0,2011-10-06 15:48:00,1,16.6,63,Medium,0,0.6919565604370955
15938.0,2011-08-19 12:56:00,9,86.98,111,High,1,0.3102571429620728
15939.0,2011-09-11 11:30:00,16,298.86,89,Medium,0,0.09693422966967209
15940.0,2011-02-01 16:18:00,1,8.95,310,High,1,0.6922349963436448
15941.0,2010-03-12 14:45:00,1,40.5,636,High,1,0.6910857762900464
15942.0,2011-07-29 09:01:00,1,37.21,133,High,1,0.6912057265242328
15943.0,2010-02-28 12:49:00,2,20.79,649,High,1,0.6477227739209912
15944.0,2011-03-08 10:33:00,4,144.95,276,High,1,0.5470586440088502
15945.0,2010-12-09 13:14:00,4,110.72000000000001,364,High,1,0.5485068956806585
15946.0,2010-07-25 12:18:00,3,66.0,502,High,1,0.5991201015028647
15947.0,2011-09-18 10:46:00,1,116.64,82,Medium,0,0.688302610114951
15948.0,2011-12-01 15:32:00,3,241.09,7,Low,0,0.591916854999514
15949.0,2011-11-23 09:09:00,2,34.67,16,Low,0,0.6471816495436956
15950.0,2011-11-08 11:09:00,10,1188.79,31,Low,0,0.23386284631594975
15951.0,2011-12-01 08:34:00,3,239.03,8,Low,0,0.5920018404379113
15952.0,2011-11-06 11:18:00,4,298.08,33,Low,0,0.5405703847865269
15953.0,2011-11-24 15:32:00,18,612.95,14,Low,0,0.06389698888144252
15954.0,2010-04-29 13:35:00,1,34.0,588,High,1,0.6913227351950132
15955.0,2011-11-15 14:15:00,22,1037.54,23,Low,0,0.02778550976157113
15956.0,2010-06-06 13:06:00,2,36.9,550,High,1,0.6470946757231614
15957.0,2011-11-08 12:14:00,3,365.0,31,Low,0,0.5867950019510734
15958.0,2011-09-26 13:41:00,4,239.57999999999998,73,Medium,0,0.5430508289875027
15959.0,2010-01-26 16:38:00,3,295.81,681,High,1,0.589657380115939
15960.0,2010-11-30 15:57:00,4,92.3,373,High,1,0.5492858970006601
15961.0,2010-11-25 15:59:00,1,157.18,378,High,1,0.6868151573275513
15962.0,2010-09-16 13:48:00,1,93.52,448,High,1,0.6891491726021025
15963.0,2011-11-20 11:33:00,2,67.48,19,Low,0,0.645901022157914
15964.0,2010-02-14 15:30:00,1,73.76,662,High,1,0.689871703836761
15965.0,2011-11-22 16:44:00,13,909.47,16,Low,0,0.1496325003460972
15966.0,2010-09-15 10:44:00,1,53.61,450,High,1,0.6906075425467404
15967.0,2011-11-16 15:41:00,12,1549.48,22,Low,0,0.16147742343481442
15968.0,2010-11-16 13:04:00,1,217.44,387,High,1,0.6845970440548377
15969.0,2011-12-07 11:06:00,5,244.68,2,Low,0,0.49305977420977054
15970.0,2011-02-09 12:08:00,2,69.59,303,High,1,0.645818593559509
15971.0,2011-11-22 12:50:00,18,106.2,17,Low,0,0.06927359457311479
15972.0,2010-09-09 13:20:00,5,747.8,455,High,1,0.4716069738593785
15973.0,2010-12-08 11:42:00,3,74.17,366,High,1,0.5987849106072411
15974.0,2011-10-31 13:13:00,7,496.24,38,Low,0,0.3846698990743341
15975.0,2011-09-16 13:33:00,1,51.440000000000005,83,Medium,0,0.6906867292153008
15976.0,2011-06-27 13:00:00,6,1008.54,164,High,1,0.41150419429342383
15977.0,2011-11-22 13:29:00,2,194.96,16,Low,0,0.6409055181598121
15978.0,2011-09-23 15:21:00,3,292.45,76,Medium,0,0.589796229919523
15979.0,2010-04-16 11:35:00,1,28.25,602,High,1,0.6915322687986178
15980.0,2011-09-12 09:41:00,7,236.88,88,Medium,0,0.3952073223540341
15981.0,2011-11-15 08:00:00,21,764.03,24,Low,0,0.03526969323350854
15982.0,2010-04-13 15:47:00,1,154.49,604,High,1,0.6869139756752348
15983.0,2011-11-17 17:34:00,8,665.83,21,Low,0,0.33219783905972833
15984.0,2011-12-07 12:16:00,30,1932.14,2,Low,0,0.004946892815652018
15985.0,2011-08-08 16:31:00,7,188.20000000000002,122,High,1,0.39719634678862875
15986.0,2011-11-09 15:17:00,2,36.06,29,Low,0,0.647127438306683
15987.0,2011-11-27 15:38:00,8,416.14,11,Low,0,0.3417253734745991
15988.0,2011-11-20 13:23:00,3,388.58,18,Low,0,0.585818149416817
15989.0,2010-11-29 12:03:00,2,274.03,375,High,1,0.637791529197043
15990.0,2011-10-26 15:58:00,7,508.36,43,Low,0,0.38418003325078026
15991.0,2010-06-23 15:50:00,1,41.0,533,High,1,0.6910675445157808
15992.0,2011-12-06 11:00:00,3,136.9,3,Low,0,0.5962082268674149
15993.0,2011-12-01 10:45:00,7,1233.01,8,Low,0,0.35534825702990763
15994.0,2011-10-16 12:28:00,3,397.17,54,Medium,0,0.5854621218376738
15995.0,2010-10-21 13:57:00,1,306.12,413,High,1,0.6813174801641196
15996.0,2011-09-12 15:14:00,7,773.5,87,Medium,0,0.37352388947124765
15998.0,2011-11-03 12:45:00,16,3689.64,36,Low,0,0.056737991368569496
15999.0,2009-12-04 12:31:00,1,0.85,735,High,1,0.6925296584126595
16000.0,2011-12-07 12:17:00,3,30.11,2,Low,0,0.6005914598492128
16001.0,2010-11-23 17:10:00,1,67.49,380,High,1,0.6901007752581049
16002.0,2010-03-24 13:08:00,1,118.58,624,High,1,0.6882315176799101
16003.0,2011-11-10 09:57:00,10,916.37,29,Low,0,0.24230242671426613
16004.0,2010-08-22 11:48:00,5,276.31,474,High,1,0.49170950562634264
16005.0,2011-11-27 13:47:00,10,1176.01,11,Low,0,0.23425416698280885
16006.0,2011-05-12 13:12:00,2,192.38,210,High,1,0.6410069273839513
16007.0,2011-10-23 11:05:00,7,1235.28,47,Medium,0,0.35525944683350236
16008.0,2011-11-16 10:32:00,15,636.03,23,Low,0,0.11008940850517544
16009.0,2011-11-17 16:51:00,4,298.25,21,Low,0,0.54056317366769
16010.0,2011-04-08 10:14:00,11,613.33,245,High,1,0.2162149886657727
16011.0,2011-12-01 16:31:00,29,1161.11,7,Low,0,0.006875962568707085
16012.0,2011-11-04 13:25:00,5,608.28,34,Low,0,0.47754892565595847
16013.0,2011-12-06 10:36:00,84,592.58,3,Low,0,1.3081897584856803e-07
16014.0,2011-11-02 12:04:00,5,762.59,37,Low,0,0.4709775313429503
16015.0,2011-12-06 10:58:00,3,226.82,3,Low,0,0.5925054517002035
16016.0,2011-12-06 14:35:00,11,1211.97,2,Low,0,0.19939053833380066
16017.0,2011-10-23 12:56:00,5,408.41,46,Medium,0,0.48607175651292084
16018.0,2011-10-31 14:13:00,4,139.93,38,Low,0,0.5472710877849706
16019.0,2011-10-24 11:51:00,27,1489.3,46,Medium,0,0.009662118415905242
16020.0,2011-11-23 11:18:00,3,112.45,16,Low,0,0.5972131693307681
16021.0,2010-11-09 14:48:00,2,352.84,394,High,1,0.6346762258052973
16022.0,2011-03-24 13:16:00,1,251.48,259,High,1,0.6833403271956406
16023.0,2011-10-24 16:34:00,3,316.06,45,Low,0,0.5888202602726731
16024.0,2011-11-27 13:26:00,3,113.78,11,Low,0,0.5971585246551667
16025.0,2011-11-10 11:45:00,1,55.339999999999996,29,Low,0,0.690544404145093
16026.0,2011-10-27 13:53:00,1,41.14,42,Low,0,0.6910624395123638
16027.0,2011-09-09 10:47:00,15,286.33,91,High,1,0.11607863994724835
16028.0,2010-04-23 11:45:00,1,26.5,595,High,1,0.691596024254706
16029.0,2011-11-01 10:27:00,107,9287.42,38,Low,0,3.0111631604114837e-10
16030.0,2011-02-03 11:28:00,1,67.1,309,High,1,0.6901150206399989
16031.0,2011-09-08 13:07:00,2,278.97,91,High,1,0.6375965910872009
16032.0,2010-09-09 18:00:00,6,449.18,455,High,1,0.4348197344018291
16033.0,2011-12-04 12:44:00,27,4699.62,5,Low,0,0.005606822683585177
16034.0,2011-05-27 16:17:00,6,133.13,195,High,1,0.44812914884451566
16035.0,2010-05-28 15:09:00,1,163.23,559,High,1,0.6865928459085497
16036.0,2011-09-13 14:53:00,4,458.65,86,Medium,0,0.5337521200337358
16037.0,2011-03-15 09:13:00,5,214.61,269,High,1,0.49434354137635544
16038.0,2011-12-02 12:40:00,3,82.94,7,Low,0,0.5984250006443603
16039.0,2010-10-12 10:44:00,2,55.55,423,High,1,0.6463669126311382
16040.0,2011-10-05 13:47:00,7,504.94,64,Medium,0,0.3843182389701686
16041.0,2011-11-09 12:25:00,3,32.339999999999996,30,Low,0,0.6005000906159943
16042.0,2011-11-17 17:50:00,8,386.88,21,Low,0,0.3428504534603841
16043.0,2011-11-02 12:50:00,8,302.27,37,Low,0,0.34611371925039774
16044.0,2010-09-30 18:12:00,1,57.44,434,High,1,0.690467752601178
16045.0,2011-08-12 12:41:00,8,401.13,119,High,1,0.34230230336129597
16046.0,2010-05-26 13:18:00,1,55.51,561,High,1,0.6905381994097953
16047.0,2010-01-26 16:34:00,1,107.14,681,High,1,0.6886506150507763
16048.0,2010-12-01 15:28:00,4,92.99000000000001,372,High,1,0.5492567205006742
16049.0,2011-10-30 13:19:00,6,1149.44,39,Low,0,0.40568897933769876
16050.0,2011-06-19 11:44:00,3,49.45,173,High,1,0.5997988145516129
16051.0,2010-01-27 09:38:00,1,31.64,681,High,1,0.6914087446058498
16052.0,2011-10-16 15:13:00,1,84.61,53,Medium,0,0.6894750842466694
16053.0,2011-11-07 11:21:00,6,650.39,32,Low,0,0.42639389058084
16054.0,2011-07-17 13:08:00,4,832.8199999999999,144,High,1,0.5178191358408649
16055.0,2011-05-03 09:26:00,1,71.9,220,High,1,0.6899396677620971
16056.0,2011-10-25 15:19:00,1,256.08,44,Low,0,0.6831702946074703
16057.0,2011-11-23 15:23:00,10,807.8,15,Low,0,0.24572311325237597
16058.0,2010-10-29 16:48:00,1,6.7,405,High,1,0.692316862650686
16059.0,2011-10-05 09:56:00,12,1213.9,65,Medium,0,0.16938954185335747
16060.0,2010-11-04 12:10:00,3,108.05,400,High,1,0.5973939315029309
16061.0,2010-10-04 15:29:00,1,34.15,430,High,1,0.6913172680467147
16062.0,2011-11-30 12:15:00,8,498.78,9,Low,0,0.33855740896368003
16063.0,2011-03-24 14:56:00,1,51.58,259,High,1,0.690681620735686
16064.0,2009-12-14 16:11:00,1,47.65,724,High,1,0.6908250053526658
16065.0,2010-12-09 13:03:00,8,894.75,364,High,1,0.32358164785824434
16066.0,2011-11-23 11:54:00,5,316.24,16,Low,0,0.4900050894468239
16067.0,2010-05-26 12:33:00,3,281.2,562,High,1,0.5902610245317232
16068.0,2010-04-25 11:52:00,1,97.64,593,High,1,0.688998407002983
16069.0,2010-10-18 10:32:00,1,129.55,417,High,1,0.6878293488157963
16070.0,2011-11-17 15:50:00,2,69.45,21,Low,0,0.6458240630240092
16071.0,2011-10-26 11:14:00,4,179.11,44,Low,0,0.5456125593097041
16072.0,2011-02-24 14:32:00,4,2189.7,287,High,1,0.4599745210588761
16073.0,2011-02-15 15:41:00,1,2.55,296,High,1,0.692467828762604
16074.0,2010-11-14 13:19:00,1,198.15,389,High,1,0.6853080128579973
16075.0,2010-07-25 11:31:00,2,192.84,502,High,1,0.6409888475924502
16076.0,2011-12-06 14:59:00,10,327.79,2,Low,0,0.26123305213641307
16077.0,2010-03-24 10:42:00,1,16.2,625,High,1,0.6919711226398904
16078.0,2011-03-01 09:47:00,2,83.19,283,High,1,0.6452870925101714
16079.0,2011-11-23 12:48:00,3,62.4,16,Low,0,0.5992677694284648
16080.0,2011-09-19 10:42:00,4,80.97,81,Medium,0,0.5497649349674948
16081.0,2011-10-14 13:06:00,8,1178.36,55,Medium,0,0.31307115648599404
16082.0,2010-02-07 15:16:00,1,66.3,669,High,1,0.6901442408070538
16083.0,2011-08-31 10:47:00,4,130.22,100,High,1,0.547681960974814
16084.0,2011-02-13 16:05:00,1,100.54,298,High,1,0.6888922615335935
16085.0,2011-11-16 13:24:00,12,1036.15,22,Low,0,0.17370396729565468
16086.0,2011-10-11 13:09:00,10,428.23,58,Medium,0,0.2579359043531525
16087.0,2010-11-15 16:44:00,5,24.1,388,High,1,0.502477946577181
16088.0,2010-05-13 10:16:00,2,26.159999999999997,575,High,1,0.6475134644788566
16089.0,2010-11-18 13:51:00,2,160.29,385,High,1,0.6422671982400353
16090.0,2010-03-25 13:05:00,1,94.33,623,High,1,0.689119534961074
16091.0,2011-07-08 08:45:00,2,51.15,154,High,1,0.6465386713852905
16092.0,2011-08-17 10:46:00,6,190.52,114,High,1,0.44570625366796757
16093.0,2011-08-25 11:09:00,1,0.85,106,High,1,0.6925296584126595
16094.0,2011-11-28 12:45:00,11,845.84,11,Low,0,0.20956098656097574
16095.0,2010-09-09 16:54:00,1,72.2,455,High,1,0.6899287063933364
16096.0,2011-03-20 13:38:00,4,466.99,263,High,1,0.5333976126176694
16097.0,2011-04-13 13:47:00,1,53.599999999999994,239,High,1,0.6906079074879286
16098.0,2011-09-13 09:59:00,14,600.26,87,Medium,0,0.13190761576712104
16099.0,2011-10-20 13:13:00,7,127.71000000000001,49,Medium,0,0.3996726529644558
16100.0,2010-09-03 11:39:00,1,62.46,462,High,1,0.6902844764715106
16101.0,2011-09-30 10:18:00,4,536.95,70,Medium,0,0.5304225371479163
16102.0,2011-10-28 13:19:00,3,148.13,41,Low,0,0.5957463808672637
16103.0,2011-12-02 14:16:00,22,704.6,6,Low,0,0.02936359181114866
16104.0,2011-10-09 10:23:00,9,834.97,61,Medium,0,0.2836003055444666
16105.0,2011-04-05 10:13:00,5,194.01,248,High,1,0.49522305348448975
16106.0,2011-10-05 10:37:00,1,9.08,65,Medium,0,0.6922302659206678
16107.0,2011-11-22 09:40:00,7,135.31,17,Low,0,0.3993612437056206
16108.0,2011-09-16 11:48:00,4,372.63,84,Medium,0,0.5374065091565648
16109.0,2011-05-05 09:17:00,3,37.25,218,High,1,0.6002988897631585
16110.0,2011-10-25 14:35:00,4,1157.05,44,Low,0,0.503982167866497
16111.0,2010-10-07 19:51:00,1,229.11,427,High,1,0.6841665042607427
16112.0,2011-07-19 14:28:00,4,8.92,142,High,1,0.5528090493035464
16113.0,2011-06-09 16:16:00,1,79.53,182,High,1,0.6896608173463049
16114.0,2011-06-22 10:13:00,1,26.75,170,High,1,0.6915869167794185
16115.0,2011-11-30 11:32:00,12,1017.48,9,Low,0,0.17416213392392396
16116.0,2011-05-12 12:01:00,1,148.49,211,High,1,0.6871343271952589
16117.0,2011-06-03 11:42:00,3,222.01,189,High,1,0.592703790730535
16118.0,2010-02-25 09:40:00,1,113.29,652,High,1,0.6884253519387197
16119.0,2011-12-01 15:11:00,8,160.07,7,Low,0,0.3516307754721663
16120.0,2011-10-11 14:22:00,6,152.13,58,Medium,0,0.44732672697741294
16121.0,2011-10-13 12:59:00,5,740.95,56,Medium,0,0.47189853136658944
16122.0,2011-09-27 15:34:00,6,111.63,72,Medium,0,0.4490374781720903
16123.0,2011-10-19 09:18:00,1,49.72,51,Medium,0,0.6907494867340891
16124.0,2011-01-26 14:45:00,4,375.12,316,High,1,0.5373007809967865
16125.0,2010-12-07 15:48:00,14,1084.76,366,High,1,0.12271709854123156
16126.0,2011-11-10 16:03:00,15,1244.15,28,Low,0,0.100318232810795
16127.0,2011-10-31 13:58:00,2,222.47,38,Low,0,0.6398234312500263
16128.0,2011-11-22 11:14:00,11,423.71,17,Low,0,0.2217538508234707
16129.0,2010-10-28 14:29:00,3,332.57,406,High,1,0.588137368297688
16130.0,2010-10-13 15:14:00,4,325.42,421,High,1,0.5394104509310091
16131.0,2011-10-19 11:53:00,12,667.51,51,Medium,0,0.1829275299514089
16132.0,2010-06-13 13:49:00,2,76.95,543,High,1,0.6455310023157763
16133.0,2011-12-06 11:24:00,56,2303.05,3,Low,0,2.6062971921615457e-05
16134.0,2011-11-18 10:05:00,5,259.02,21,Low,0,0.49244759318745895
16135.0,2011-03-22 12:30:00,2,135.70000000000002,262,High,1,0.6432315932687396
16136.0,2011-10-11 09:10:00,4,110.25,59,Medium,0,0.5485267754510434
16137.0,2010-01-28 15:04:00,1,75.5,679,High,1,0.6898081172576572
16138.0,2010-11-26 12:13:00,3,148.3,378,High,1,0.5957393881262806
16139.0,2011-11-21 08:37:00,5,158.23,18,Low,0,0.49675073918168816
16140.0,2011-10-05 12:15:00,3,141.54,65,Medium,0,0.5960174224229952
16141.0,2011-09-12 13:11:00,2,259.74,87,Medium,0,0.6383551737504806
16142.0,2011-04-04 10:16:00,1,106.44,249,High,1,0.6886762490979887
16143.0,2011-12-06 14:13:00,12,871.91,2,Low,0,0.17776719416048017
16144.0,2011-04-07 10:09:00,1,10.95,246,High,1,0.6921622161376453
16145.0,2011-12-01 10:33:00,19,1094.32,8,Low,0,0.048976762354678564
16146.0,2011-07-05 14:20:00,4,89.44,156,High,1,0.5494068278627269
16147.0,2011-07-29 09:57:00,5,423.82,133,High,1,0.4854142935029801
16148.0,2011-02-16 14:01:00,2,18.36,295,High,1,0.6478174707333416
16149.0,2011-12-05 11:29:00,3,31.33,4,Low,0,0.6005414739608145
16150.0,2011-10-28 12:39:00,10,743.44,42,Low,0,0.24776619648739515
16152.0,2011-03-16 09:47:00,1,173.31,268,High,1,0.686222258954957
16153.0,2011-10-21 10:50:00,11,601.66,49,Medium,0,0.21655296101643629
16155.0,2010-11-23 12:03:00,5,166.15,381,High,1,0.49641257558185703
16156.0,2011-12-01 12:42:00,20,715.38,8,Low,0,0.04306631927369915
16157.0,2011-11-24 11:41:00,3,62.02,15,Low,0,0.5992833555470637
16158.0,2010-07-05 13:55:00,9,246.97,521,High,1,0.30443998330100397
16159.0,2011-03-03 12:27:00,4,173.11,281,High,1,0.5458666118688241
16160.0,2011-10-05 14:19:00,2,34.82,64,Medium,0,0.6471757995925358
16161.0,2011-12-08 12:10:00,43,3310.53,1,Low,0,0.00029352528494479296
16162.0,2011-04-01 15:03:00,1,18.7,251,High,1,0.6918801026064794
16163.0,2011-04-21 15:15:00,6,378.35,231,High,1,0.4377950480024452
16164.0,2011-11-22 15:04:00,3,82.74,16,Low,0,0.5984332095812259
16165.0,2010-07-22 14:17:00,1,39.95,504,High,1,0.6911058305544882
16166.0,2010-10-07 15:44:00,2,78.54,427,High,1,0.6454688593992979
16167.0,2010-10-21 15:33:00,5,263.43,413,High,1,0.4922593327805809
16168.0,2011-11-29 12:45:00,66,1253.78,10,Low,0,4.2398441907709525e-06
16169.0,2011-12-01 15:28:00,4,175.94,7,Low,0,0.5457467867127692
16170.0,2011-10-20 08:21:00,20,836.05,50,Medium,0,0.042224895372135106
16171.0,2011-10-11 14:51:00,1,10.25,58,Medium,0,0.6921876902968002
16172.0,2011-09-05 13:22:00,8,221.71,94,High,1,0.3492343052916425
16173.0,2011-11-24 10:53:00,6,338.86,15,Low,0,0.4394558399587688
16174.0,2011-08-05 13:26:00,7,159.07999999999998,125,High,1,0.39838779643987954
16175.0,2011-09-06 14:32:00,7,328.82,93,High,1,0.3914602247619083
16176.0,2010-10-14 13:54:00,4,258.12,420,High,1,0.5422649441054843
16177.0,2011-10-20 12:57:00,8,466.41,49,Medium,0,0.33979659316049027
16178.0,2011-07-24 16:05:00,2,77.48,137,High,1,0.6455102885559526
16179.0,2011-10-10 09:41:00,1,41.06,60,Medium,0,0.6910653566628854
16180.0,2011-08-31 16:28:00,13,730.62,99,High,1,0.1535611433973361
16181.0,2011-09-27 13:38:00,1,26.53,72,Medium,0,0.6915949313655394
16182.0,2011-09-28 13:23:00,9,94.32,71,Medium,0,0.3099889275724108
16183.0,2011-10-03 14:59:00,4,159.53,66,Medium,0,0.5464415290973296
16184.0,2011-10-06 17:43:00,6,180.36,63,Medium,0,0.44613500472994955
16185.0,2011-11-23 09:41:00,3,128.04,16,Low,0,0.5965724838031489
16186.0,2011-11-17 12:43:00,26,1005.95,22,Low,0,0.0127706121517623
16187.0,2011-11-08 09:50:00,15,639.11,31,Low,0,0.1100378814250524
16188.0,2011-10-26 12:19:00,5,175.41,44,Low,0,0.49601720161765767
16189.0,2011-11-24 11:47:00,2,43.379999999999995,15,Low,0,0.6468418893311844
16190.0,2011-10-30 15:59:00,8,519.75,39,Low,0,0.33775581695215107
16191.0,2011-12-07 11:26:00,24,616.18,2,Low,0,0.02019063306104169
16192.0,2009-12-04 12:28:00,1,22.92,735,High,1,0.6917264269528154
16193.0,2011-04-17 11:45:00,2,102.34,236,High,1,0.6445380839667165
16194.0,2010-11-29 13:28:00,1,43.1,374,High,1,0.6909909645670805
16195.0,2009-12-16 14:09:00,1,53.300000000000004,722,High,1,0.6906188556130809
16196.0,2010-08-08 11:40:00,1,14.85,488,High,1,0.692020267254199
16197.0,2010-08-27 12:56:00,9,300.92,468,High,1,0.30249227115702654
16198.0,2011-09-25 14:58:00,2,125.351,74,Medium,0,0.6436371242847404
16199.0,2010-11-12 12:55:00,7,33.4,391,High,1,0.40354367194003044
16200.0,2011-12-05 14:40:00,12,1776.83,3,Low,0,0.15628849120380559
16201.0,2011-12-06 16:02:00,5,272.45,2,Low,0,0.4918742809747272
16202.0,2010-12-14 10:43:00,9,500.49,360,High,1,0.2953492029951088
16203.0,2011-10-12 12:31:00,6,210.73,58,Medium,0,0.44485363431100233
16204.0,2011-11-16 13:40:00,3,243.95,22,Low,0,0.5917988563945821
16205.0,2011-11-09 09:32:00,7,453.53000000000003,30,Low,0,0.3863980096197767
16206.0,2011-10-16 10:41:00,13,742.62,54,Medium,0,0.1532949288738522
16207.0,2011-11-14 13:51:00,1,80.88,24,Low,0,0.6896114651019408
16208.0,2011-10-26 11:36:00,10,861.01,44,Low,0,0.2440425819204672
16209.0,2011-09-12 11:58:00,9,199.52,88,Medium,0,0.3061588451491374
16210.0,2011-12-08 12:36:00,35,1115.84,1,Low,0,0.0021031237698698833
16211.0,2011-09-12 12:11:00,3,121.32000000000001,88,Medium,0,0.5968486889762712
16212.0,2011-11-20 13:00:00,4,312.27,18,Low,0,0.5399684102686079
16213.0,2011-09-22 10:03:00,1,22.9,78,Medium,0,0.6917271553736499
16214.0,2011-06-22 11:30:00,4,380.3,170,High,1,0.5370808217185189
16215.0,2011-09-20 10:18:00,1,60.0,80,Medium,0,0.6903742965529114
16216.0,2011-03-17 15:34:00,1,332.69,266,High,1,0.6803313413190177
16217.0,2011-04-18 13:31:00,2,63.150000000000006,234,High,1,0.646070149431054
16218.0,2011-11-10 09:59:00,13,262.75,29,Low,0,0.16423789701364058
16219.0,2010-07-27 11:44:00,1,0.85,500,High,1,0.6925296584126595
16221.0,2011-11-03 11:43:00,9,754.92,36,Low,0,0.28638633350030107
16222.0,2011-01-25 13:38:00,2,554.47,317,High,1,0.62665495622708
16223.0,2010-11-30 11:50:00,2,341.6,374,High,1,0.6351212320003663
16224.0,2011-10-13 17:51:00,5,283.04,56,Medium,0,0.49142222029373345
16225.0,2011-10-26 08:30:00,15,835.76,44,Low,0,0.10679151149851453
16226.0,2011-05-20 14:41:00,5,55.49,202,High,1,0.5011376300562164
16227.0,2011-04-28 13:33:00,3,104.68,224,High,1,0.5975323610030753
16228.0,2010-11-19 14:20:00,3,160.73,384,High,1,0.5952279901850359
16229.0,2011-09-13 17:16:00,6,472.95,86,Medium,0,0.43382228265379996
16230.0,2011-06-03 10:06:00,2,68.27,189,High,1,0.6458701612805184
16231.0,2010-11-25 15:00:00,4,226.35,378,High,1,0.5436114995725425
16232.0,2011-10-27 12:16:00,7,227.89000000000001,43,Low,0,0.39557438736027095
16233.0,2011-09-29 17:27:00,9,320.69,70,Medium,0,0.3017803006473918
16234.0,2010-08-20 14:33:00,3,45.87,475,High,1,0.5999455795417774
16235.0,2011-10-30 10:56:00,9,590.63,40,Low,0,0.2921552057451356
16236.0,2011-09-22 14:10:00,1,57.550000000000004,77,Medium,0,0.6904637372316
16237.0,2010-09-28 17:02:00,1,28.9,436,High,1,0.6915085863412433
16238.0,2010-10-13 12:36:00,1,4.85,422,High,1,0.692384165883201
16239.0,2011-10-14 08:29:00,6,84.9,56,Medium,0,0.450167237389023
16240.0,2011-11-15 14:30:00,2,551.9,23,Low,0,0.626757646622318
16241.0,2011-11-30 11:08:00,16,2349.98,9,Low,0,0.07030006023513087
16242.0,2011-12-01 15:12:00,14,1857.23,7,Low,0,0.10920534623238232
16243.0,2011-11-06 12:32:00,2,297.91,33,Low,0,0.6368487777731224
16244.0,2011-05-12 10:18:00,2,399.51,211,High,1,0.6328260452014036
16245.0,2011-11-16 10:14:00,3,263.2,23,Low,0,0.5910043603047483
16246.0,2010-09-06 12:04:00,2,257.5,459,High,1,0.638443492243082
16247.0,2011-06-22 14:23:00,1,43.379999999999995,169,High,1,0.6909807531144085
16248.0,2011-10-09 11:32:00,1,14.22,61,Medium,0,0.6920431999183713
16249.0,2011-10-18 10:07:00,5,240.34,52,Medium,0,0.49324505494018045
16250.0,2011-03-23 15:07:00,3,175.24,260,High,1,0.59463075484444
16251.0,2010-07-15 14:55:00,1,60.62,511,High,1,0.6903516603255081
16252.0,2010-11-22 11:57:00,1,67.1,382,High,1,0.6901150206399989
16253.0,2011-10-04 09:09:00,7,592.62,66,Medium,0,0.3807809545028124
16254.0,2010-11-26 13:22:00,3,236.41,377,High,1,0.5921099207647449
16255.0,2011-11-23 12:40:00,15,1651.55,16,Low,0,0.09421038681921945
16256.0,2011-03-18 12:18:00,3,116.88,266,High,1,0.5970311480049131
16257.0,2011-06-16 10:11:00,1,46.95,176,High,1,0.6908505407444847
16258.0,2011-10-25 13:30:00,15,913.5,44,Low,0,0.10553157627537847
16259.0,2010-10-25 14:27:00,3,255.45000000000002,409,High,1,0.5913242797762176
16260.0,2011-10-20 09:40:00,1,96.6,50,Medium,0,0.6890364681238355
16261.0,2011-11-22 17:23:00,6,514.83,16,Low,0,0.4320661961666356
16262.0,2010-11-26 13:22:00,1,140.48,377,High,1,0.6874283647622789
16263.0,2010-10-12 14:52:00,1,60.86,422,High,1,0.6903428976698944
16264.0,2010-09-27 15:00:00,2,165.49,437,High,1,0.6420631115492943
16265.0,2011-11-30 16:41:00,12,1438.82,8,Low,0,0.16405299638806273
16266.0,2011-09-27 12:08:00,14,467.94,73,Medium,0,0.13451708754144015
16267.0,2010-04-27 14:10:00,1,8.72,590,High,1,0.6922433654546032
16268.0,2011-09-29 18:30:00,2,191.66,70,Medium,0,0.6410352253838171
16269.0,2010-09-28 11:50:00,1,122.53,437,High,1,0.6880867402096009
16270.0,2010-12-21 14:26:00,1,174.03,352,High,1,0.6861957793587211
16271.0,2011-12-07 12:45:00,10,587.92,2,Low,0,0.2527499547302906
16272.0,2011-08-15 10:54:00,1,43.43,116,High,1,0.6909789296210884
16273.0,2010-03-01 13:24:00,2,123.94,647,High,1,0.643692399125855
16274.0,2010-12-01 15:35:00,1,573.2,372,High,1,0.6713321546794798
16275.0,2011-05-27 12:41:00,3,412.76,196,High,1,0.5848157391657263
16276.0,2011-06-16 09:34:00,3,68.82000000000001,176,High,1,0.5990044157202624
16277.0,2009-12-06 11:27:00,1,149.99,733,High,1,0.6870792472343747
16278.0,2011-08-31 17:12:00,3,415.24,99,High,1,0.5847128880055952
16279.0,2011-11-18 15:00:00,9,878.5,20,Low,0,0.2820921971130956
16280.0,2009-12-14 15:49:00,1,60.9,724,High,1,0.6903414372139978
16281.0,2011-09-28 14:57:00,3,96.78,71,Medium,0,0.5978568083717253
16282.0,2011-01-04 11:42:00,3,114.95,339,High,1,0.5971104517807665
16283.0,2011-12-04 12:08:00,8,1384.0,5,Low,0,0.3055677580413852
16284.0,2011-11-08 16:12:00,3,292.93,30,Low,0,0.5897763951089225
16285.0,2010-03-03 16:03:00,1,92.6,645,High,1,0.6891828332266116
16286.0,2010-08-19 14:48:00,2,70.85,476,High,1,0.6457693666627736
16287.0,2011-06-23 09:08:00,5,90.04,169,High,1,0.4996623670532767
16288.0,2010-08-26 14:45:00,1,61.05,469,High,1,0.6903359604705566
16289.0,2010-09-03 14:02:00,1,37.94,461,High,1,0.6911791136511721
16290.0,2010-09-01 11:52:00,4,686.94,464,High,1,0.52403713376073
16291.0,2010-01-26 16:26:00,1,117.72,681,High,1,0.6882630339775281
16292.0,2011-08-10 12:24:00,5,278.71999999999997,121,High,1,0.49160662866449156
16293.0,2011-11-18 09:58:00,15,967.52,21,Low,0,0.10466380921289671
16294.0,2010-08-20 12:01:00,1,21.75,476,High,1,0.6917690379668321
16295.0,2011-11-30 08:17:00,4,297.58,9,Low,0,0.5405915938610985
16296.0,2010-03-23 13:11:00,4,238.27,625,High,1,0.5431063500117258
16297.0,2011-03-16 08:29:00,1,55.83,268,High,1,0.6905265197218139
16298.0,2011-11-17 11:59:00,7,222.67,22,Low,0,0.3957875759306065
16299.0,2010-08-19 17:46:00,1,34.7,476,High,1,0.6912972213777635
16300.0,2010-10-05 13:14:00,3,632.14,429,High,1,0.5756899512552399
16301.0,2009-12-03 10:20:00,1,19.94,736,High,1,0.6918349511356363
16302.0,2011-08-05 09:44:00,1,19.38,126,High,1,0.6918553425768358
16303.0,2011-11-14 10:49:00,7,873.19,25,Low,0,0.36954820630827684
16304.0,2010-01-14 08:30:00,1,69.01,694,High,1,0.6900452513523389
16305.0,2011-07-24 12:18:00,1,37.03,138,High,1,0.691212288407517
16306.0,2011-05-10 12:12:00,7,146.46,213,High,1,0.39890452083389766
16307.0,2010-10-06 14:31:00,3,137.5,428,High,1,0.5961835555155962
16308.0,2011-11-02 11:24:00,7,2.24,37,Low,0,0.40482532535713395
16309.0,2011-08-25 15:35:00,2,101.56,105,High,1,0.6445686057486066
16310.0,2010-10-21 14:47:00,2,87.58,413,High,1,0.6451154504308491
16311.0,2011-11-22 08:54:00,2,91.52,17,Low,0,0.6449613708325571
16312.0,2010-10-03 14:15:00,1,56.2,431,High,1,0.6905130147793548
16313.0,2011-12-06 13:02:00,2,49.57,2,Low,0,0.6466003391641452
16314.0,2010-11-15 12:06:00,3,224.55,389,High,1,0.5925990582877663
16315.0,2011-01-13 11:57:00,2,112.39,330,High,1,0.6441447174746681
16316.0,2011-10-06 13:48:00,13,1268.55,63,Medium,0,0.14199521072792073
16317.0,2011-08-12 12:46:00,5,432.57,119,High,1,0.4850409997101177
16318.0,2011-11-04 13:05:00,1,47.0,34,Low,0,0.69084871682657
16319.0,2011-05-06 11:27:00,1,16.85,217,High,1,0.691947458866388
16320.0,2011-06-20 15:25:00,6,706.07,171,High,1,0.42406955525044904
16321.0,2011-09-28 14:55:00,7,67.2,71,Medium,0,0.4021549192731416
16322.0,2011-12-08 15:41:00,2,90.2,0,Low,0,0.645012994758817
16323.0,2011-05-27 14:48:00,2,9.34,195,High,1,0.6481688774113936
16324.0,2011-08-03 12:58:00,3,251.41,127,High,1,0.5914910200511705
16325.0,2011-10-24 08:48:00,12,357.16,46,Medium,0,0.1909837483252794
16326.0,2011-12-04 10:11:00,24,2554.07,5,Low,0,0.014584179336639868
16327.0,2011-11-25 13:23:00,16,2014.22,13,Low,0,0.07414175974344339
16328.0,2010-05-25 14:02:00,1,46.07,562,High,1,0.6908826407266093
16329.0,2010-10-08 12:44:00,4,260.79,427,High,1,0.5421517490876628
16330.0,2011-11-22 12:24:00,7,297.41,17,Low,0,0.39273895356473115
16331.0,2010-10-03 13:47:00,6,167.2,431,High,1,0.44669047458226724
16332.0,2011-11-11 14:22:00,11,569.85,27,Low,0,0.217476143758134
16333.0,2011-12-02 12:19:00,22,47.980000000000004,7,Low,0,0.032734380107225104
16334.0,2010-08-04 16:38:00,1,159.98,491,High,1,0.6867122800613007
16335.0,2010-06-06 11:35:00,7,1272.11,551,High,1,0.35381992699339243
16336.0,2010-10-15 12:32:00,4,250.16,420,High,1,0.5426023834619015
16337.0,2011-11-03 10:03:00,1,30.4,36,Low,0,0.691453930673207
16338.0,2011-07-05 13:56:00,1,41.08,156,High,1,0.6910646273766828
16339.0,2011-02-28 13:41:00,1,105.15,283,High,1,0.6887234859555542
16340.0,2011-08-24 14:53:00,3,600.48,106,High,1,0.5770102921853199
16341.0,2011-11-15 09:12:00,7,270.19,24,Low,0,0.39384829528780835
16342.0,2011-09-25 14:36:00,4,84.05,74,Medium,0,0.5496347201484514
16343.0,2011-11-23 17:45:00,3,254.13,15,Low,0,0.5913787615852515
16344.0,2011-07-04 15:50:00,4,92.42,157,High,1,0.5492808228510908
16345.0,2011-10-26 16:03:00,2,354.71,43,Low,0,0.6346021677277334
16346.0,2010-11-19 15:55:00,1,21.93,384,High,1,0.6917624826387652
16347.0,2011-11-28 13:14:00,11,1200.3700000000001,10,Low,0,0.19970700198234634
16348.0,2011-11-07 15:44:00,8,718.65,31,Low,0,0.3301995187118399
16349.0,2011-02-22 12:40:00,1,53.5,290,High,1,0.6906115568867414
16350.0,2011-11-18 15:53:00,9,453.34,20,Low,0,0.2970279583896169
16351.0,2011-01-11 10:26:00,13,384.19,332,High,1,0.16141060757559503
16352.0,2011-11-22 10:32:00,2,54.93,17,Low,0,0.6463911172891669
16353.0,2011-12-06 12:23:00,38,448.92,3,Low,0,0.001296376575977106
16354.0,2011-10-07 14:28:00,5,387.61,62,Medium,0,0.4869592582757316
16355.0,2010-11-29 14:21:00,1,153.22,374,High,1,0.6869606237935172
16356.0,2011-05-26 11:51:00,6,127.94,197,High,1,0.4483483838666141
16357.0,2011-11-06 16:04:00,4,180.63,32,Low,0,0.5455481955522339
16358.0,2011-12-08 15:09:00,5,292.36,0,Low,0,0.49102438432483003
16359.0,2011-12-02 17:04:00,16,730.17,6,Low,0,0.09067429490079928
16360.0,2011-12-05 12:16:00,6,1508.54,4,Low,0,0.39099077950865885
16361.0,2011-11-30 12:32:00,4,327.3,9,Low,0,0.5393306737361977
16362.0,2011-11-07 13:01:00,6,266.95,31,Low,0,0.4424835476651694
16363.0,2011-10-17 14:14:00,1,14.780000000000001,52,Medium,0,0.6920228153747965
16364.0,2011-11-28 11:27:00,2,183.04,11,Low,0,0.6413739390585723
16365.0,2011-11-22 11:24:00,15,612.33,17,Low,0,0.11048660704888387
16366.0,2011-11-21 08:19:00,4,246.67,18,Low,0,0.5427503188119398
16367.0,2011-11-02 13:13:00,3,461.15,36,Low,0,0.5828075731636152
16368.0,2011-12-07 13:12:00,3,255.49,1,Low,0,0.5913226287772783
16369.0,2011-11-21 16:25:00,7,464.34,17,Low,0,0.38596034835324805
16370.0,2011-09-18 15:55:00,4,657.72,81,Medium,0,0.5252817754168542
16371.0,2010-09-17 12:09:00,1,40.55,448,High,1,0.6910839531393951
16372.0,2011-11-06 13:08:00,5,771.65,32,Low,0,0.47059199537788204
16373.0,2010-11-22 15:50:00,2,83.65,381,High,1,0.6452691089884873
16374.0,2011-10-04 15:21:00,5,1075.69,65,Medium,0,0.4576771980806045
16375.0,2010-08-26 14:25:00,2,22.25,469,High,1,0.6476658723088898
16376.0,2011-12-01 11:38:00,2,318.84,8,Low,0,0.6360216224082472
16377.0,2011-03-17 15:41:00,2,5.3,266,High,1,0.6483262182134985
16378.0,2011-04-06 15:07:00,3,41.45,246,High,1,0.6001267562634299
16379.0,2011-12-05 15:38:00,4,214.20000000000002,3,Low,0,0.5441263038317051
16380.0,2011-10-09 15:40:00,1,57.6,60,Medium,0,0.6904619120541101
16381.0,2010-11-09 09:56:00,2,196.1,395,High,1,0.6408607054205926
16382.0,2010-10-27 16:23:00,2,186.01,407,High,1,0.6412572519910867
16383.0,2011-09-26 12:45:00,7,1151.32,74,Medium,0,0.35855084133409026
16384.0,2011-09-11 11:19:00,4,209.57,89,Medium,0,0.5443224555210835
16385.0,2011-10-10 13:12:00,5,308.3,59,Medium,0,0.49034399192090933
16386.0,2011-11-11 12:28:00,3,294.95,28,Low,0,0.5896929204151983
16387.0,2011-01-21 11:34:00,5,321.07,322,High,1,0.4897989353631773
16388.0,2010-02-24 10:20:00,1,37.3,653,High,1,0.6912024455536608
16389.0,2011-10-17 14:41:00,4,94.47,52,Medium,0,0.5491941378801984
16390.0,2010-06-21 10:11:00,3,119.55,536,High,1,0.596921429236807
16391.0,2010-11-04 12:27:00,4,757.43,400,High,1,0.5210333747824516
16392.0,2011-03-15 12:11:00,3,317.42,269,High,1,0.5887640204033737
16393.0,2011-12-07 12:51:00,23,1538.49,1,Low,0,0.02103835473078184
16394.0,2011-10-14 09:48:00,5,102.22,56,Medium,0,0.49914228888781165
16395.0,2011-10-10 12:50:00,14,1377.56,60,Medium,0,0.11743397022602438
16396.0,2010-08-20 14:17:00,1,15.2,475,High,1,0.6920075264757171
16397.0,2010-03-21 15:36:00,1,53.94,627,High,1,0.6905954993542303
16398.0,2011-07-08 15:16:00,2,454.66,153,High,1,0.6306346323344769
16399.0,2011-11-20 16:12:00,3,311.69,18,Low,0,0.5890009564905803
16400.0,2011-09-06 12:27:00,9,690.43,94,High,1,0.2886426938684991
16401.0,2011-12-08 18:15:00,23,575.85,0,Low,0,0.024705138431352868
16402.0,2011-03-20 12:25:00,2,309.85,264,High,1,0.6363770068076422
16403.0,2011-01-31 13:39:00,1,16.099999999999998,311,High,1,0.691974763130907
16404.0,2011-09-30 14:55:00,1,118.8,69,Medium,0,0.6882234550912664
16405.0,2011-02-10 15:24:00,2,11.65,301,High,1,0.6480788982843797
16406.0,2011-11-21 11:57:00,3,409.78000000000003,18,Low,0,0.5849393166712714
16407.0,2011-11-27 11:05:00,14,724.72,12,Low,0,0.12949245321930292
16408.0,2010-04-27 14:08:00,1,66.45,590,High,1,0.6901387621413778
16409.0,2011-11-03 16:45:00,12,2029.51,35,Low,0,0.15068172346748937
16410.0,2009-12-05 14:51:00,1,3.98,733,High,1,0.6924158137640226
16411.0,2011-11-20 13:23:00,4,429.55,18,Low,0,0.5349888011035474
16412.0,2011-10-17 12:35:00,5,336.43,53,Medium,0,0.4891433631683221
16413.0,2011-10-14 12:08:00,2,191.65,56,Medium,0,0.6410356184046823
16414.0,2011-11-18 09:42:00,5,222.9,21,Low,0,0.493989611367679
16415.0,2011-10-26 13:35:00,3,328.78,43,Low,0,0.5882941616210681
16416.0,2011-11-13 12:50:00,9,497.64,26,Low,0,0.29545051941890355
16417.0,2010-08-04 09:08:00,1,5.95,492,High,1,0.6923441487309793
16418.0,2011-10-26 12:39:00,5,616.32,44,Low,0,0.4772063250915244
16419.0,2011-08-19 12:33:00,8,354.18,112,High,1,0.34410989754848237
16420.0,2010-11-08 15:15:00,1,2.07,395,High,1,0.6924852872463976
16421.0,2010-11-28 13:31:00,3,254.29,375,High,1,0.591372157849143
16422.0,2011-11-22 14:00:00,109,1347.79,16,Low,0,7.840888147069924e-10
16423.0,2011-11-15 09:21:00,1,34.480000000000004,24,Low,0,0.6913052401318066
16424.0,2011-06-01 13:40:00,2,46.74,190,High,1,0.6467107825453868
16425.0,2011-02-10 14:30:00,1,87.61,301,High,1,0.6893653706571752
16426.0,2011-12-07 14:01:00,10,776.24,1,Low,0,0.2467235517776974
16427.0,2011-03-21 17:10:00,2,13.4,262,High,1,0.6480107252788471
16428.0,2010-10-22 12:22:00,3,302.62,413,High,1,0.5893759175100095
16429.0,2011-08-25 13:54:00,1,39.900000000000006,105,High,1,0.6911076536337344
16430.0,2011-10-13 14:47:00,7,146.07,56,Medium,0,0.3989204929307557
16431.0,2011-05-10 14:09:00,3,152.19,212,High,1,0.5955793671412876
16432.0,2011-10-06 13:59:00,1,25.34,63,Medium,0,0.6916382809901213
16433.0,2011-11-11 14:09:00,2,70.31,27,Low,0,0.6457904642824799
16434.0,2011-11-10 14:28:00,12,690.78,28,Low,0,0.1823342352167335
16435.0,2010-07-15 18:22:00,3,525.36,511,High,1,0.5801386474813285
16436.0,2010-02-09 13:19:00,3,90.78,667,High,1,0.5981031668688515
16437.0,2010-11-23 16:59:00,2,43.55,380,High,1,0.6468352564826718
16438.0,2011-12-04 10:51:00,5,289.61,5,Low,0,0.49114177038772594
16439.0,2009-12-17 14:22:00,1,42.05,721,High,1,0.6910292558531963
16440.0,2011-12-02 12:02:00,6,699.17,7,Low,0,0.42435741239968894
16441.0,2011-10-03 17:48:00,5,275.61,66,Medium,0,0.49173938703354536
16442.0,2011-12-08 11:43:00,5,586.89,1,Low,0,0.4784604985596288
16443.0,2010-07-07 11:57:00,1,1.69,520,High,1,0.6924991081553002
16444.0,2011-10-24 13:50:00,17,921.17,45,Low,0,0.0732657116283354
16445.0,2011-11-06 12:32:00,4,429.2,33,Low,0,0.5350036726873553
16446.0,2011-12-09 09:15:00,2,4.98,0,Low,0,0.6483386794752276
16447.0,2011-07-27 12:45:00,3,360.07,135,High,1,0.586999151822442
16448.0,2011-05-25 16:28:00,2,120.5,197,High,1,0.6438271424377333
16449.0,2011-05-26 10:25:00,2,131.92,197,High,1,0.6433797383942689
16450.0,2011-07-13 11:47:00,3,154.01,149,High,1,0.5955044917301288
16451.0,2011-09-13 09:17:00,3,168.09,87,Medium,0,0.5949250858063786
16452.0,2010-03-19 12:39:00,2,33.49,630,High,1,0.647227667620762
16453.0,2010-06-27 12:46:00,2,47.01,530,High,1,0.6467002462200797
16454.0,2011-10-26 11:40:00,4,10.0,44,Low,0,0.5527634479095398
16455.0,2011-10-07 12:17:00,11,536.57,63,Medium,0,0.21844502676176666
16456.0,2011-09-01 13:50:00,13,1110.02,98,High,1,0.14532610192639694
16457.0,2011-05-05 13:19:00,1,24.03,217,High,1,0.6916859981006136
16458.0,2011-12-07 09:34:00,30,785.41,2,Low,0,0.006010745493287871
16459.0,2009-12-10 12:42:00,1,12.84,729,High,1,0.6920934300613455
16460.0,2011-11-11 13:46:00,3,226.15,27,Low,0,0.5925330807750097
16461.0,2011-06-15 12:07:00,3,696.52,177,High,1,0.5730017477123484
16462.0,2011-09-27 10:24:00,3,25.5,73,Medium,0,0.6007803220254337
16463.0,2011-11-18 14:01:00,4,163.44,20,Low,0,0.5462760095937478
16464.0,2011-11-20 12:11:00,3,592.07,19,Low,0,0.5773608367412342
16465.0,2010-10-15 09:27:00,2,115.45,420,High,1,0.6440249074972454
16466.0,2011-11-06 11:35:00,15,1129.34,33,Low,0,0.10210198141708383
16467.0,2010-07-19 11:49:00,7,29.22,508,High,1,0.4037155250307564
16468.0,2011-09-26 14:13:00,3,115.65,73,Medium,0,0.5970816893398323
16469.0,2011-11-16 12:25:00,5,614.74,23,Low,0,0.4772736503850404
16470.0,2011-10-19 12:11:00,11,1117.39,51,Medium,0,0.2019817993678059
16471.0,2011-03-10 09:41:00,4,165.44,274,High,1,0.5461913409288178
16472.0,2010-10-01 13:56:00,2,273.91,433,High,1,0.6377962639721209
16473.0,2011-06-28 09:10:00,4,64.45,164,High,1,0.5504632431212405
16474.0,2011-12-02 13:02:00,7,791.92,6,Low,0,0.3727879851118732
16475.0,2011-09-12 14:37:00,4,143.1,87,Medium,0,0.547136937040767
16476.0,2010-10-04 10:29:00,1,84.25,431,High,1,0.6894882484461311
16477.0,2011-10-07 09:44:00,11,599.55,63,Medium,0,0.21661410906045547
16478.0,2011-11-14 15:51:00,3,50.03,24,Low,0,0.5997750352965949
16479.0,2011-11-29 13:40:00,2,111.2,9,Low,0,0.6441913053695567
16480.0,2011-09-25 11:40:00,1,176.52,75,Medium,0,0.6861041947405784
16481.0,2010-01-26 13:09:00,1,42.1,681,High,1,0.691027432518107
16482.0,2011-11-24 12:33:00,1,24.51,15,Low,0,0.6916685144435796
16483.0,2011-05-31 13:08:00,1,83.8,191,High,1,0.6895047032640881
16484.0,2011-06-19 12:06:00,2,82.18,173,High,1,0.6453265766282712
16485.0,2011-09-23 15:50:00,5,463.31,76,Medium,0,0.4837297003634668
16486.0,2010-06-20 12:16:00,1,47.89,537,High,1,0.6908162500929477
16487.0,2010-05-11 13:38:00,2,70.3,576,High,1,0.6457908549737906
16488.0,2011-11-06 13:42:00,3,128.79000000000002,32,Low,0,0.5965416535313283
16489.0,2010-11-24 14:40:00,2,44.8,379,High,1,0.6467864838010068
16490.0,2010-09-29 16:30:00,1,31.09,435,High,1,0.6914287872653014
16491.0,2011-10-24 10:18:00,2,205.38,46,Medium,0,0.6404958226043106
16492.0,2010-06-17 08:20:00,1,58.76,540,High,1,0.6904195662696772
16493.0,2011-09-21 11:10:00,7,236.62,79,Medium,0,0.39521793659296917
16494.0,2011-02-16 12:49:00,1,74.96,296,High,1,0.6898278517913975
16495.0,2011-12-06 13:20:00,3,312.15999999999997,2,Low,0,0.5889815234948348
16496.0,2011-12-01 10:31:00,6,368.21,8,Low,0,0.4382213644925747
16497.0,2011-10-21 10:55:00,23,1342.85,49,Medium,0,0.021737685897968866
16498.0,2011-07-01 15:07:00,2,35.52,160,High,1,0.6471484992371719
16499.0,2010-12-14 13:31:00,8,473.92,359,High,1,0.3395089000856051
16500.0,2011-12-05 12:04:00,9,244.47,4,Low,0,0.30453040955726535
16501.0,2010-11-21 14:10:00,1,551.47,382,High,1,0.672150543717902
16502.0,2010-03-29 13:44:00,2,174.0,619,High,1,0.6417290047372732
16503.0,2011-08-25 11:46:00,11,867.47,106,High,1,0.2089496912419855
16504.0,2011-11-14 15:18:00,1,106.11,24,Low,0,0.688688333319146
16505.0,2011-11-08 12:14:00,1,5.4,31,Low,0,0.692364157668654
16506.0,2011-11-20 12:17:00,2,6.55,19,Low,0,0.648277539473908
16507.0,2010-05-16 12:56:00,1,84.53999999999999,571,High,1,0.6894776439761436
16508.0,2010-03-19 13:41:00,1,161.57,629,High,1,0.6866538522910738
16509.0,2011-02-16 09:25:00,1,99.1,296,High,1,0.6889449707327718
16510.0,2010-12-02 13:39:00,6,510.31,371,High,1,0.4322556446717823
16511.0,2011-11-18 10:41:00,6,999.15,21,Low,0,0.4118926368146446
16513.0,2011-12-05 10:18:00,4,90.67,4,Low,0,0.5493548198498724
16515.0,2011-10-18 13:10:00,10,610.28,51,Medium,0,0.25202934453859827
16516.0,2011-11-09 14:59:00,1,12.7,29,Low,0,0.6920985256188488
16517.0,2011-03-07 13:50:00,1,49.050000000000004,276,High,1,0.6907739310735526
16518.0,2011-10-09 15:04:00,4,222.53,60,Medium,0,0.5437733658213636
16519.0,2011-11-14 15:41:00,4,203.25,24,Low,0,0.5445901824897357
16520.0,2011-06-06 13:24:00,6,1096.95,185,High,1,0.40785234532152037
16521.0,2010-10-20 13:09:00,3,606.44,414,High,1,0.5767618212395654
16522.0,2010-09-30 10:54:00,2,85.58,435,High,1,0.6451936519127459
16523.0,2011-12-08 09:06:00,28,1480.93,1,Low,0,0.007939560898583676
16524.0,2010-09-19 13:37:00,2,182.55,445,High,1,0.641393188852315
16525.0,2011-12-07 15:07:00,48,1265.05,1,Low,0,0.00015352373357139693
16526.0,2011-06-21 12:02:00,2,197.29,171,High,1,0.6408139245880594
16527.0,2011-09-19 16:21:00,2,250.41,80,Medium,0,0.6387229743512072
16528.0,2011-12-06 12:45:00,1,54.8,3,Low,0,0.6905641128488569
16529.0,2011-06-02 17:23:00,4,454.37,189,High,1,0.5339340362863876
16530.0,2010-02-09 15:30:00,1,17.65,667,High,1,0.6919183328375565
16531.0,2011-11-17 16:29:00,11,373.31,21,Low,0,0.22324300427474653
16532.0,2011-11-22 11:08:00,5,21.5,17,Low,0,0.5025889622227258
16533.0,2011-11-20 13:08:00,3,469.17,18,Low,0,0.5824744789015508
16534.0,2010-03-07 15:47:00,1,184.84,641,High,1,0.6857980719295163
16535.0,2011-12-04 15:18:00,3,192.42,4,Low,0,0.593923259469586
16536.0,2011-08-21 15:54:00,1,200.21,109,High,1,0.6852321290684451
16537.0,2010-03-08 13:41:00,1,2.05,640,High,1,0.6924860146712652
16538.0,2010-06-16 16:59:00,3,83.3,540,High,1,0.598410224418902
16539.0,2011-12-07 08:41:00,10,823.15,2,Low,0,0.24523751457133222
16540.0,2010-10-21 17:22:00,1,97.95,413,High,1,0.6889870613667521
16541.0,2009-12-04 13:22:00,1,140.1,734,High,1,0.6874423103656799
16542.0,2011-10-17 10:47:00,2,36.04,53,Medium,0,0.6471282183513388
16543.0,2010-04-27 11:38:00,1,24.38,591,High,1,0.6916732496549496
16544.0,2010-07-08 11:11:00,4,30.59,519,High,1,0.5518938968605553
16545.0,2011-06-28 10:37:00,2,21.46,164,High,1,0.6476966620577365
16546.0,2011-02-22 11:20:00,5,197.77,290,High,1,0.4950625188116397
16547.0,2010-06-11 13:02:00,1,58.32,545,High,1,0.6904356288399359
16548.0,2010-04-19 16:15:00,1,30.15,598,High,1,0.691463040323599
16549.0,2011-11-29 15:06:00,34,6720.76,9,Low,0,0.0009868440724475163
16550.0,2011-08-23 11:12:00,18,2151.65,108,High,1,0.049866186301035856
16551.0,2011-09-05 09:38:00,7,287.34999999999997,95,High,1,0.39314881712399846
16552.0,2011-04-11 10:04:00,2,93.06,242,High,1,0.6449011386537222
16553.0,2011-06-29 15:42:00,33,589.19,162,High,1,0.003424973028649109
16554.0,2011-10-28 14:51:00,8,615.56,41,Low,0,0.33410531461452003
16555.0,2011-11-04 14:31:00,6,147.28,34,Low,0,0.44753152980936844
16556.0,2011-10-04 11:36:00,17,2065.88,66,Medium,0,0.06104891311270858
16557.0,2011-11-15 14:04:00,2,75.0,23,Low,0,0.6456072086205427
16558.0,2011-12-09 10:20:00,38,2476.91,0,Low,0,0.0009172059087210557
16559.0,2010-11-07 13:52:00,1,68.15,396,High,1,0.6900766668668645
16560.0,2011-11-13 10:35:00,8,817.02,26,Low,0,0.32649425491474077
16561.0,2011-12-04 11:50:00,2,88.61,5,Low,0,0.6450751736427592
16562.0,2010-08-20 11:45:00,1,40.519999999999996,476,High,1,0.6910850470304999
16563.0,2011-10-17 11:51:00,6,231.5,53,Medium,0,0.44397772787741524
16564.0,2010-05-19 14:41:00,1,16.45,568,High,1,0.6919620213079045
16565.0,2010-12-10 15:21:00,4,48.75,363,High,1,0.5511267052602982
16566.0,2011-11-24 16:34:00,5,48.519999999999996,14,Low,0,0.5014352430460847
16567.0,2011-05-29 13:57:00,2,75.79,193,High,1,0.6455763361875004
16568.0,2010-10-08 10:54:00,2,61.45,427,High,1,0.6461365404526589
16569.0,2011-12-06 15:32:00,5,72.92,2,Low,0,0.5003933810191193
16570.0,2011-11-24 17:02:00,20,1033.86,14,Low,0,0.04087948051100034
16571.0,2011-11-13 11:46:00,10,496.27,26,Low,0,0.25571783736222564
16572.0,2011-08-04 16:34:00,3,215.43,126,High,1,0.592975066285143
16573.0,2011-09-16 09:13:00,2,157.99,84,Medium,0,0.642357450908133
16574.0,2011-09-29 13:39:00,3,155.12,70,Medium,0,0.5954588237745685
16576.0,2010-10-15 13:37:00,2,109.34,419,High,1,0.6442641179539859
16577.0,2010-02-11 09:45:00,1,97.60000000000001,666,High,1,0.6889998709395053
16578.0,2010-03-23 15:11:00,1,13.05,625,High,1,0.6920857866373207
16579.0,2010-10-10 11:58:00,1,70.7,425,High,1,0.6899835111034759
16581.0,2011-06-10 10:05:00,1,10.67,182,High,1,0.6921724059417783
16582.0,2011-08-18 17:02:00,1,9.73,112,High,1,0.6922066132000785
16583.0,2010-12-01 12:03:00,2,78.8,373,High,1,0.6454586971973837
16584.0,2011-09-20 13:45:00,5,212.65,79,Medium,0,0.4944272216894938
16585.0,2010-04-25 10:34:00,2,55.480000000000004,593,High,1,0.6463696454526862
16586.0,2011-04-05 09:32:00,3,138.24,248,High,1,0.596153126845201
16587.0,2011-04-21 15:51:00,1,87.2,231,High,1,0.6893803661040899
16588.0,2010-11-18 17:56:00,4,218.27,385,High,1,0.5439538654444396
16589.0,2011-09-29 14:50:00,4,75.42,70,Medium,0,0.5499995580841525
16590.0,2010-11-04 09:06:00,2,111.05,400,High,1,0.6441971775995073
16591.0,2011-10-02 10:43:00,1,44.43,68,Medium,0,0.6909424585056503
16592.0,2011-12-05 13:49:00,28,930.57,3,Low,0,0.00871526398223671
16593.0,2011-10-20 12:41:00,8,346.42,50,Medium,0,0.34440909757263066
16594.0,2011-09-25 14:08:00,1,159.95,74,Medium,0,0.6867133824151139
16595.0,2011-10-09 13:15:00,5,961.91,60,Medium,0,0.46250454730644597
16596.0,2011-11-24 10:02:00,4,114.79,15,Low,0,0.5483347388600824
16597.0,2011-12-05 15:44:00,1,11.35,3,Low,0,0.6921476589497142
16598.0,2011-02-27 11:42:00,1,25.6,285,High,1,0.6916288099318547
16599.0,2010-11-19 12:45:00,1,32.75,385,High,1,0.6913682926798016
16600.0,2011-12-05 16:00:00,13,252.06,3,Low,0,0.16448867068687148
16601.0,2011-10-30 11:09:00,3,220.65,40,Low,0,0.5927598644818632
16602.0,2011-11-03 15:54:00,2,116.68,35,Low,0,0.643976743501458
16603.0,2011-09-26 10:06:00,2,73.32000000000001,74,Medium,0,0.6456728573564856
16604.0,2010-05-26 09:10:00,2,35.7,562,High,1,0.6471414789905228
16605.0,2009-12-15 19:03:00,1,0.42,723,High,1,0.6925452965817964
16606.0,2010-10-31 13:57:00,2,97.63,403,High,1,0.6447223706841089
16607.0,2011-11-22 10:24:00,25,1085.73,17,Low,0,0.01533959115650812
16608.0,2010-09-12 11:44:00,2,415.37,453,High,1,0.6321963978173022
16609.0,2011-11-24 13:32:00,7,983.78,14,Low,0,0.36515846283301034
16610.0,2011-05-04 13:13:00,1,7.78,218,High,1,0.6922775683331778
16611.0,2011-06-06 15:46:00,6,441.38,185,High,1,0.4351471583728068
16612.0,2011-11-07 07:38:00,9,556.59,32,Low,0,0.2933589856820822
16613.0,2011-09-30 15:52:00,1,86.91,69,Medium,0,0.6893909723995639
16614.0,2011-06-10 11:36:00,3,279.02,182,High,1,0.5903510727784792
16615.0,2010-03-23 15:13:00,1,62.86,625,High,1,0.6902698702224682
16616.0,2011-11-24 16:31:00,2,93.71000000000001,14,Low,0,0.6448757146027903
16617.0,2011-04-18 10:35:00,1,19.55,235,High,1,0.691849152397006
16618.0,2011-11-08 13:52:00,5,348.1,30,Low,0,0.48864530679318685
16619.0,2011-03-21 08:18:00,4,411.46,263,High,1,0.5357573674451279
16620.0,2011-12-06 12:19:00,6,214.23,3,Low,0,0.44470600916420416
16621.0,2011-10-19 11:38:00,4,133.14,51,Medium,0,0.5475584096236631
16622.0,2010-06-14 10:44:00,1,71.5,543,High,1,0.6899542825885527
16623.0,2011-04-08 10:09:00,4,168.25,245,High,1,0.546072376941357
16624.0,2011-09-20 12:39:00,2,147.54,80,Medium,0,0.6427673847503403
16625.0,2011-03-10 12:50:00,5,229.3,274,High,1,0.4937163763797711
16626.0,2011-12-09 11:56:00,17,740.46,0,Low,0,0.07538916815591845
16627.0,2011-09-21 14:38:00,1,101.35,78,Medium,0,0.6888626104566727
16628.0,2011-11-10 12:45:00,7,319.14,29,Low,0,0.3918541481754993
16629.0,2011-09-27 10:34:00,2,156.99,73,Medium,0,0.6423966880505624
16630.0,2010-10-28 14:30:00,1,6.4,406,High,1,0.6923277772441435
16631.0,2010-08-15 11:20:00,7,326.09,481,High,1,0.391571306640013
16632.0,2010-08-11 11:39:00,2,43.55,485,High,1,0.6468352564826718
16633.0,2011-11-22 13:41:00,6,708.23,16,Low,0,0.42397945402535553
16634.0,2011-05-01 12:09:00,6,414.03,222,High,1,0.4362956863610561
16635.0,2010-10-29 09:41:00,1,55.120000000000005,406,High,1,0.6905524337006218
16636.0,2010-09-27 13:13:00,4,191.32,437,High,1,0.5450954891431226
16637.0,2011-11-07 13:17:00,4,192.72,31,Low,0,0.5450361955823502
16638.0,2011-11-17 11:09:00,15,491.44,22,Low,0,0.11253223147221536
16639.0,2011-11-08 13:20:00,4,297.41,30,Low,0,0.5405988049129606
16640.0,2010-11-07 10:48:00,1,18.35,397,High,1,0.6918928463092103
16641.0,2011-08-26 12:49:00,2,73.21000000000001,105,High,1,0.6456771555942188
16642.0,2011-12-05 11:31:00,3,161.29,4,Low,0,0.595204945658761
16643.0,2011-04-08 08:24:00,2,164.23,245,High,1,0.6421125680548811
16644.0,2011-06-15 12:39:00,2,95.35,177,High,1,0.6448115641319335
16645.0,2009-12-04 09:49:00,1,33.34,735,High,1,0.6913467900107985
16646.0,2010-09-16 13:28:00,1,46.86,448,High,1,0.6908538237817489
16647.0,2011-06-23 11:47:00,4,110.46,169,High,1,0.5485178930195833
16648.0,2011-10-28 08:58:00,3,69.52,42,Low,0,0.5989756976814465
16649.0,2010-07-07 15:41:00,1,136.19,519,High,1,0.6875857835743061
16650.0,2011-09-29 09:51:00,7,225.52,71,Medium,0,0.39567117495685283
16651.0,2010-05-02 11:46:00,1,17.6,586,High,1,0.6919201532591142
16652.0,2011-10-12 09:38:00,16,1119.22,58,Medium,0,0.0853424089819947
16653.0,2011-11-23 14:51:00,2,229.47,15,Low,0,0.6395478636357192
16654.0,2011-07-21 15:23:00,8,346.83,140,High,1,0.34439328623394255
16655.0,2011-11-22 11:25:00,13,1675.57,17,Low,0,0.13373456097999245
16656.0,2011-11-17 14:43:00,30,293.35,21,Low,0,0.006534296154167174
16657.0,2011-11-30 11:48:00,4,327.64,9,Low,0,0.5393162457303641
16658.0,2010-12-06 13:47:00,6,258.52,367,High,1,0.44283877000108446
16659.0,2011-06-03 15:03:00,1,1.24,188,High,1,0.6925154745744737
16660.0,2011-11-23 14:53:00,7,66.11,15,Low,0,0.40219968013468915
16661.0,2010-06-17 15:24:00,4,216.37,539,High,1,0.5440343662511729
16662.0,2010-11-10 16:56:00,1,140.3,393,High,1,0.6874349706167112
16663.0,2009-12-10 13:12:00,1,1.65,728,High,1,0.6925005629677272
16664.0,2010-05-19 17:11:00,1,42.0,568,High,1,0.6910310791823364
16665.0,2010-12-12 14:03:00,1,48.5,361,High,1,0.6907939965247104
16666.0,2011-11-20 14:01:00,2,65.84,18,Low,0,0.6459650838971852
16667.0,2011-10-02 15:26:00,2,189.82,67,Medium,0,0.6411075380347333
16668.0,2011-11-24 17:43:00,13,110.78,14,Low,0,0.1678318534030826
16669.0,2011-11-16 12:26:00,3,439.95,23,Low,0,0.5836877071148223
16670.0,2011-11-23 09:34:00,20,1483.1,16,Low,0,0.03797480768418431
16671.0,2011-11-11 13:40:00,3,16.82,27,Low,0,0.6011358423109465
16672.0,2011-12-07 16:29:00,20,414.38,1,Low,0,0.045235490774099225
16673.0,2010-01-29 14:22:00,1,56.29,678,High,1,0.6905097297441802
16674.0,2011-10-16 11:31:00,2,197.42000000000002,54,Medium,0,0.6408088139146814
16675.0,2010-09-24 12:15:00,2,63.97,441,High,1,0.646038123512956
16676.0,2011-11-06 12:01:00,6,691.08,33,Low,0,0.424694979831918
16677.0,2010-10-24 14:53:00,2,156.62,410,High,1,0.6424112053095679
16678.0,2011-12-07 12:17:00,12,301.31,2,Low,0,0.19246196326366957
16679.0,2010-12-08 13:51:00,3,114.14,365,High,1,0.5971437332002839
16680.0,2011-10-27 17:35:00,3,87.2,42,Low,0,0.598250137186301
16681.0,2011-09-28 11:11:00,7,95.91,72,Medium,0,0.4009765320350552
16682.0,2011-12-05 12:13:00,5,53.089999999999996,4,Low,0,0.5012401080883957
16683.0,2010-06-24 10:36:00,1,57.76,533,High,1,0.6904560714462434
16684.0,2011-12-05 14:06:00,55,1854.37,3,Low,0,3.4352101748427404e-05
16685.0,2011-10-09 13:58:00,2,139.8,60,Medium,0,0.6430708757787217
16686.0,2011-10-23 13:49:00,16,2702.11,46,Medium,0,0.06646938936063551
16687.0,2010-11-14 11:46:00,1,16.02,390,High,1,0.6919776755065313
16688.0,2011-12-08 15:24:00,4,172.05,0,Low,0,0.5459114920090863
16689.0,2011-09-25 11:39:00,2,46.019999999999996,75,Medium,0,0.6467388787158473
16690.0,2011-09-28 15:02:00,4,61.69,71,Medium,0,0.550579890305374
16691.0,2010-10-17 15:03:00,2,71.36,417,High,1,0.6457494406121512
16692.0,2011-03-28 14:46:00,4,168.04999999999998,255,High,1,0.5460808443031392
16693.0,2011-10-02 11:10:00,5,526.47,68,Medium,0,0.4810361594942155
16694.0,2009-12-16 15:45:00,1,50.00000000000001,722,High,1,0.6907392708730493
16695.0,2010-05-27 12:36:00,2,78.15,561,High,1,0.6454841024559932
16696.0,2011-07-27 14:23:00,4,39.300000000000004,134,High,1,0.5515259627622937
16697.0,2011-04-12 17:12:00,1,97.45,240,High,1,0.6890053606677937
16698.0,2011-04-27 10:52:00,2,11.85,226,High,1,0.6480711073891213
16699.0,2010-11-24 14:38:00,7,150.7,379,High,1,0.39873088936187945
16700.0,2011-12-01 11:00:00,25,1132.8,8,Low,0,0.015218632984393236
16701.0,2011-12-01 11:10:00,26,581.55,8,Low,0,0.013717515652607737
16702.0,2010-10-20 14:10:00,4,335.06,414,High,1,0.5390013593542652
16704.0,2010-03-31 14:02:00,2,159.63,617,High,1,0.6422930978641037
16705.0,2011-12-09 12:08:00,42,2680.241,0,Low,0,0.0003990283745212832
16706.0,2011-11-02 13:50:00,3,345.04,36,Low,0,0.587621354908888
16707.0,2010-11-04 14:39:00,4,164.53,399,High,1,0.5462298655029417
16708.0,2011-10-25 12:20:00,1,90.84,45,Low,0,0.6892472218884755
16709.0,2011-09-16 10:56:00,14,1394.28,84,Medium,0,0.11713831558412198
16710.0,2011-11-20 14:50:00,22,2396.5,18,Low,0,0.022157577014608444
16711.0,2011-12-06 16:32:00,9,124.38,2,Low,0,0.30889182109627766
16712.0,2011-11-30 13:48:00,13,1597.04,8,Low,0,0.1352960698872571
16713.0,2011-11-21 12:36:00,32,4491.39,18,Low,0,0.002149871150772419
16714.0,2011-05-05 11:09:00,4,397.63,218,High,1,0.5363448303571204
16715.0,2011-09-22 18:15:00,2,19.8,77,Medium,0,0.6477613555059312
16716.0,2011-03-18 10:03:00,3,23.8,266,High,1,0.600849959952244
16717.0,2011-11-16 12:16:00,14,1266.18,23,Low,0,0.11942001570078507
16718.0,2010-12-05 13:03:00,5,542.16,368,High,1,0.4803672036999642
16719.0,2011-11-25 09:27:00,14,1647.85,14,Low,0,0.11273314671968442
16720.0,2011-11-13 16:22:00,3,406.74,25,Low,0,0.5850653713049718
16721.0,2011-03-22 16:08:00,1,87.44,261,High,1,0.6893715883297709
16722.0,2011-11-22 13:28:00,22,562.99,16,Low,0,0.030060847758700656
16723.0,2011-09-09 13:01:00,4,539.14,90,Medium,0,0.5303293705473897
16724.0,2010-10-31 11:40:00,1,40.65,404,High,1,0.6910803068202422
16725.0,2011-02-10 16:52:00,14,1350.88,301,High,1,0.11790708420179473
16726.0,2011-11-13 14:53:00,7,638.94,25,Low,0,0.3789173301842406
16727.0,2010-12-10 13:48:00,4,346.14,363,High,1,0.538531093793147
16728.0,2011-10-24 14:36:00,4,619.95,45,Low,0,0.5268901413879781
16729.0,2011-11-01 14:29:00,21,1408.73,37,Low,0,0.0317088249993735
16730.0,2011-10-18 14:11:00,3,114.89,51,Medium,0,0.5971129171017724
16731.0,2010-03-01 15:05:00,1,77.33,647,High,1,0.6897412339773129
16732.0,2011-11-08 09:54:00,4,988.76,31,Low,0,0.5111662808082054
16733.0,2010-06-28 10:12:00,1,34.54,529,High,1,0.6913030532103186
16734.0,2011-10-18 13:44:00,3,187.39,51,Medium,0,0.5941304421026526
16735.0,2011-09-22 11:49:00,14,705.05,78,Medium,0,0.1298716318555549
16736.0,2010-07-22 10:09:00,5,614.78,505,High,1,0.4772719459370309
16737.0,2011-10-17 13:03:00,2,2.9,52,Medium,0,0.6484196727507048
16738.0,2011-02-15 09:46:00,1,1.25,297,High,1,0.6925151108815316
16739.0,2011-06-16 09:17:00,2,119.09,176,High,1,0.6438823649492267
16740.0,2010-11-09 13:34:00,1,89.36,394,High,1,0.6893013612295628
16741.0,2010-03-24 15:15:00,1,35.68,624,High,1,0.6912615000729267
16742.0,2011-10-24 12:02:00,14,681.65,46,Medium,0,0.13032394353928844
16743.0,2011-11-10 13:13:00,14,550.25,28,Low,0,0.13288877528358198
16744.0,2011-11-28 13:06:00,7,604.66,10,Low,0,0.38029620052465557
16745.0,2011-09-14 11:58:00,17,686.3,86,Medium,0,0.07603651144281967
16746.0,2011-12-05 12:33:00,42,2549.65,4,Low,0,0.0004080248865487625
16747.0,2011-11-02 11:37:00,2,118.78,37,Low,0,0.6438945055556464
16748.0,2011-11-22 10:17:00,14,293.03,17,Low,0,0.13803324125014801
16749.0,2010-04-27 13:06:00,2,219.89000000000001,590,High,1,0.6399249743743337
16750.0,2011-10-26 12:48:00,5,362.34,44,Low,0,0.48803759768745236
16751.0,2011-11-09 10:48:00,1,35.0,30,Low,0,0.6912862865273781
16752.0,2010-12-02 12:18:00,1,244.70000000000002,372,High,1,0.6835908511418577
16753.0,2011-10-12 13:14:00,1,72.16,57,Medium,0,0.6899301679214982
16754.0,2010-12-02 17:38:00,29,236.71,371,High,1,0.008042513886247145
16755.0,2011-08-17 13:21:00,7,833.93,113,High,1,0.3711118352402991
16756.0,2011-05-09 09:33:00,7,262.78000000000003,214,High,1,0.3941504774224146
16757.0,2011-01-25 11:59:00,2,26.45,318,High,1,0.6475021593767117
16758.0,2011-10-05 14:47:00,1,88.91,64,Medium,0,0.6893178214885944
16759.0,2011-12-02 12:42:00,3,123.5,7,Low,0,0.5967590934232898
16760.0,2010-10-05 15:55:00,1,27.45,429,High,1,0.6915614150558881
16761.0,2011-09-04 11:15:00,1,15.56,96,High,1,0.6919944213698564
16762.0,2011-11-20 11:43:00,3,290.46,19,Low,0,0.5898784586226845
16763.0,2011-05-25 11:52:00,2,172.3,198,High,1,0.6417957585920446
16764.0,2011-12-06 11:41:00,13,1667.6200000000001,3,Low,0,0.13389194467291357
16765.0,2011-02-18 15:41:00,2,141.2,293,High,1,0.6430159892578555
16766.0,2011-03-11 15:22:00,2,96.4,272,High,1,0.644770489451257
16767.0,2011-11-09 09:42:00,15,479.01,30,Low,0,0.11274442877865531
16768.0,2011-10-23 10:38:00,9,598.41,47,Medium,0,0.29188048385914467
16769.0,2011-03-24 13:41:00,4,509.19,259,High,1,0.5316033123014566
16770.0,2011-10-13 12:21:00,9,898.6,57,Medium,0,0.28139747264574694
16771.0,2011-11-06 13:28:00,10,1222.8700000000001,32,Low,0,0.23282154637493996
16772.0,2010-10-12 13:19:00,3,407.55,422,High,1,0.5850317854670598
16773.0,2011-10-13 14:37:00,3,235.59,56,Medium,0,0.5921437456018015
16774.0,2011-10-03 12:41:00,8,427.33,67,Medium,0,0.34129557494362806
16775.0,2011-11-29 15:22:00,16,1218.42,9,Low,0,0.0840291019493643
16776.0,2011-10-10 13:04:00,2,238.44,59,Medium,0,0.6391946090093451
16777.0,2011-09-20 13:41:00,5,566.65,79,Medium,0,0.4793231943812611
16778.0,2011-09-26 13:48:00,2,37.84,73,Medium,0,0.6470580111925013
16779.0,2011-12-07 14:54:00,53,2271.88,1,Low,0,4.767393908165264e-05
16780.0,2011-08-31 16:09:00,3,284.01,99,High,1,0.5901449442391821
16781.0,2010-12-02 14:26:00,2,311.5,371,High,1,0.6363117916672052
16782.0,2011-11-29 13:20:00,38,5634.32,9,Low,0,0.0005350905916116224
16783.0,2010-09-29 11:53:00,1,83.45,436,High,1,0.6895175011244474
16784.0,2011-11-20 12:20:00,5,335.01,19,Low,0,0.4892039679198216
16785.0,2010-10-26 10:36:00,1,114.83,409,High,1,0.6883689306248482
16786.0,2010-11-11 08:25:00,1,0.72,393,High,1,0.6925343862778778
16787.0,2010-11-07 11:01:00,4,397.07,397,High,1,0.5363686156063341
16788.0,2011-08-08 14:53:00,5,1153.88,122,High,1,0.4543643731195337
16789.0,2011-12-01 15:12:00,1,14.45,7,Low,0,0.6920348277857351
16790.0,2011-12-06 11:53:00,6,219.79,3,Low,0,0.4444715161491878
16791.0,2011-11-10 19:12:00,15,2049.64,28,Low,0,0.0885661348462725
16792.0,2011-03-02 14:41:00,5,270.0,281,High,1,0.49197886728240275
16793.0,2011-10-13 15:08:00,1,38.83,56,Medium,0,0.6911466661032902
16794.0,2011-12-08 17:54:00,15,942.78,0,Low,0,0.10506044309142275
16795.0,2010-12-09 14:08:00,3,870.62,364,High,1,0.5657109590664273
16796.0,2011-09-11 14:01:00,1,31.419999999999998,88,Medium,0,0.6914167617561262
16797.0,2010-11-11 19:14:00,5,1127.17,392,High,1,0.4554956073392881
16798.0,2010-06-03 19:01:00,3,718.86,553,High,1,0.5720679180649657
16799.0,2010-10-03 14:28:00,2,357.95,431,High,1,0.6344738381246053
16800.0,2011-11-28 14:06:00,1,605.71,10,Low,0,0.6701058288845662
16801.0,2011-06-29 15:33:00,4,454.42,162,High,1,0.5339319111485277
16802.0,2010-01-29 13:44:00,2,95.49,678,High,1,0.6448060876310943
16803.0,2011-10-05 14:28:00,1,50.480000000000004,64,Medium,0,0.690721757534805
16804.0,2011-11-16 16:43:00,3,192.85,22,Low,0,0.5939055464793564
16805.0,2011-06-19 11:23:00,5,532.95,173,High,1,0.48075987109344326
16806.0,2011-08-28 15:27:00,4,294.48,102,High,1,0.5407230868385555
16807.0,2011-07-20 12:00:00,6,362.47,142,High,1,0.4384627320589507
16808.0,2011-09-01 19:34:00,2,53.64,98,High,1,0.6464414761886295
16809.0,2011-11-16 15:45:00,9,459.48,22,Low,0,0.29680903444459716
16810.0,2011-05-31 15:32:00,2,134.13,191,High,1,0.6432931277735158
16811.0,2011-12-05 11:39:00,2,66.32,4,Low,0,0.6459463346619638
16812.0,2010-12-14 12:35:00,4,365.52,360,High,1,0.5377083890885864
16813.0,2011-12-01 14:03:00,10,785.95,7,Low,0,0.2464154574328973
16814.0,2011-11-25 13:27:00,36,2812.31,13,Low,0,0.001290412984397722
16815.0,2010-09-12 10:59:00,2,189.1,453,High,1,0.6411358325438404
16816.0,2011-08-28 14:16:00,4,63.08,102,High,1,0.5505211447730596
16817.0,2011-12-07 11:03:00,13,477.12,2,Low,0,0.15927371560768333
16818.0,2011-11-29 10:41:00,11,474.86,10,Low,0,0.22024981355873338
16819.0,2010-08-31 17:37:00,2,47.34,464,High,1,0.6466873682955494
16820.0,2011-09-05 12:06:00,1,97.21,95,High,1,0.6890141441224714
16821.0,2010-11-23 10:04:00,1,71.65,381,High,1,0.6899488020730826
16822.0,2010-01-22 14:22:00,1,27.98,685,High,1,0.6915421058310104
16823.0,2011-04-26 15:00:00,7,499.15,226,High,1,0.3845522613988549
16824.0,2011-11-24 12:38:00,3,120.06,15,Low,0,0.5969004706157076
16825.0,2011-11-01 11:51:00,5,198.17,38,Low,0,0.4950454407142863
16826.0,2011-10-19 14:05:00,1,87.67,50,Medium,0,0.6893631761681696
16827.0,2010-11-11 14:04:00,5,75.48,392,High,1,0.5002840705503456
16828.0,2011-09-07 15:10:00,2,30.0,92,High,1,0.6473637559482063
16829.0,2011-07-06 10:48:00,2,106.31,156,High,1,0.6443827177104854
16830.0,2011-11-01 11:35:00,4,216.63,38,Low,0,0.5440233504870838
16831.0,2010-05-24 09:08:00,1,16.7,564,High,1,0.6919529198267163
16832.0,2011-06-08 15:36:00,5,115.49,183,High,1,0.49857567057420343
16833.0,2011-12-08 14:39:00,6,624.18,0,Low,0,0.42748914785714387
16834.0,2011-04-26 09:37:00,2,70.37,227,High,1,0.6457881201305292
16835.0,2011-08-03 13:50:00,6,360.93,127,High,1,0.43852749417074943
16836.0,2011-10-31 10:05:00,4,103.17,39,Low,0,0.5488262221536421
16837.0,2011-11-08 14:27:00,11,693.51,30,Low,0,0.21390324597036983
16838.0,2011-05-26 13:13:00,4,413.18,196,High,1,0.5356842992866724
16839.0,2011-12-01 09:03:00,44,1092.96,8,Low,0,0.0003511240619568249
16840.0,2010-04-15 15:48:00,2,22.55,602,High,1,0.6476541796777519
16841.0,2011-11-03 11:51:00,12,377.97,36,Low,0,0.1904351802542104
16842.0,2011-08-31 10:42:00,3,199.15,100,High,1,0.5936460025855629
16843.0,2011-10-28 09:06:00,35,1215.61,42,Low,0,0.0020676626175481416
16844.0,2010-05-26 10:29:00,2,103.45,562,High,1,0.6444946470966852
16845.0,2010-03-31 13:09:00,1,68.86,617,High,1,0.6900507309288357
16846.0,2011-10-20 13:55:00,3,127.59,49,Medium,0,0.5965909816001218
16847.0,2011-10-27 13:29:00,2,180.54,42,Low,0,0.6414721475241113
16848.0,2011-10-18 08:42:00,4,211.64000000000001,52,Medium,0,0.5442347608893283
16849.0,2011-06-06 09:16:00,1,40.839999999999996,186,High,1,0.6910733787482818
16850.0,2011-01-10 11:09:00,1,40.300000000000004,333,High,1,0.6910930688331489
16851.0,2011-12-05 13:32:00,3,39.269999999999996,3,Low,0,0.600216104835734
16852.0,2011-11-29 13:22:00,2,74.84,9,Low,0,0.6456134611174947
16854.0,2010-10-18 16:31:00,2,188.64000000000001,416,High,1,0.6411539090771486
16855.0,2011-11-16 12:03:00,2,71.05,23,Low,0,0.645761552585581
16856.0,2011-11-25 08:59:00,3,54.33,14,Low,0,0.5995987261654844
16857.0,2010-09-23 10:49:00,1,28.65,442,High,1,0.6915176950978768
16858.0,2010-12-06 09:52:00,10,559.3100000000001,368,High,1,0.25367397402848085
16859.0,2011-07-18 12:19:00,7,263.81,144,High,1,0.394108468847654
16860.0,2010-09-13 10:05:00,3,225.4,452,High,1,0.5925640081497253
16861.0,2011-10-11 09:05:00,5,124.12,59,Medium,0,0.4982071783961609
16862.0,2010-06-10 13:05:00,4,82.56,546,High,1,0.5496977145312462
16863.0,2011-11-08 15:26:00,3,103.05,30,Low,0,0.5975993109427237
16864.0,2010-10-01 16:16:00,2,38.0,433,High,1,0.6470517702488857
16865.0,2010-11-03 11:34:00,1,25.37,401,High,1,0.6916371881839326
16866.0,2011-07-22 10:06:00,3,41.89,140,High,1,0.6001087217984179
16867.0,2010-01-19 09:11:00,1,9.17,689,High,1,0.6922269909887977
16868.0,2010-11-10 13:17:00,3,227.85999999999999,393,High,1,0.5924625636194651
16869.0,2011-11-17 12:02:00,4,294.24,22,Low,0,0.5407332667037782
16870.0,2010-08-27 13:53:00,1,77.96000000000001,468,High,1,0.6897182067498833
16871.0,2011-11-17 19:27:00,6,473.65,21,Low,0,0.4337929168958026
16872.0,2011-09-23 16:05:00,6,120.28,76,Medium,0,0.44867199283127096
16873.0,2011-12-05 12:05:00,12,1528.52,4,Low,0,0.1619627409915333
16874.0,2010-11-25 13:08:00,1,110.82000000000001,378,High,1,0.6885158341858753
16875.0,2011-10-03 13:39:00,11,842.9,66,Medium,0,0.20964417662338672
16876.0,2010-11-01 11:59:00,1,63.550000000000004,403,High,1,0.6902446735503734
16877.0,2011-11-27 13:47:00,6,401.6,11,Low,0,0.43681789489752293
16878.0,2011-09-16 17:39:00,1,4.75,83,Medium,0,0.692387803662696
16880.0,2011-11-09 11:33:00,8,701.32,30,Low,0,0.3308544872671427
16881.0,2011-10-04 10:33:00,1,0.72,66,Medium,0,0.6925343862778778
16882.0,2011-10-04 10:42:00,3,107.92,66,Medium,0,0.5973992718012755
16883.0,2011-06-05 12:51:00,19,1035.49,186,High,1,0.04944690647882772
16884.0,2011-11-02 11:52:00,4,333.66,37,Low,0,0.539060774268222
16885.0,2011-11-24 13:40:00,4,442.75,14,Low,0,0.5344278847601788
16886.0,2010-09-09 15:08:00,1,30.7,455,High,1,0.6914429988961317
16887.0,2011-11-04 14:07:00,3,252.57,34,Low,0,0.5914431462835524
16888.0,2010-11-04 12:39:00,3,222.63,400,High,1,0.5926782268953281
16889.0,2011-05-29 11:05:00,6,619.23,194,High,1,0.4276960774481488
16890.0,2010-08-20 11:23:00,3,36.94,476,High,1,0.6003115938737569
16891.0,2011-12-08 11:15:00,11,1629.91,1,Low,0,0.1882393798321958
16892.0,2011-12-08 13:18:00,7,477.6,0,Low,0,0.38542374636688936
16893.0,2010-12-08 12:06:00,2,330.26,366,High,1,0.6355699634237275
16894.0,2010-07-25 15:43:00,3,883.64,501,High,1,0.5651645351266958
16895.0,2011-10-06 12:15:00,5,512.46,64,Medium,0,0.4816335446711766
16896.0,2010-06-02 15:40:00,1,103.95,554,High,1,0.6887674236917746
16897.0,2011-02-13 15:02:00,2,188.69,298,High,1,0.6411519442559923
16898.0,2011-11-13 15:44:00,5,621.94,25,Low,0,0.476966858308462
16899.0,2011-12-02 12:03:00,8,570.19,7,Low,0,0.33583153475300553
16900.0,2011-11-23 10:32:00,3,167.88,16,Low,0,0.5949337294615017
16901.0,2009-12-10 16:30:00,1,140.89000000000001,728,High,1,0.6874133178096601
16902.0,2011-08-15 14:17:00,1,170.07,115,High,1,0.6863414021283356
16903.0,2011-11-10 15:32:00,3,426.09,28,Low,0,0.5842628275026457
16904.0,2011-12-05 13:10:00,21,2607.2,3,Low,0,0.02599192420391957
16905.0,2011-12-04 14:01:00,17,1283.02,4,Low,0,0.06917850616205463
16906.0,2011-09-19 11:49:00,7,758.48,81,Medium,0,0.3741243929254905
16907.0,2011-11-10 18:04:00,9,919.9,28,Low,0,0.28066240925151714
16908.0,2009-12-17 13:35:00,1,78.44,721,High,1,0.6897006615645952
16909.0,2011-09-28 16:45:00,1,58.3,71,Medium,0,0.6904363589458423
16910.0,2011-12-05 12:51:00,8,1188.85,3,Low,0,0.3126859738165101
16911.0,2010-03-14 12:18:00,2,81.15,635,High,1,0.6453668405712462
16912.0,2011-11-11 12:18:00,15,752.91,28,Low,0,0.10814882448314199
16913.0,2011-02-22 12:56:00,3,67.1,289,High,1,0.5990749771562703
16914.0,2011-11-03 15:27:00,1,100.69,35,Low,0,0.6888867707103346
16915.0,2011-11-30 16:39:00,11,814.86,8,Low,0,0.21043881394138772
16916.0,2011-11-16 12:08:00,4,637.46,23,Low,0,0.5261445776040311
16917.0,2011-03-08 11:55:00,2,266.94,276,High,1,0.6380712295764515
16918.0,2011-10-21 12:50:00,16,992.84,49,Medium,0,0.087042497124843
16919.0,2011-07-06 13:35:00,24,1893.5,155,High,1,0.016297648279179233
16920.0,2010-10-24 14:07:00,1,124.65,410,High,1,0.6880090217033648
16921.0,2011-10-09 16:22:00,3,261.94,60,Medium,0,0.5910563782729572
16922.0,2010-05-16 11:24:00,1,369.44,572,High,1,0.67896471337697
16923.0,2011-11-27 13:00:00,32,3400.04,11,Low,0,0.00258924815272851
16924.0,2011-11-18 12:53:00,3,222.41,20,Low,0,0.5926872979910696
16925.0,2010-06-17 15:03:00,1,42.96,539,High,1,0.6909960702234653
16926.0,2010-12-03 13:42:00,5,722.46,370,High,1,0.4726856189812248
16927.0,2011-08-16 11:10:00,3,17.44,115,High,1,0.601110451535811
16928.0,2011-09-20 15:10:00,29,946.16,79,Medium,0,0.00713125696612532
16929.0,2011-12-06 08:37:00,7,160.13,3,Low,0,0.3983448144981137
16930.0,2011-11-13 16:13:00,3,87.74,25,Low,0,0.5982279696094477
16931.0,2011-12-04 13:15:00,23,2082.9,4,Low,0,0.019206197268522695
16932.0,2011-10-17 14:12:00,3,332.8,52,Medium,0,0.5881278525594333
16933.0,2011-12-08 12:54:00,9,919.33,0,Low,0,0.2806820647072536
16934.0,2011-10-16 12:40:00,6,553.21,54,Medium,0,0.43045836645112046
16935.0,2010-11-23 09:16:00,3,143.88,381,High,1,0.5959211867489281
16936.0,2011-11-14 11:04:00,2,265.83,25,Low,0,0.6381150105952478
16937.0,2010-07-28 17:56:00,1,101.45,498,High,1,0.6888589497224317
16938.0,2011-12-01 10:20:00,9,2211.47,8,Low,0,0.2383448377473664
16939.0,2010-08-08 12:24:00,3,145.23,488,High,1,0.5958656628107437
16940.0,2011-10-18 13:15:00,8,1274.94,51,Medium,0,0.30953462860749226
16941.0,2010-04-07 11:13:00,1,5.5,611,High,1,0.6923605197337709
16942.0,2011-11-27 12:40:00,9,836.46,12,Low,0,0.2835486036544142
16943.0,2011-05-12 11:57:00,5,707.9,211,High,1,0.47330550899622403
16944.0,2010-04-09 11:03:00,1,41.28,609,High,1,0.6910573344623008
16945.0,2011-11-18 11:39:00,33,999.46,21,Low,0,0.003193930339766891
16946.0,2010-11-21 14:06:00,5,268.32,382,High,1,0.4920505840139969
16947.0,2011-04-18 09:38:00,5,131.13,235,High,1,0.4979078599771243
16948.0,2011-07-24 12:46:00,7,79.01,138,High,1,0.40167004619240804
16949.0,2011-12-06 11:07:00,6,383.8,3,Low,0,0.43756595130962905
16950.0,2011-10-14 09:06:00,10,387.27,56,Medium,0,0.2592772152579979
16951.0,2011-07-28 12:05:00,3,124.85,134,High,1,0.5967036067014052
16952.0,2011-08-22 13:03:00,5,311.88,108,High,1,0.4901911859096398
16953.0,2011-11-09 15:54:00,1,2.08,29,Low,0,0.6924849235336052
16954.0,2011-12-09 09:46:00,20,551.07,0,Low,0,0.044237817940585886
16955.0,2011-06-08 10:36:00,6,200.31,184,High,1,0.4452931929883414
16956.0,2011-11-22 08:56:00,1,67.67,17,Low,0,0.690094200344778
16957.0,2011-04-14 13:56:00,2,53.27,238,High,1,0.6464559196144043
16958.0,2010-09-30 14:25:00,1,181.92000000000002,434,High,1,0.6859055276871685
16959.0,2011-09-13 15:03:00,1,21.05,86,Medium,0,0.6917945301745132
16960.0,2011-11-01 11:35:00,8,930.84,38,Low,0,0.32223394317933934
16961.0,2011-08-15 13:46:00,3,161.37,115,High,1,0.5952016535493162
16962.0,2010-10-26 11:36:00,1,40.24,409,High,1,0.6910952565775147
16963.0,2011-06-05 13:48:00,1,23.400000000000002,186,High,1,0.691708944566554
16964.0,2009-12-06 12:53:00,2,27.3,732,High,1,0.6474690227808676
16965.0,2011-04-27 12:08:00,1,60.730000000000004,226,High,1,0.690347644125326
16966.0,2011-12-01 13:40:00,7,36.22,7,Low,0,0.40342774614054827
16967.0,2011-06-03 14:24:00,1,23.95,188,High,1,0.6916889119900298
16968.0,2011-12-05 15:02:00,2,86.91,3,Low,0,0.6451416487910853
16969.0,2011-10-31 13:12:00,3,100.05,38,Low,0,0.5977225221788328
16970.0,2010-03-23 13:50:00,1,11.9,625,High,1,0.6921276421922522
16971.0,2011-11-01 15:06:00,1,318.19,37,Low,0,0.6808697057855707
16972.0,2010-11-22 10:59:00,2,398.9,382,High,1,0.6328502533747651
16973.0,2010-11-18 13:56:00,1,12.7,385,High,1,0.6920985256188488
16974.0,2010-07-05 10:18:00,2,42.5,522,High,1,0.6468762231722025
16975.0,2010-10-12 17:53:00,3,106.95,422,High,1,0.5974391179135302
16976.0,2011-03-17 16:33:00,1,12.01,266,High,1,0.6921236387540527
16977.0,2010-11-09 13:17:00,4,147.6,394,High,1,0.546946490475284
16978.0,2011-09-23 12:50:00,3,220.95,77,Medium,0,0.592747495479685
16979.0,2011-12-06 12:21:00,9,445.13,3,Low,0,0.2973208345875428
16980.0,2011-03-29 16:36:00,3,257.0,254,High,1,0.5912603020608237
16982.0,2011-10-10 12:28:00,1,53.97,60,Medium,0,0.6905944045057167
16983.0,2011-11-27 12:10:00,11,734.88,12,Low,0,0.21271752629666812
16984.0,2011-09-12 13:43:00,9,4250.62,87,Medium,0,0.1809302733481973
16985.0,2011-11-22 13:33:00,23,1984.26,16,Low,0,0.01952614274319757
16986.0,2011-11-10 11:55:00,11,707.6999999999999,29,Low,0,0.21349600026425347
16987.0,2011-12-06 17:26:00,11,1138.13,2,Low,0,0.2014114288353129
16988.0,2011-12-04 16:02:00,2,107.14,4,Low,0,0.6443502317503138
16989.0,2011-12-02 16:39:00,6,18.0,6,Low,0,0.4529970340735276
16990.0,2011-05-05 08:30:00,2,3.44,218,High,1,0.648398646471014
16991.0,2010-10-14 14:08:00,1,169.05,420,High,1,0.6863789050800249
16992.0,2011-11-29 11:50:00,13,1484.99,10,Low,0,0.13755069825270516
16993.0,2010-09-02 12:16:00,2,222.9,463,High,1,0.6398065061791526
16996.0,2011-11-09 16:43:00,9,206.65,29,Low,0,0.30590021698262726
16997.0,2011-02-24 17:28:00,3,23.4,287,High,1,0.600866344754202
16998.0,2011-07-13 09:44:00,5,23.4,149,High,1,0.5025078354293178
16999.0,2011-11-16 13:53:00,2,55.83,22,Low,0,0.6463559812493025
17000.0,2010-11-08 13:35:00,2,48.92,395,High,1,0.6466257074035894
17001.0,2011-12-09 09:38:00,19,806.98,0,Low,0,0.05131393709613502
17002.0,2011-09-15 12:40:00,7,281.84,85,Medium,0,0.39337336885143587
17003.0,2010-11-02 13:15:00,4,234.0,401,High,1,0.5432873156793468
17004.0,2011-10-24 14:25:00,4,178.85,45,Low,0,0.5456235687471865
17005.0,2010-08-26 10:57:00,2,34.61,470,High,1,0.6471839895118069
17006.0,2011-12-05 12:09:00,8,426.12,4,Low,0,0.34134203747159975
17007.0,2011-10-20 10:47:00,7,237.3,50,Medium,0,0.3951901764844401
17008.0,2010-10-06 15:19:00,1,3.39,428,High,1,0.6924372750902232
17009.0,2010-06-06 16:01:00,1,19.0,550,High,1,0.6918691792000187
17010.0,2011-11-21 14:49:00,1,28.05,17,Low,0,0.6915395555059655
17011.0,2011-11-09 13:30:00,3,45.78,29,Low,0,0.5999492689334006
17012.0,2009-12-14 17:34:00,1,89.04,724,High,1,0.689313066351853
17014.0,2011-12-01 14:09:00,3,217.08,7,Low,0,0.5929070465790266
17015.0,2011-11-11 10:45:00,3,307.52,28,Low,0,0.589173360476807
17016.0,2010-05-12 12:32:00,1,154.51,576,High,1,0.6869132410289426
17017.0,2011-12-07 09:32:00,29,764.05,2,Low,0,0.0073548959530231476
17018.0,2011-10-30 11:42:00,6,215.82,40,Low,0,0.44463894839110385
17019.0,2011-11-28 13:06:00,11,1454.21,10,Low,0,0.19286789352266864
17020.0,2010-06-15 13:06:00,2,111.78999999999999,541,High,1,0.644168207510826
17021.0,2010-09-23 20:01:00,6,139.49,441,High,1,0.4478605183964122
17022.0,2011-11-08 17:09:00,2,40.36,30,Low,0,0.6469597105051234
17023.0,2010-10-18 15:37:00,3,126.92999999999999,416,High,1,0.5966181112055257
17024.0,2011-10-25 13:47:00,3,4.15,44,Low,0,0.6016545957940725
17025.0,2011-10-10 09:06:00,5,72.14,60,Medium,0,0.5004266865455811
17026.0,2011-06-07 14:28:00,3,32.69,184,High,1,0.6004857495181245
17027.0,2011-09-22 12:24:00,9,626.69,78,Medium,0,0.2908831609124214
17028.0,2010-05-07 15:33:00,3,327.19,580,High,1,0.5883599350156126
17029.0,2011-08-21 11:06:00,7,66.66,110,High,1,0.4021770941750877
17030.0,2011-10-07 08:49:00,1,29.28,63,Medium,0,0.6914947407458524
17031.0,2011-11-28 10:23:00,6,90.1,11,Low,0,0.4499474156816597
17032.0,2010-06-10 12:16:00,8,767.56,547,High,1,0.32835457372444404
17033.0,2011-09-14 14:34:00,4,128.59,85,Medium,0,0.5477509271538821
17034.0,2011-11-23 15:14:00,5,170.27,15,Low,0,0.4962366634722446
17035.0,2011-04-08 11:23:00,4,111.55,245,High,1,0.5484717884740317
17036.0,2010-11-21 14:26:00,1,59.15,382,High,1,0.6904053286071619
17037.0,2011-09-13 12:49:00,1,207.26,87,Medium,0,0.6849723548543233
17038.0,2011-11-09 13:50:00,2,201.91,29,Low,0,0.6406322795127214
17039.0,2010-04-14 12:56:00,1,172.94,603,High,1,0.6862358660535035
17040.0,2011-07-25 10:19:00,2,51.199999999999996,137,High,1,0.6465367197936749
17041.0,2011-11-13 11:21:00,6,279.23,26,Low,0,0.44196619985036717
17042.0,2011-12-07 12:26:00,5,178.63,2,Low,0,0.49587971850859186
17043.0,2011-11-07 15:33:00,8,699.4399999999999,31,Low,0,0.3309255793137268
17044.0,2011-11-14 14:28:00,12,550.64,24,Low,0,0.18592992339385067
17045.0,2011-08-18 17:09:00,5,292.46000000000004,112,High,1,0.4910201157592962
17046.0,2011-07-05 14:24:00,5,150.67,156,High,1,0.497073534486255
17047.0,2011-09-15 13:27:00,6,493.64,84,Medium,0,0.43295451172024657
17048.0,2011-08-14 11:49:00,7,292.73,117,High,1,0.3929296069200549
17049.0,2011-12-07 10:48:00,19,2438.53,2,Low,0,0.03932481888992571
17050.0,2011-09-04 13:48:00,11,1250.54,95,High,1,0.19834100525751186
17051.0,2011-05-29 14:13:00,4,275.33,193,High,1,0.5415352477064656
17052.0,2011-11-11 14:50:00,1,171.47,27,Low,0,0.6862899235240947
17053.0,2011-08-01 10:23:00,1,58.489999999999995,130,High,1,0.6904294229013803
17054.0,2011-11-11 12:56:00,5,396.03000000000003,27,Low,0,0.48659998051290426
17055.0,2010-09-20 12:21:00,1,92.0,445,High,1,0.6892047847296761
17056.0,2009-12-01 12:55:00,1,33.0,737,High,1,0.6913591814806248
17057.0,2010-04-22 19:21:00,1,147.07,595,High,1,0.6871864646920662
17058.0,2011-09-19 10:13:00,3,233.45,81,Medium,0,0.5922320160636501
17059.0,2011-11-10 12:27:00,9,2204.47,29,Low,0,0.23856194783068163
17060.0,2011-03-18 13:27:00,1,8.86,265,High,1,0.6922382712282041
17061.0,2011-09-27 11:24:00,11,503.62,73,Medium,0,0.21940736256997984
17062.0,2011-01-30 11:01:00,6,367.47,313,High,1,0.4382524799263479
17063.0,2011-11-18 16:19:00,13,517.98,20,Low,0,0.15834143669770884
17064.0,2011-10-12 10:18:00,3,228.64000000000001,58,Medium,0,0.592430396634341
17065.0,2010-03-12 11:41:00,2,40.6,637,High,1,0.6469503478861801
17066.0,2009-12-13 13:24:00,1,48.92,725,High,1,0.6907786738814617
17067.0,2009-12-15 08:39:00,3,28.07,724,High,1,0.600675038128333
17068.0,2011-11-27 13:14:00,47,2538.51,11,Low,0,0.00015078820932133143
17069.0,2011-11-11 17:13:00,14,784.64,27,Low,0,0.12834317983982899
17070.0,2011-08-17 17:01:00,2,252.32,113,High,1,0.6386476929170697
17071.0,2011-11-11 16:31:00,13,736.04,27,Low,0,0.15344085633749707
17072.0,2010-03-24 16:33:00,1,38.32,624,High,1,0.6911652598726561
17073.0,2011-11-22 11:47:00,4,543.5,17,Low,0,0.5301438818956808
17074.0,2010-05-26 12:04:00,1,41.2,562,High,1,0.691060251639477
17075.0,2011-11-22 11:58:00,10,782.7,17,Low,0,0.24651854977338372
17076.0,2011-11-03 17:53:00,6,212.71,35,Low,0,0.44477011945922057
17077.0,2010-05-10 16:36:00,1,8.5,577,High,1,0.6922513705728908
17078.0,2011-11-03 19:17:00,2,16.87,35,Low,0,0.647875530111124
17079.0,2011-09-22 15:34:00,1,9.9,77,Medium,0,0.6922004269373918
17080.0,2011-11-17 12:59:00,7,117.42,21,Low,0,0.4000944139386711
17081.0,2011-11-14 12:56:00,6,730.24,24,Low,0,0.4230616283436779
17082.0,2011-11-06 15:17:00,6,565.05,32,Low,0,0.42996265483334256
17083.0,2011-08-22 15:43:00,9,280.22,108,High,1,0.3032387518048803
17084.0,2011-11-04 14:54:00,3,813.61,34,Low,0,0.5681016600942106
17085.0,2011-08-08 14:15:00,28,2820.9900000000002,122,High,1,0.006325596777791128
17086.0,2011-12-02 13:54:00,6,207.45,6,Low,0,0.44499198899839243
17087.0,2009-12-02 10:41:00,1,38.44,737,High,1,0.6911608849238071
17088.0,2011-11-11 14:23:00,4,438.04,27,Low,0,0.5346280399755063
17089.0,2010-11-18 15:33:00,1,15.4,385,High,1,0.6920002458995509
17090.0,2011-12-05 13:44:00,13,253.77,3,Low,0,0.16444853563113657
17091.0,2011-12-07 10:43:00,19,1419.09,2,Low,0,0.046456772019625926
17092.0,2011-10-20 19:51:00,11,929.1,49,Medium,0,0.20721513857837578
17093.0,2010-04-26 10:22:00,1,39.69,592,High,1,0.691115310501587
17094.0,2011-01-21 13:09:00,2,37.15,321,High,1,0.6470849246872189
17095.0,2011-11-17 12:21:00,7,452.22,22,Low,0,0.38645105968925114
17096.0,2011-11-24 15:01:00,11,857.61,14,Low,0,0.20922818633971807
17097.0,2011-12-07 17:05:00,9,782.36,1,Low,0,0.2854294784082597
17098.0,2010-11-23 12:13:00,3,110.38,381,High,1,0.5972982130092535
17099.0,2010-06-24 16:25:00,1,127.12,532,High,1,0.6879184589647215
17100.0,2011-11-21 16:36:00,2,126.32,17,Low,0,0.6435991622375365
17101.0,2011-11-29 13:57:00,7,253.55,9,Low,0,0.39452699295549726
17102.0,2011-03-23 10:08:00,1,12.75,261,High,1,0.6920967057822571
17103.0,2009-12-17 14:08:00,1,53.980000000000004,721,High,1,0.690594039555737
17104.0,2010-10-12 12:21:00,1,86.39,423,High,1,0.6894099900862461
17105.0,2011-07-03 15:53:00,2,175.01,158,High,1,0.6416893424921909
17106.0,2010-11-15 14:11:00,1,238.94,388,High,1,0.6838036019767636
17107.0,2011-11-06 14:14:00,10,2161.31,32,Low,0,0.2054243180022115
17108.0,2010-02-14 12:22:00,1,47.25,663,High,1,0.6908395971478171
17109.0,2011-11-10 16:59:00,8,346.04,28,Low,0,0.344423752291755
17110.0,2011-06-27 12:58:00,3,212.9,164,High,1,0.5930793562441723
17111.0,2011-10-23 15:59:00,2,79.57,46,Medium,0,0.6454286006754545
17112.0,2010-07-25 11:14:00,1,98.82000000000001,502,High,1,0.6889552191748886
17113.0,2010-05-14 13:59:00,6,660.35,573,High,1,0.4259778730973113
17114.0,2011-12-04 12:17:00,8,637.98,5,Low,0,0.3332539213833598
17115.0,2011-12-01 14:30:00,7,599.86,7,Low,0,0.3804894293725714
17116.0,2010-03-01 16:29:00,1,72.13,647,High,1,0.6899312640651305
17117.0,2011-02-24 13:54:00,1,35.7,287,High,1,0.6912607710428894
17118.0,2011-01-26 12:19:00,1,13.579999999999998,317,High,1,0.6920664956226436
17119.0,2011-12-06 14:40:00,2,125.26,2,Low,0,0.6436406892552962
17120.0,2011-04-20 15:21:00,1,79.13,232,High,1,0.6896754394046389
17121.0,2010-11-02 11:47:00,1,44.839999999999996,402,High,1,0.6909275046606802
17122.0,2011-08-12 14:33:00,4,51.71,118,High,1,0.5510016332486259
17123.0,2011-07-01 10:47:00,3,84.39,161,High,1,0.5983654842015358
17124.0,2011-06-07 14:02:00,1,109.94,184,High,1,0.6885480672993186
17125.0,2011-10-20 14:41:00,1,138.74,49,Medium,0,0.6874922181658886
17126.0,2011-07-10 13:52:00,9,994.14,151,High,1,0.2781095612122147
17127.0,2010-10-07 09:54:00,5,151.94,428,High,1,0.49701930811310496
17128.0,2011-01-09 12:02:00,1,55.79,334,High,1,0.6905279796961145
17129.0,2010-07-07 13:46:00,1,13.45,519,High,1,0.6920712274430526
17131.0,2011-12-04 12:52:00,5,471.6,4,Low,0,0.48337610518729945
17132.0,2010-09-13 16:31:00,2,255.46,451,High,1,0.6385239170164027
17133.0,2011-11-24 12:27:00,12,112.86,15,Low,0,0.19751402345092955
17134.0,2011-08-25 09:53:00,3,203.55,106,High,1,0.5934647028006184
17135.0,2011-11-23 16:48:00,10,452.36,15,Low,0,0.257147845121689
17136.0,2010-02-15 13:13:00,1,39.26,661,High,1,0.6911309885225116
17137.0,2010-10-19 14:51:00,6,377.11,415,High,1,0.43784717646309473
17138.0,2011-03-09 11:54:00,7,1009.11,275,High,1,0.36415613469401004
17139.0,2011-11-24 10:12:00,25,2926.24,15,Low,0,0.011248430199024852
17140.0,2011-04-06 13:33:00,1,50.05,246,High,1,0.690737446592537
17141.0,2010-10-17 14:54:00,4,509.71,417,High,1,0.5315811972456463
17142.0,2011-04-14 18:22:00,4,591.65,238,High,1,0.5280948810282939
17143.0,2010-10-18 15:27:00,2,416.14,416,High,1,0.6321658170587241
17144.0,2011-12-08 17:57:00,2,253.24,0,Low,0,0.638611429272325
17145.0,2010-07-15 09:02:00,4,508.58,512,High,1,0.5316292548048375
17146.0,2011-08-26 12:44:00,13,1355.4,105,High,1,0.14019755282802812
17147.0,2011-11-17 12:32:00,9,548.58,22,Low,0,0.2936426700872358
17148.0,2011-10-19 09:59:00,1,14.58,51,Medium,0,0.6920300956548915
17149.0,2010-09-14 14:56:00,1,47.7,450,High,1,0.6908231813515197
17150.0,2010-11-28 11:27:00,6,464.79,376,High,1,0.434164637719611
17151.0,2009-12-04 14:56:00,1,22.3,734,High,1,0.6917490075550045
17152.0,2011-05-29 12:19:00,4,59.660000000000004,194,High,1,0.5506656816051344
17153.0,2011-11-15 13:42:00,1,39.05,23,Low,0,0.69113864507044
17154.0,2011-09-25 13:42:00,1,25.46,74,Medium,0,0.6916339097524902
17155.0,2011-11-22 12:38:00,7,138.96,17,Low,0,0.3992117142144214
17156.0,2010-08-05 11:30:00,1,80.52,491,High,1,0.6896246261224337
17157.0,2011-12-02 09:10:00,19,417.0,7,Low,0,0.05465507121302305
17158.0,2011-11-07 15:15:00,5,401.54,31,Low,0,0.4863648786654202
17159.0,2011-11-18 10:52:00,5,361.21,21,Low,0,0.4880858205267625
17160.0,2011-11-08 14:05:00,17,1059.96,30,Low,0,0.0716723847140346
17161.0,2010-09-21 16:44:00,1,132.43,443,High,1,0.6877237187954734
17162.0,2011-11-11 11:34:00,10,398.32,28,Low,0,0.25891491643204934
17163.0,2011-11-18 08:57:00,4,50.01,21,Low,0,0.5510734659366484
17164.0,2011-11-07 09:14:00,7,358.32,32,Low,0,0.3902606087610785
17165.0,2011-02-28 16:39:00,6,430.5,283,High,1,0.43560396728254397
17166.0,2011-11-01 09:46:00,2,37.38,38,Low,0,0.6470759536259753
17167.0,2010-11-25 10:05:00,3,247.29,379,High,1,0.5916610404324917
17168.0,2010-07-29 12:33:00,1,68.85,498,High,1,0.6900510962320383
17169.0,2011-10-13 10:25:00,3,228.16,57,Medium,0,0.592450191795878
17170.0,2010-11-30 15:55:00,2,13.77,373,High,1,0.6479963107850876
17171.0,2011-02-23 16:37:00,2,101.72,288,High,1,0.6445623449661095
17172.0,2011-09-22 09:36:00,3,39.02,78,Medium,0,0.6002263508055753
17173.0,2011-12-04 14:40:00,8,319.5,4,Low,0,0.34544799963112655
17174.0,2011-05-06 11:47:00,1,6.65,217,High,1,0.692318681764534
17175.0,2011-10-26 15:31:00,4,257.97,43,Low,0,0.5422713032468035
17176.0,2011-05-22 12:41:00,3,97.42,201,High,1,0.5978305272133921
17177.0,2010-07-22 14:53:00,1,98.55,504,High,1,0.6889651014258021
17178.0,2009-12-08 16:20:00,1,168.39000000000001,730,High,1,0.6864031703981183
17179.0,2011-06-14 16:48:00,6,362.45,177,High,1,0.4384635731119058
17180.0,2011-10-14 15:46:00,11,809.39,55,Medium,0,0.21059408782617633
17181.0,2011-10-13 14:48:00,3,132.21,56,Medium,0,0.5964010578284594
17182.0,2010-10-13 10:09:00,2,35.7,422,High,1,0.6471414789905228
17183.0,2011-12-02 10:07:00,6,294.37,7,Low,0,0.44132853568719704
17184.0,2010-05-19 14:24:00,2,55.33,568,High,1,0.6463755014666523
17185.0,2010-04-27 12:15:00,3,87.81,591,High,1,0.5982250960052602
17186.0,2011-10-24 10:20:00,2,1.44,46,Medium,0,0.6484765186986265
17187.0,2011-04-27 12:39:00,2,61.879999999999995,226,High,1,0.6461197479617632
17188.0,2011-11-28 13:53:00,13,460.21,10,Low,0,0.15966084096386648
17189.0,2011-08-25 19:39:00,5,283.27,105,High,1,0.4914124023204787
17190.0,2011-10-12 11:33:00,7,776.29,58,Medium,0,0.3734123874081782
17191.0,2011-11-11 16:58:00,15,1629.25,27,Low,0,0.09453591170458825
17192.0,2010-06-21 16:07:00,1,63.269999999999996,535,High,1,0.6902548984231011
17193.0,2011-11-04 12:47:00,9,118.07000000000001,35,Low,0,0.30912194047925695
17194.0,2011-03-11 12:05:00,3,222.4,273,High,1,0.592687710312102
17195.0,2010-02-22 13:05:00,1,49.49,654,High,1,0.690757878194799
17196.0,2010-10-08 11:31:00,1,250.95,427,High,1,0.6833599147608546
17197.0,2011-11-10 10:32:00,1,159.76,29,Low,0,0.6867203639402826
17198.0,2011-11-16 10:39:00,3,511.49,23,Low,0,0.5807155646976591
17199.0,2010-05-06 13:53:00,1,7.19,581,High,1,0.6922990350187678
17200.0,2010-11-17 13:04:00,4,53.730000000000004,386,High,1,0.5509162763477631
17201.0,2011-10-17 11:55:00,4,462.18,53,Medium,0,0.5336020748716482
17202.0,2010-10-15 11:25:00,1,23.5,420,High,1,0.6917053023335782
17203.0,2011-11-04 12:27:00,10,520.53,35,Low,0,0.2549300093390877
17204.0,2011-06-17 14:46:00,9,710.06,174,High,1,0.2879547664849839
17205.0,2011-10-17 12:46:00,3,30.08,53,Medium,0,0.6005926889840099
17206.0,2011-10-17 13:25:00,1,19.52,52,Medium,0,0.6918502447866932
17207.0,2010-02-25 19:08:00,1,130.67,651,High,1,0.687788272793315
17208.0,2010-11-09 12:50:00,1,45.84,395,High,1,0.6908910301910679
17209.0,2010-02-28 16:01:00,3,104.25,648,High,1,0.5975500229967552
17210.0,2010-11-12 12:15:00,1,72.94,392,High,1,0.68990166743822
17211.0,2011-11-13 12:03:00,13,1126.99,26,Low,0,0.14496646741381944
17212.0,2011-03-31 19:42:00,3,50.7,252,High,1,0.5997475655720396
17213.0,2011-10-30 14:53:00,13,1112.7,39,Low,0,0.1452692571798198
17214.0,2011-10-10 13:17:00,6,543.17,59,Medium,0,0.4308788257995437
17215.0,2010-09-01 13:39:00,1,27.7,463,High,1,0.6915523070143822
17216.0,2010-06-03 13:03:00,1,42.85,553,High,1,0.6910000817779088
17217.0,2011-04-19 17:19:00,2,86.05,233,High,1,0.6451752752616141
17218.0,2011-12-05 13:52:00,18,1459.63,3,Low,0,0.0557736556331878
17219.0,2011-11-08 11:25:00,2,84.79,31,Low,0,0.6452245393611868
17220.0,2011-11-15 13:47:00,21,1625.68,23,Low,0,0.03059065576267213
17221.0,2011-12-02 13:35:00,5,286.65,6,Low,0,0.491268121568422
17222.0,2011-10-05 13:58:00,6,345.74,64,Medium,0,0.4391663959610369
17223.0,2011-02-02 15:57:00,3,466.1,309,High,1,0.5826019939665944
17224.0,2010-07-26 13:30:00,1,57.14,500,High,1,0.6904787034630538
17225.0,2010-05-07 11:38:00,1,16.3,581,High,1,0.6919674821250006
17226.0,2011-02-04 11:52:00,3,157.79,308,High,1,0.595348967058674
17227.0,2011-11-21 10:51:00,12,154.98,18,Low,0,0.19637623942867694
17228.0,2011-11-24 10:24:00,13,650.9,15,Low,0,0.1553393119390437
17229.0,2011-09-04 13:56:00,2,94.42,95,High,1,0.6448479427818188
17230.0,2011-03-20 16:12:00,18,871.45,263,High,1,0.06130642245717931
17231.0,2011-11-27 15:18:00,25,3566.11,11,Low,0,0.010095658423979938
17232.0,2011-12-07 12:21:00,2,95.63,2,Low,0,0.6448006110923296
17233.0,2011-11-04 14:06:00,3,164.77,34,Low,0,0.5950617309842483
17234.0,2011-06-10 11:20:00,1,51.77,182,High,1,0.6906746877245543
17235.0,2011-11-14 15:51:00,8,280.82,24,Low,0,0.3469433307231412
17236.0,2011-11-27 12:00:00,12,561.55,12,Low,0,0.1856480438248529
17237.0,2011-11-28 15:02:00,4,254.5,10,Low,0,0.5424184075336597
17238.0,2011-12-07 11:35:00,32,3437.47,2,Low,0,0.0025727904496022623
17239.0,2011-01-31 09:41:00,4,102.95,312,High,1,0.5488355264293601
17240.0,2010-04-22 15:44:00,1,11.35,595,High,1,0.6921476589497142
17241.0,2010-11-19 13:01:00,12,794.28,384,High,1,0.17971350003540684
17242.0,2011-08-23 14:55:00,5,180.29,107,High,1,0.49580884236526623
17243.0,2011-12-08 13:26:00,69,4800.34,0,Low,0,1.2715264489438986e-06
17244.0,2011-10-17 15:19:00,5,298.22,52,Medium,0,0.4907742486141603
17245.0,2011-05-19 10:43:00,2,47.24,204,High,1,0.6466912707194102
17246.0,2010-06-11 12:36:00,2,22.41,546,High,1,0.6476596362609679
17247.0,2011-11-24 15:21:00,1,180.51,14,Low,0,0.6859574084373702
17248.0,2011-08-11 13:34:00,2,262.45,119,High,1,0.6382483116469652
17249.0,2010-10-07 11:33:00,1,39.75,428,High,1,0.6911131228357691
17250.0,2011-12-06 12:15:00,2,171.8,3,Low,0,0.6418153910327997
17251.0,2010-12-12 11:06:00,3,282.27,362,High,1,0.5902168243241637
17252.0,2011-08-15 09:45:00,2,241.24,116,High,1,0.6390843091295425
17253.0,2011-11-21 12:59:00,1,101.06,17,Low,0,0.6888732264524164
17254.0,2011-12-05 12:46:00,3,235.74,4,Low,0,0.5921375581968418
17255.0,2011-10-30 12:18:00,4,391.71,40,Low,0,0.5365962660330645
17256.0,2011-08-24 13:30:00,5,67.36,106,High,1,0.500630789549905
17257.0,2010-09-29 12:51:00,2,30.7,435,High,1,0.6473364622111668
17258.0,2010-11-08 12:37:00,2,142.85,396,High,1,0.6429512967531296
17259.0,2011-07-14 15:01:00,6,854.85,147,High,1,0.41787552693521907
17260.0,2010-10-24 13:21:00,1,61.150000000000006,410,High,1,0.6903323092785884
17261.0,2010-07-18 11:49:00,1,113.34,509,High,1,0.6884235201657107
17262.0,2011-10-18 12:56:00,11,98.65,51,Medium,0,0.23148315449036172
17263.0,2011-05-15 14:32:00,1,46.26,207,High,1,0.6908757102045489
17264.0,2010-10-11 12:52:00,1,132.45,423,High,1,0.6877229851854446
17265.0,2011-07-24 10:49:00,2,295.68,138,High,1,0.6369368599492026
17266.0,2011-12-07 14:12:00,5,350.92,1,Low,0,0.4885249571833162
17267.0,2011-08-04 17:22:00,2,129.25,126,High,1,0.643484364060404
17268.0,2011-08-24 10:06:00,11,73.89,107,High,1,0.23223633348685818
17269.0,2010-11-19 11:12:00,1,331.38,385,High,1,0.6803799995473642
17270.0,2010-08-27 14:09:00,2,135.34,468,High,1,0.6432457035092318
17271.0,2009-12-03 13:49:00,1,143.56,735,High,1,0.6873153194583379
17272.0,2011-10-28 16:37:00,4,211.85,41,Low,0,0.544225864179141
17273.0,2010-10-11 15:57:00,1,20.9,423,High,1,0.6917999926383489
17274.0,2011-11-04 13:16:00,2,221.79,34,Low,0,0.6398501957688724
17275.0,2010-11-21 13:26:00,1,85.61,382,High,1,0.6894385154165639
17276.0,2010-11-02 16:20:00,1,153.09,401,High,1,0.6869653985843017
17277.0,2011-04-26 12:47:00,2,231.26,227,High,1,0.6394773822884974
17278.0,2011-04-12 13:10:00,2,75.9,240,High,1,0.6455720373980905
17279.0,2011-10-13 11:58:00,1,60.629999999999995,57,Medium,0,0.6903512952175875
17280.0,2010-09-27 16:46:00,1,10.08,437,High,1,0.6921938767016412
17281.0,2010-11-30 18:05:00,6,16.9,373,High,1,0.45304358877462036
17282.0,2011-08-01 14:29:00,5,550.56,129,High,1,0.4800090917072801
17283.0,2010-11-26 11:53:00,1,35.230000000000004,378,High,1,0.6912779029969163
17284.0,2011-10-10 14:38:00,8,846.34,59,Medium,0,0.32539402181718347
17285.0,2010-03-21 13:38:00,2,223.79,627,High,1,0.6397714741143669
17286.0,2011-11-18 12:47:00,3,177.67,21,Low,0,0.5945307079822099
17287.0,2011-11-13 13:27:00,21,1688.25,25,Low,0,0.03027532464691782
17288.0,2011-11-30 16:09:00,11,885.02,8,Low,0,0.20845466765305878
17289.0,2011-11-08 12:01:00,9,638.91,31,Low,0,0.2904528326185355
17290.0,2011-12-06 12:38:00,8,554.37,3,Low,0,0.33643448380146046
17291.0,2011-02-04 13:04:00,1,7.65,307,High,1,0.6922822983523075
17292.0,2010-08-24 17:14:00,2,71.77,471,High,1,0.6457334212634014
17293.0,2011-12-01 14:37:00,17,667.58,7,Low,0,0.07626144464146643
17294.0,2010-02-08 16:12:00,2,45.88,668,High,1,0.6467443417423586
17295.0,2011-11-11 10:49:00,3,203.53,28,Low,0,0.5934655269482093
17296.0,2009-12-09 14:01:00,1,128.4,729,High,1,0.6878715220175641
17297.0,2011-11-22 14:43:00,1,112.48,16,Low,0,0.6884550258401282
17298.0,2011-08-30 16:43:00,5,124.71000000000001,100,High,1,0.498181986065869
17299.0,2011-11-28 12:01:00,6,212.84,11,Low,0,0.4447646362699581
17300.0,2010-11-14 10:56:00,2,88.92999999999999,390,High,1,0.6450626600472665
17301.0,2011-11-18 13:43:00,2,222.07,20,Low,0,0.6398391751899284
17302.0,2011-11-25 09:36:00,5,198.02,14,Low,0,0.4950518449994412
17303.0,2010-12-13 13:32:00,1,155.87,360,High,1,0.6868632828803611
17304.0,2010-06-23 16:23:00,1,15.84,533,High,1,0.6919842282958218
17305.0,2010-03-01 12:47:00,1,27.63,648,High,1,0.6915548572810226
17306.0,2011-11-29 12:14:00,21,107.61,10,Low,0,0.03928973718776633
17307.0,2010-11-09 13:40:00,11,101.14,394,High,1,0.23140750525969106
17308.0,2010-11-11 13:19:00,2,6.21,392,High,1,0.648290780396266
17309.0,2011-09-05 15:20:00,3,122.9,94,High,1,0.596783753393946
17310.0,2010-11-17 16:00:00,2,5.1,386,High,1,0.648334006525757
17311.0,2011-09-22 14:11:00,6,342.94,77,Medium,0,0.439284187954353
17312.0,2011-07-24 11:52:00,3,32.27,138,High,1,0.6005029588148911
17313.0,2011-11-08 15:45:00,1,51.42,30,Low,0,0.6906874589943001
17314.0,2011-11-15 09:41:00,17,679.68,24,Low,0,0.07611598545830123
17315.0,2011-12-08 12:15:00,43,2238.98,1,Low,0,0.0003524550503821447
17316.0,2010-10-15 14:35:00,1,99.10000000000001,419,High,1,0.6889449707327718
17317.0,2011-10-24 17:19:00,3,29.02,45,Low,0,0.6006361176000895
17318.0,2009-12-14 13:11:00,1,66.07,724,High,1,0.6901526413240855
17319.0,2010-02-08 15:47:00,1,6.15,668,High,1,0.6923368725743648
17320.0,2011-08-31 13:31:00,6,728.39,99,High,1,0.42313875372562976
17321.0,2011-12-01 13:41:00,6,885.99,7,Low,0,0.41658230605074686
17322.0,2010-11-28 14:41:00,5,369.99,375,High,1,0.48771113923456944
17323.0,2011-11-24 17:29:00,12,447.36,14,Low,0,0.18861471594997808
17324.0,2011-11-22 10:34:00,12,350.49,17,Low,0,0.1911598300746625
17325.0,2011-03-04 13:09:00,3,121.00999999999999,279,High,1,0.5968614291036803
17326.0,2010-10-27 15:38:00,2,270.53000000000003,407,High,1,0.6379296158150924
17327.0,2010-10-26 09:54:00,2,18.66,409,High,1,0.6478057803973851
17328.0,2010-02-04 17:11:00,1,11.3,672,High,1,0.6921494786191075
17329.0,2011-11-25 14:24:00,5,306.14,13,Low,0,0.49043618860119725
17330.0,2011-11-17 08:56:00,4,86.83,22,Low,0,0.5495171827516163
17331.0,2011-08-08 11:55:00,1,10.95,123,High,1,0.6921622161376453
17332.0,2010-06-29 16:10:00,5,244.47,527,High,1,0.4930687393629229
17333.0,2011-09-15 10:11:00,1,49.62,85,Medium,0,0.6907531352107201
17334.0,2011-02-10 14:59:00,3,77.45,301,High,1,0.5986503159078563
17335.0,2010-11-21 10:17:00,2,122.23,383,High,1,0.6437593819313019
17336.0,2010-08-24 15:37:00,1,1.69,471,High,1,0.6924991081553002
17337.0,2011-07-11 14:55:00,4,1247.4,150,High,1,0.5001243593199052
17338.0,2011-11-22 14:23:00,17,3750.23,16,Low,0,0.04649627750458317
17339.0,2011-09-06 13:29:00,3,44.52,93,High,1,0.6000009192255926
17340.0,2011-11-10 10:45:00,18,2335.14,29,Low,0,0.04840210071530004
17341.0,2011-07-06 12:33:00,5,899.79,156,High,1,0.46514314369815185
17342.0,2010-11-25 11:07:00,4,237.11,379,High,1,0.5431555127727598
17343.0,2010-12-19 15:07:00,6,324.56,354,High,1,0.4400575774946323
17344.0,2011-10-24 12:56:00,2,186.94,45,Low,0,0.6412207101776303
17345.0,2011-11-24 15:03:00,10,470.84000000000003,14,Low,0,0.25654537419026346
17346.0,2011-12-06 12:18:00,26,2302.13,3,Low,0,0.010260498419613505
17347.0,2011-09-14 13:12:00,1,1.06,85,Medium,0,0.6925220210065335
17348.0,2011-11-25 11:25:00,9,802.89,14,Low,0,0.2847148376625765
17349.0,2011-06-13 14:29:00,5,218.04,178,High,1,0.49419710159374625
17350.0,2011-12-01 15:47:00,7,404.621,7,Low,0,0.38838045947841876
17351.0,2011-11-03 18:45:00,12,386.34000000000003,35,Low,0,0.19021488049448354
17352.0,2010-01-12 16:13:00,1,17.25,695,High,1,0.6919328960429325
17353.0,2011-08-02 17:19:00,4,21.599999999999998,128,High,1,0.5522735993432132
17354.0,2011-10-20 10:34:00,4,209.95,50,Medium,0,0.5443063571954468
17355.0,2010-11-18 13:18:00,1,77.18,385,High,1,0.6897467165119264
17356.0,2011-02-01 11:07:00,5,122.55,311,High,1,0.4982742156580507
17357.0,2011-11-15 16:30:00,2,155.47,23,Low,0,0.6424563248516975
17358.0,2011-02-09 16:57:00,5,451.1,302,High,1,0.48425052572167304
17359.0,2011-11-28 14:37:00,2,101.46,10,Low,0,0.6445725187125463
17360.0,2011-11-22 13:11:00,6,698.27,16,Low,0,0.42439496277235933
17361.0,2011-10-21 15:43:00,5,213.71,48,Medium,0,0.49438196597087275
17362.0,2011-04-14 14:43:00,7,429.1,238,High,1,0.3873877752557437
17363.0,2010-11-09 17:11:00,3,81.5,394,High,1,0.59848410375748
17364.0,2011-12-09 09:00:00,28,2819.77,0,Low,0,0.006326906659560186
17365.0,2011-11-27 12:13:00,15,1537.78,12,Low,0,0.09588170888430748
17366.0,2010-10-03 16:04:00,2,390.03,431,High,1,0.63320218825538
17367.0,2011-04-15 14:21:00,1,64.47,237,High,1,0.69021107623003
17368.0,2011-11-16 15:26:00,14,687.33,22,Low,0,0.13021402871067794
17369.0,2010-09-10 09:49:00,1,0.85,455,High,1,0.6925296584126595
17370.0,2011-09-28 10:14:00,4,46.1,72,Medium,0,0.5512386730292088
17371.0,2011-11-22 13:30:00,6,419.16,16,Low,0,0.43608020616696397
17372.0,2011-10-30 11:37:00,28,1920.03,40,Low,0,0.007370124040924201
17373.0,2011-10-30 15:28:00,7,158.04,39,Low,0,0.39843037057405145
17374.0,2011-05-05 09:05:00,3,274.17,218,High,1,0.5905513877331579
17375.0,2011-05-24 15:45:00,4,249.2,198,High,1,0.5426430770304834
17376.0,2011-09-30 12:36:00,4,169.28,70,Medium,0,0.5460287696062152
17377.0,2011-11-16 11:17:00,78,5099.79,23,Low,0,2.0056285159671143e-07
17378.0,2010-11-30 18:46:00,1,10.95,373,High,1,0.6921622161376453
17379.0,2011-11-28 13:56:00,1,113.86,10,Low,0,0.6884044693769661
17380.0,2010-10-01 16:42:00,3,26.25,433,High,1,0.6007495981148411
17381.0,2011-12-01 11:59:00,38,254.76,8,Low,0,0.0013400293169743924
17382.0,2011-10-05 13:05:00,8,52.11,64,Medium,0,0.3558461054277941
17383.0,2011-12-05 17:36:00,2,105.88,3,Low,0,0.6443995472633205
17384.0,2011-11-20 15:48:00,3,65.09,18,Low,0,0.5991574303739126
17385.0,2011-11-25 11:02:00,1,90.24,14,Low,0,0.6892691708943878
17386.0,2011-12-02 11:28:00,7,69.03,7,Low,0,0.4020797739711715
17387.0,2011-11-20 11:00:00,2,188.58,19,Low,0,0.6411562668562834
17388.0,2011-09-23 10:31:00,11,149.37,77,Medium,0,0.2299456292533638
17389.0,2011-12-09 09:38:00,61,1993.43,0,Low,0,1.013304654456511e-05
17390.0,2010-10-15 11:29:00,1,32.25,420,High,1,0.6913865146314514
17391.0,2011-06-29 09:58:00,2,3.18,163,High,1,0.648408770307162
17392.0,2011-02-06 12:48:00,3,261.08,306,High,1,0.5910918814299511
17393.0,2010-10-25 11:10:00,2,138.5,410,High,1,0.6431218384713304
17394.0,2011-05-04 13:22:00,1,13.77,218,High,1,0.692059579812525
17395.0,2010-07-19 15:34:00,1,6.25,507,High,1,0.6923332344602031
17396.0,2011-10-31 14:12:00,14,210.13,38,Low,0,0.13972654537380277
17397.0,2011-11-17 14:08:00,3,413.16,21,Low,0,0.5847991507685417
17398.0,2011-08-17 09:48:00,3,183.98,114,High,1,0.594270878870449
17400.0,2011-08-05 15:38:00,8,1689.46,125,High,1,0.29461072454999704
17401.0,2010-06-16 16:54:00,1,53.15,540,High,1,0.690624329595459
17402.0,2011-12-05 10:15:00,23,828.72,4,Low,0,0.023685581371040963
17403.0,2011-11-03 15:18:00,2,173.78,35,Low,0,0.6417376437809723
17404.0,2011-12-05 16:26:00,23,614.13,3,Low,0,0.0245480919889589
17405.0,2011-12-08 17:12:00,3,258.58,0,Low,0,0.5911950828852811
17406.0,2011-01-10 15:07:00,13,1173.28,332,High,1,0.14398922959461005
17407.0,2010-10-24 11:57:00,1,52.9,411,High,1,0.6906334527806075
17408.0,2011-06-29 12:53:00,3,48.08,162,High,1,0.5998549809247968
17409.0,2011-06-08 10:36:00,10,367.18,184,High,1,0.25993675417409334
17410.0,2011-11-23 15:46:00,5,223.33,15,Low,0,0.4939712532776012
17411.0,2011-11-27 14:25:00,5,263.83,11,Low,0,0.4922422571145028
17412.0,2011-12-07 11:36:00,16,1146.21,2,Low,0,0.08498325707262773
17413.0,2010-10-31 12:33:00,2,37.42,404,High,1,0.6470743934308291
17414.0,2011-10-27 12:13:00,6,9.92,43,Low,0,0.4533390186244298
17415.0,2011-09-21 12:50:00,1,195.53,79,Medium,0,0.6854045109554154
17416.0,2011-11-10 12:47:00,22,1769.31,29,Low,0,0.02460131450499046
17417.0,2010-06-09 10:00:00,1,43.64,548,High,1,0.6909712708841916
17418.0,2011-10-28 13:00:00,3,103.51,41,Low,0,0.5975804174631132
17419.0,2011-11-28 13:47:00,18,1202.52,10,Low,0,0.05813191083214469
17420.0,2011-10-20 14:52:00,6,206.44,49,Medium,0,0.4450345938367633
17421.0,2010-11-18 16:57:00,3,105.51,385,High,1,0.5974982685322971
17422.0,2011-11-23 13:27:00,11,365.04,15,Low,0,0.22348803483878923
17423.0,2011-10-24 13:36:00,3,84.96000000000001,45,Low,0,0.5983420872885247
17425.0,2011-11-20 15:30:00,2,114.85,18,Low,0,0.6440484010717746
17426.0,2011-12-01 18:07:00,13,1270.34,7,Low,0,0.14195796719356116
17427.0,2011-09-29 11:29:00,1,8.33,71,Medium,0,0.6922575562668982
17428.0,2011-12-09 09:45:00,45,2471.3,0,Low,0,0.00022731206264020232
17429.0,2011-08-03 13:22:00,5,211.95,127,High,1,0.49445710759152417
17430.0,2011-11-07 09:24:00,4,100.18,32,Low,0,0.5489526727953253
17431.0,2011-01-30 14:36:00,1,84.33,312,High,1,0.6894853230949819
17432.0,2011-11-21 17:33:00,9,690.49,17,Low,0,0.2886405896993004
17433.0,2011-09-12 14:24:00,2,239.42,87,Medium,0,0.6391560057212012
17434.0,2011-12-07 13:16:00,7,367.3,1,Low,0,0.38989570014820274
17435.0,2010-10-24 13:55:00,1,65.2,410,High,1,0.6901844160576296
17436.0,2011-12-08 12:30:00,5,51.46,1,Low,0,0.5013097076930334
17437.0,2010-06-28 11:11:00,1,186.66,529,High,1,0.6857310860047247
17438.0,2011-03-31 10:26:00,5,349.81,253,High,1,0.4885723286802752
17439.0,2010-02-22 12:48:00,1,17.71,655,High,1,0.6919161483238109
17440.0,2011-07-06 11:54:00,4,7.2,156,High,1,0.5528816719114309
17441.0,2009-12-07 13:32:00,1,43.07,731,High,1,0.6909920586402317
17442.0,2011-11-03 09:17:00,15,732.54,36,Low,0,0.10848485540845074
17443.0,2011-05-04 10:47:00,1,1.06,219,High,1,0.6925220210065335
17444.0,2011-07-15 12:05:00,3,883.9000000000001,147,High,1,0.5651536218178086
17446.0,2011-06-16 10:42:00,2,6.95,176,High,1,0.6482619616262548
17447.0,2011-10-30 14:18:00,2,60.92,39,Low,0,0.6461572376780511
17448.0,2010-07-30 14:07:00,46,2371.79,496,High,1,0.00018939512127364217
17449.0,2011-12-07 16:56:00,13,1806.35,1,Low,0,0.1311679417841364
17450.0,2011-12-01 13:29:00,51,1415.17,7,Low,0,8.224636293002693e-05
17451.0,2011-12-08 15:02:00,7,227.44,0,Low,0,0.39559276412294014
17453.0,2011-11-22 09:42:00,2,65.03999999999999,17,Low,0,0.6459963316253636
17454.0,2011-05-31 13:58:00,10,375.93,191,High,1,0.25964936480429374
17455.0,2011-05-20 12:31:00,1,22.6,203,High,1,0.6917380815716708
17456.0,2010-12-09 15:23:00,2,225.86,364,High,1,0.6396899892851866
17457.0,2011-08-05 12:48:00,14,181.15,126,High,1,0.14032257804790943
17458.0,2011-11-24 13:01:00,2,213.63,14,Low,0,0.6401713021397234
17459.0,2011-10-27 13:25:00,2,212.81,42,Low,0,0.6402035632499057
17460.0,2011-09-06 15:04:00,16,514.08,93,High,1,0.09376374596748258
17461.0,2011-11-17 10:21:00,3,266.42,22,Low,0,0.5908714162426774
17462.0,2011-10-10 13:56:00,2,104.93,59,Medium,0,0.6444367275680247
17463.0,2011-11-23 13:40:00,7,893.85,15,Low,0,0.36872646529297526
17464.0,2011-07-04 13:19:00,3,104.66,157,High,1,0.5975331824967646
17465.0,2010-10-10 11:56:00,7,443.05,425,High,1,0.38682248559086313
17466.0,2011-11-29 13:15:00,2,192.33,9,Low,0,0.641008892554543
17467.0,2010-11-09 12:58:00,1,26.5,394,High,1,0.691596024254706
17468.0,2011-11-29 15:33:00,3,8.4,9,Low,0,0.6014806115213683
17469.0,2011-11-23 13:15:00,17,911.61,15,Low,0,0.07337665426881201
17470.0,2011-10-26 12:42:00,11,266.29,44,Low,0,0.22642867132649222
17471.0,2010-08-22 11:53:00,1,53.3,474,High,1,0.6906188556130809
17472.0,2011-06-01 14:57:00,4,523.4300000000001,190,High,1,0.5309976554485216
17473.0,2010-10-27 11:45:00,2,108.6,408,High,1,0.6442930845459603
17474.0,2010-04-19 10:43:00,1,36.05,599,High,1,0.6912480128630349
17475.0,2011-09-21 14:55:00,1,24.87,78,Medium,0,0.6916554013402132
17476.0,2010-11-09 10:21:00,2,182.69,395,High,1,0.6413876889577305
17477.0,2010-04-06 10:06:00,2,264.58,612,High,1,0.6381643107996025
17478.0,2010-10-27 15:01:00,2,138.03,407,High,1,0.6431402626476855
17479.0,2010-03-17 09:26:00,1,35.94,632,High,1,0.6912520226081387
17480.0,2011-09-23 11:39:00,2,105.06,77,Medium,0,0.6444316398397656
17481.0,2011-12-06 12:28:00,4,209.05,3,Low,0,0.5443444846587018
17482.0,2010-08-09 15:33:00,2,234.39,486,High,1,0.6393541239244322
17483.0,2011-10-05 13:10:00,4,94.35000000000001,64,Medium,0,0.5491992122047342
17484.0,2010-05-12 15:41:00,2,32.81,575,High,1,0.6472541852723749
17486.0,2011-03-23 14:00:00,1,69.51,260,High,1,0.6900269857119832
17487.0,2009-12-11 15:06:00,1,48.5,727,High,1,0.6907939965247104
17488.0,2010-03-08 14:07:00,1,55.7,640,High,1,0.6905312646243942
17489.0,2011-10-12 08:56:00,2,31.23,58,Medium,0,0.6473157963134599
17490.0,2011-12-09 09:08:00,9,342.12,0,Low,0,0.3010096249240806
17491.0,2011-12-08 16:18:00,17,523.08,0,Low,0,0.07801834613505891
17492.0,2011-04-05 15:21:00,3,148.58,247,High,1,0.5957278705857942
17493.0,2010-11-19 16:57:00,1,23.19,384,High,1,0.691716593178165
17494.0,2010-07-26 10:06:00,1,12.85,501,High,1,0.6920930660911613
17495.0,2011-12-02 12:08:00,3,183.95,7,Low,0,0.5942721143161371
17496.0,2010-12-16 08:39:00,4,310.98,358,High,1,0.5400231400704951
17497.0,2010-11-14 14:17:00,2,50.35,389,High,1,0.6465698961868094
17498.0,2011-09-25 12:25:00,1,34.33,75,Medium,0,0.6913107073980117
17499.0,2011-02-23 09:14:00,2,201.35,289,High,1,0.6406542992458591
17500.0,2011-11-22 14:25:00,3,271.5,16,Low,0,0.5906616513926828
17501.0,2011-05-03 09:47:00,2,62.9,220,High,1,0.6460799131698419
17502.0,2011-11-30 13:13:00,4,78.67,8,Low,0,0.5498621688608987
17503.0,2011-12-07 09:18:00,2,88.45,2,Low,0,0.6450814303660908
17504.0,2011-05-17 12:59:00,18,1005.97,205,High,1,0.05999746877089094
17505.0,2011-07-01 12:50:00,5,330.79,161,High,1,0.48938407686440044
17506.0,2011-09-25 11:39:00,1,50.88,75,Medium,0,0.6907071626678979
17507.0,2011-03-23 11:48:00,2,234.23,261,High,1,0.6393604251170252
17508.0,2011-03-04 08:10:00,8,677.91,280,High,1,0.33174028432498937
17509.0,2011-10-13 10:26:00,8,826.87,57,Medium,0,0.3261244197445884
17510.0,2011-11-15 10:00:00,2,67.66,24,Low,0,0.6458939906724732
17511.0,2011-12-07 10:12:00,60,4593.41,2,Low,0,7.934783162204137e-06
17512.0,2011-11-11 12:11:00,18,376.95,28,Low,0,0.06635079552337253
17513.0,2011-09-28 16:42:00,3,58.57,71,Medium,0,0.5994248519036731
17514.0,2011-08-03 15:45:00,2,202.0,127,High,1,0.6406287405717838
17515.0,2011-11-08 14:04:00,9,898.97,30,Low,0,0.281384693946733
17516.0,2011-11-24 16:51:00,6,516.97,14,Low,0,0.4319765084479691
17517.0,2011-02-04 11:48:00,1,27.92,308,High,1,0.6915442918146092
17518.0,2010-10-10 12:40:00,2,184.05,425,High,1,0.6413342594752033
17519.0,2011-11-22 16:43:00,15,789.67,16,Low,0,0.10754473246643378
17520.0,2011-10-17 12:04:00,1,98.92999999999999,53,Medium,0,0.6889511930232887
17521.0,2011-11-10 11:22:00,5,211.88,29,Low,0,0.4944600961839094
17522.0,2011-12-08 12:31:00,5,141.95,1,Low,0,0.4974458622417226
17523.0,2011-11-28 13:20:00,4,103.22999999999999,10,Low,0,0.5488236846179754
17524.0,2010-12-13 14:32:00,3,91.06,360,High,1,0.5980916712398695
17525.0,2010-12-15 12:05:00,3,131.4,359,High,1,0.596434358242578
17526.0,2011-12-05 11:05:00,12,579.89,4,Low,0,0.18517494044708552
17527.0,2011-10-17 12:32:00,4,160.22,53,Medium,0,0.5464123205181668
17528.0,2011-12-08 13:27:00,8,799.94,0,Low,0,0.32713606459986505
17529.0,2010-04-08 17:51:00,2,305.46,609,High,1,0.6365504941898518
17530.0,2011-12-08 18:42:00,12,1331.27,0,Low,0,0.1665877246397027
17531.0,2011-06-02 19:17:00,3,247.64000000000001,189,High,1,0.5916465978053805
17532.0,2010-11-19 08:13:00,1,10.47,385,High,1,0.6921796842586326
17533.0,2010-10-01 09:14:00,1,1.45,434,High,1,0.6925078369724629
17534.0,2011-10-17 12:47:00,5,254.98,53,Medium,0,0.4926200603846925
17535.0,2011-03-04 15:20:00,1,19.15,279,High,1,0.691863717416244
17536.0,2011-06-15 13:23:00,3,72.53999999999999,176,High,1,0.5988517920676124
17537.0,2011-11-10 10:56:00,2,199.53,29,Low,0,0.6407258592864806
17538.0,2011-11-14 12:12:00,1,10.74,25,Low,0,0.6921698585083036
17539.0,2010-04-01 12:07:00,4,430.84,617,High,1,0.53493398815766
17540.0,2011-11-15 11:56:00,6,198.4,24,Low,0,0.4453737739877786
17541.0,2010-07-18 11:36:00,1,109.37,509,High,1,0.688568944591107
17542.0,2011-03-15 11:45:00,3,148.14,269,High,1,0.5957459695306351
17543.0,2010-06-08 12:41:00,1,45.2,549,High,1,0.6909143741256403
17544.0,2010-11-14 15:08:00,3,312.23,389,High,1,0.5889786291951182
17545.0,2011-10-27 14:04:00,6,704.3100000000001,42,Low,0,0.424142974796128
17547.0,2010-11-29 09:41:00,2,143.65,375,High,1,0.6429199288137631
17548.0,2011-04-20 12:01:00,4,63.64,233,High,1,0.5504974771099137
17549.0,2011-11-16 09:59:00,2,10.6,23,Low,0,0.6481197991913153
17550.0,2011-05-26 14:09:00,9,1024.76,196,High,1,0.277060816686172
17551.0,2010-12-15 14:12:00,1,109.27,358,High,1,0.6885726071948437
17552.0,2011-10-10 17:00:00,12,398.45,59,Medium,0,0.18989648855158126
17553.0,2011-08-02 10:00:00,4,17.2,129,High,1,0.552459415967482
17554.0,2011-12-08 14:15:00,5,269.23,0,Low,0,0.49201173741024923
17555.0,2011-11-20 12:22:00,5,537.14,19,Low,0,0.48058122790248065
17556.0,2011-05-18 10:48:00,2,46.64,205,High,1,0.6467146848519135
17557.0,2011-11-25 12:57:00,4,100.37,13,Low,0,0.5489446376582083
17558.0,2010-11-11 14:36:00,1,125.92,392,High,1,0.6879624588502482
17559.0,2010-07-15 12:02:00,1,9.44,512,High,1,0.6922171660770639
17560.0,2011-09-06 09:18:00,9,127.76,94,High,1,0.30876859485474656
17561.0,2011-11-20 12:53:00,4,498.21,18,Low,0,0.5320702510891178
17562.0,2011-11-25 14:21:00,7,119.5,13,Low,0,0.4000091480556263
17563.0,2010-05-10 14:54:00,2,71.82000000000001,577,High,1,0.6457314676619166
17564.0,2011-11-15 13:27:00,3,182.4,23,Low,0,0.5943359440524688
17565.0,2010-05-02 11:54:00,1,85.39,586,High,1,0.6894465607622428
17566.0,2011-12-01 19:54:00,2,403.4,7,Low,0,0.6326716527333408
17567.0,2011-12-02 15:48:00,9,555.31,6,Low,0,0.29340430775947446
17568.0,2010-03-16 16:45:00,1,98.98,632,High,1,0.6889493629449297
17569.0,2011-01-11 14:15:00,1,97.24,331,High,1,0.6890130461980798
17570.0,2010-11-23 11:56:00,1,100.0,381,High,1,0.6889120280572876
17571.0,2011-10-20 15:57:00,5,952.1,49,Medium,0,0.4629210990688267
17572.0,2011-09-29 17:53:00,10,95.69,70,Medium,0,0.26895568822021554
17573.0,2011-11-10 13:01:00,3,55.07,28,Low,0,0.5995683819913442
17574.0,2011-04-11 09:47:00,1,26.529999999999998,242,High,1,0.6915949313655394
17575.0,2010-02-10 13:48:00,1,30.799999999999997,666,High,1,0.6914393549227794
17576.0,2011-12-01 17:56:00,41,2988.83,7,Low,0,0.00046210194189106
17577.0,2010-03-04 13:01:00,2,51.9,644,High,1,0.6465093969982096
17578.0,2011-05-05 18:38:00,7,229.73,217,High,1,0.39549924988907365
17579.0,2011-12-05 12:28:00,4,322.65000000000003,4,Low,0,0.5395279913090617
17580.0,2011-04-01 12:41:00,5,255.03,252,High,1,0.4926179258788575
17581.0,2011-12-09 12:21:00,43,2525.37,0,Low,0,0.0003356353066315656
17582.0,2011-04-17 13:18:00,5,380.75,235,High,1,0.4872519814916219
17583.0,2010-05-28 14:24:00,1,19.65,559,High,1,0.6918455110825379
17584.0,2011-12-02 17:12:00,6,512.58,6,Low,0,0.4321604988049354
17585.0,2011-08-22 13:30:00,7,716.3,108,High,1,0.37581282947121314
17586.0,2010-03-30 13:12:00,1,23.8,618,High,1,0.6916943754915434
17587.0,2010-03-21 14:16:00,1,146.13,627,High,1,0.6872209756423614
17588.0,2011-08-31 13:37:00,7,326.28000000000003,99,High,1,0.3915635753030146
17589.0,2011-10-10 16:58:00,18,3278.23,59,Medium,0,0.04149996778752162
17590.0,2011-12-07 12:55:00,3,536.35,1,Low,0,0.5796813670874488
17591.0,2011-09-27 13:42:00,8,999.75,72,Medium,0,0.31966885305003
17592.0,2009-12-01 10:49:00,1,51.55,738,High,1,0.6906827154138108
17593.0,2011-12-06 10:30:00,11,1111.44,3,Low,0,0.20214565278225188
17594.0,2011-09-15 16:34:00,4,227.85,84,Medium,0,0.5435479370065448
17595.0,2011-11-27 16:08:00,2,207.31,11,Low,0,0.6404199159856776
17596.0,2011-11-16 14:11:00,13,1085.58,22,Low,0,0.14584534423784662
17597.0,2011-05-10 11:54:00,5,383.18,213,High,1,0.4871482898958769
17598.0,2010-11-23 17:43:00,1,32.69,380,High,1,0.691370479345448
17599.0,2010-08-19 12:50:00,1,15.45,477,High,1,0.6919984257405871
17600.0,2011-11-22 09:43:00,1,45.9,17,Low,0,0.6908888416472523
17601.0,2011-04-14 18:02:00,2,181.26,238,High,1,0.6414438647021694
17602.0,2011-12-07 13:53:00,14,1824.74,1,Low,0,0.10974634330591376
17603.0,2011-09-22 14:18:00,4,463.88,77,Medium,0,0.5335298129912264
17604.0,2011-05-06 13:43:00,6,485.7,216,High,1,0.4332874793983773
17605.0,2010-04-28 14:45:00,1,28.75,589,High,1,0.6915140516131003
17606.0,2009-12-02 13:32:00,1,13.3,736,High,1,0.6920766871856815
17607.0,2010-11-28 13:11:00,1,53.68,375,High,1,0.69060498795177
17608.0,2011-11-06 13:06:00,4,200.82,32,Low,0,0.544693114963566
17609.0,2011-10-30 12:28:00,11,840.84,40,Low,0,0.20970248071458164
17610.0,2010-06-17 16:34:00,5,457.66,539,High,1,0.4839707004017197
17611.0,2011-12-02 13:29:00,28,2987.58,6,Low,0,0.006149240993300025
17612.0,2011-10-17 14:59:00,18,1098.25,52,Medium,0,0.05911471177554926
17613.0,2011-11-17 10:51:00,14,825.29,22,Low,0,0.12756846849191542
17614.0,2011-10-13 16:01:00,1,221.16,56,Medium,0,0.6844598369413288
17615.0,2011-08-01 14:06:00,6,181.31,129,High,1,0.44609491141081087
17616.0,2011-06-19 10:11:00,4,12.75,173,High,1,0.5526473292428279
17617.0,2010-05-30 12:48:00,1,47.9,558,High,1,0.690815885287487
17618.0,2011-12-04 11:50:00,11,1358.26,5,Low,0,0.19543186509367746
17619.0,2011-01-31 14:18:00,1,138.88,311,High,1,0.6874870807989143
17620.0,2011-10-11 12:08:00,1,11.03,59,Medium,0,0.692159304730636
17621.0,2011-11-18 17:11:00,6,224.53,20,Low,0,0.4442716261598845
17622.0,2010-04-21 12:36:00,2,156.48,597,High,1,0.6424166982583498
17623.0,2011-11-07 11:32:00,7,879.81,32,Low,0,0.369284816566256
17624.0,2011-11-25 10:52:00,4,302.9,14,Low,0,0.5403659217817769
17625.0,2011-11-21 13:36:00,8,1728.54,17,Low,0,0.29322550900982786
17626.0,2010-04-16 12:15:00,1,33.81,602,High,1,0.6913296601725852
17627.0,2010-08-18 11:27:00,1,18.69,478,High,1,0.6918804667163289
17628.0,2011-09-19 15:21:00,1,12.05,80,Medium,0,0.6921221829511781
17629.0,2011-12-04 10:56:00,10,387.0,5,Low,0,0.25928607193132747
17630.0,2011-06-23 11:58:00,2,203.45000000000002,169,High,1,0.6405717221923461
17631.0,2011-12-08 09:47:00,7,245.14000000000001,1,Low,0,0.3948701676180165
17633.0,2011-11-08 13:25:00,7,326.87,30,Low,0,0.39153956781390736
17634.0,2011-11-03 13:09:00,9,1106.83,35,Low,0,0.27426195691598193
17635.0,2010-10-11 15:12:00,3,205.44,423,High,1,0.5933868184792219
17636.0,2011-11-20 14:40:00,1,47.81,18,Low,0,0.6908191685280723
17637.0,2011-11-08 12:51:00,2,120.15,30,Low,0,0.6438408505103501
17638.0,2010-03-02 14:32:00,2,5.85,646,High,1,0.648304799947849
17639.0,2011-03-08 15:22:00,6,191.1,275,High,1,0.44568178015305454
17640.0,2011-09-14 09:13:00,6,153.84,86,Medium,0,0.44725452240173563
17642.0,2011-08-12 09:11:00,5,230.05,119,High,1,0.4936843568971869
17643.0,2010-12-01 14:38:00,2,139.4,372,High,1,0.6430865569521331
17644.0,2011-12-08 13:43:00,20,1013.81,0,Low,0,0.04101396055591414
17646.0,2011-05-04 13:17:00,12,1053.27,218,High,1,0.17328467520136587
17647.0,2011-10-05 15:38:00,3,75.53,64,Medium,0,0.5987291048556611
17648.0,2011-10-10 09:41:00,5,566.48,60,Medium,0,0.47933044087368704
17649.0,2011-07-24 15:53:00,3,358.13,137,High,1,0.5870794784636832
17650.0,2011-11-18 14:52:00,1,15.17,20,Low,0,0.6920086185539047
17651.0,2011-11-28 10:29:00,16,759.9399999999999,11,Low,0,0.09025592484578789
17652.0,2011-11-14 12:55:00,12,866.29,24,Low,0,0.17790753983584484
17653.0,2011-11-03 12:46:00,4,179.04,36,Low,0,0.5456155233934141
17654.0,2011-03-07 13:17:00,1,69.45,276,High,1,0.6900291776201287
17655.0,2011-11-29 11:34:00,9,551.46,10,Low,0,0.29354065274572777
17656.0,2011-09-27 13:04:00,5,227.35,72,Medium,0,0.4937996272750715
17657.0,2010-10-05 14:52:00,1,15.75,429,High,1,0.69198750466146
17658.0,2011-11-14 12:07:00,2,48.66,25,Low,0,0.6466358544681263
17659.0,2011-11-22 13:29:00,14,844.99,16,Low,0,0.12719446245606172
17660.0,2011-07-21 13:37:00,2,196.51,140,High,1,0.6408445879571782
17662.0,2010-02-16 09:38:00,2,68.31,661,High,1,0.645868598672133
17663.0,2011-11-14 08:56:00,17,1067.63,25,Low,0,0.07158527094814134
17664.0,2011-11-21 11:29:00,4,167.84,18,Low,0,0.5460897350043209
17665.0,2010-08-03 13:12:00,1,28.75,492,High,1,0.6915140516131003
17666.0,2011-12-06 09:06:00,5,81.22,3,Low,0,0.5000389759006675
17667.0,2011-10-04 14:32:00,9,754.55,65,Medium,0,0.286399248815765
17668.0,2011-12-08 13:25:00,2,110.05,0,Low,0,0.6442363246903259
17669.0,2011-10-28 08:53:00,10,303.86,42,Low,0,0.2620226094987335
17670.0,2011-04-26 09:12:00,1,28.5,227,High,1,0.6915231602803484
17671.0,2011-11-24 12:21:00,5,311.09000000000003,15,Low,0,0.4902249055152912
17672.0,2011-10-20 14:18:00,7,877.89,49,Medium,0,0.3693611995401263
17673.0,2011-12-08 12:50:00,13,863.92,1,Low,0,0.15062512754681057
17674.0,2011-09-26 13:35:00,2,27.73,73,Medium,0,0.6474522590213223
17675.0,2011-12-08 18:03:00,70,3901.39,0,Low,0,1.2143808576421455e-06
17676.0,2011-12-05 15:16:00,10,317.37,3,Low,0,0.261576665271085
17677.0,2011-12-08 09:56:00,54,1910.76,1,Low,0,4.153544327961471e-05
17678.0,2011-03-21 11:52:00,2,86.72,263,High,1,0.6451490780184429
17679.0,2011-10-18 07:43:00,7,253.95000000000002,52,Medium,0,0.39451067332376516
17680.0,2011-11-16 12:42:00,3,111.35000000000001,23,Low,0,0.5972583623518597
17681.0,2010-04-21 17:22:00,5,38.67,596,High,1,0.5018558277688879
17682.0,2011-11-29 15:59:00,11,576.1899999999999,9,Low,0,0.2172919191825813
17683.0,2010-11-19 10:11:00,3,96.75,385,High,1,0.597858040287228
17684.0,2011-10-27 11:10:00,1,43.74,43,Low,0,0.6909676238297449
17685.0,2011-11-23 11:36:00,12,414.97,16,Low,0,0.18946280859145392
17686.0,2011-12-02 15:39:00,9,1629.93,6,Low,0,0.2568415921303431
17687.0,2010-10-15 12:30:00,1,73.44,420,High,1,0.6898833971391415
17688.0,2010-11-11 10:41:00,1,72.65,393,High,1,0.6899122639401662
17689.0,2010-11-16 13:22:00,2,26.38,387,High,1,0.6475048882095957
17690.0,2011-11-09 15:17:00,20,1991.93,29,Low,0,0.034924267692946896
17691.0,2010-12-16 17:20:00,4,174.3,357,High,1,0.545816226672355
17692.0,2011-08-04 14:01:00,12,308.27,126,High,1,0.19227727456193167
17693.0,2011-07-25 15:48:00,1,33.32,136,High,1,0.6913475189284114
17694.0,2011-07-21 12:00:00,3,135.76,141,High,1,0.5962551010955256
17695.0,2011-07-31 10:40:00,5,78.09,131,High,1,0.5001726250835936
17696.0,2011-11-01 13:43:00,27,794.29,37,Low,0,0.010866687967374167
17697.0,2011-04-17 15:40:00,1,96.6,235,High,1,0.6890364681238355
17698.0,2011-03-24 11:34:00,1,17.1,260,High,1,0.6919383571464857
17699.0,2010-08-20 09:39:00,2,62.45,476,High,1,0.6460974875927136
17700.0,2011-11-23 11:51:00,14,1269.58,16,Low,0,0.11935896216073615
17701.0,2011-04-01 12:25:00,1,138.1,252,High,1,0.687515702685432
17702.0,2011-11-09 16:03:00,6,334.85,29,Low,0,0.43962456106765846
17703.0,2011-11-04 15:51:00,4,122.01,34,Low,0,0.5480293118344882
17704.0,2011-06-24 09:40:00,2,121.48,168,High,1,0.6437887585804213
17705.0,2011-12-06 13:45:00,11,337.5,2,Low,0,0.22430539370656127
17706.0,2011-12-05 13:34:00,31,3010.7,3,Low,0,0.003375689171583928
17707.0,2011-06-07 15:03:00,8,40.5,184,High,1,0.35630076891296436
17708.0,2011-06-05 10:12:00,4,240.13,187,High,1,0.5430275183149347
17709.0,2011-06-23 11:55:00,5,241.74,169,High,1,0.49318528675744644
17710.0,2010-10-12 07:49:00,1,80.17,423,High,1,0.6896374212647953
17711.0,2011-11-29 11:40:00,2,56.42,10,Low,0,0.6463329467652219
17712.0,2011-10-26 12:28:00,1,135.29,44,Low,0,0.6876188030099755
17713.0,2010-11-22 16:50:00,4,218.7,381,High,1,0.5439356465219811
17714.0,2011-01-23 10:32:00,5,358.71999999999997,320,High,1,0.48819208225505234
17715.0,2011-05-23 12:32:00,2,1.7,200,High,1,0.6484663957556421
17716.0,2011-11-17 12:00:00,24,1635.43,22,Low,0,0.017019579517371385
17717.0,2010-10-14 12:54:00,1,48.4,420,High,1,0.6907976447112838
17718.0,2011-04-21 13:39:00,2,70.05,231,High,1,0.6458006221933235
17719.0,2011-11-02 10:36:00,15,1226.47,37,Low,0,0.10059110368470471
17720.0,2011-11-13 15:04:00,10,570.6999999999999,25,Low,0,0.2533058433539944
17721.0,2010-02-18 15:18:00,1,45.910000000000004,658,High,1,0.6908884768891171
17722.0,2011-09-04 15:22:00,5,657.74,95,High,1,0.47544168249707774
17723.0,2011-08-04 18:37:00,7,42.400000000000006,126,High,1,0.40317373371251863
17724.0,2011-09-29 15:26:00,3,174.85,70,Medium,0,0.5946468110166285
17725.0,2011-11-23 16:34:00,11,495.38,15,Low,0,0.2196484953801946
17726.0,2010-11-09 13:37:00,7,222.08,394,High,1,0.39581167445021403
17727.0,2011-11-24 17:06:00,1,206.66,14,Low,0,0.6849944678057683
17728.0,2011-12-06 08:52:00,5,837.71,3,Low,0,0.4677819915698687
17729.0,2010-04-22 15:03:00,1,70.55,595,High,1,0.6899889912810941
17730.0,2011-12-06 15:43:00,20,607.71,2,Low,0,0.043830592609534896
17731.0,2011-09-21 15:02:00,6,438.81,78,Medium,0,0.43525505278000143
17732.0,2010-12-02 09:29:00,8,639.93,372,High,1,0.33317992198112023
17733.0,2011-11-01 08:16:00,2,103.57,38,Low,0,0.6444899510762835
17734.0,2011-10-17 12:33:00,6,279.71,53,Medium,0,0.4419459803361695
17735.0,2011-12-07 16:47:00,26,2222.81,1,Low,0,0.010398994804036577
17736.0,2011-11-30 15:36:00,3,130.53,8,Low,0,0.5964701243643364
17737.0,2011-11-30 15:16:00,2,24.14,8,Low,0,0.6475922057791924
17738.0,2011-11-20 15:05:00,13,650.26,18,Low,0,0.15535365500444642
17739.0,2011-11-28 09:12:00,18,627.33,11,Low,0,0.06375023832289248
17740.0,2010-11-15 16:33:00,6,19.73,388,High,1,0.45292381788919284
17741.0,2010-10-29 11:59:00,2,6.8,406,High,1,0.6482678033561087
17742.0,2011-08-18 15:28:00,11,658.54,112,High,1,0.2149092795034474
17743.0,2010-09-17 14:54:00,1,7.3500000000000005,447,High,1,0.6922932136269221
17744.0,2011-12-06 12:11:00,7,138.87,3,Low,0,0.39921540101713726
17745.0,2010-08-19 12:30:00,2,185.38,477,High,1,0.6412820051911493
17746.0,2011-04-13 14:31:00,4,110.62,239,High,1,0.5485111254320062
17747.0,2011-08-19 08:13:00,1,5.95,112,High,1,0.6923441487309793
17748.0,2010-06-30 13:49:00,1,76.45,526,High,1,0.6897733974194215
17749.0,2011-06-14 15:45:00,3,293.97,177,High,1,0.5897334186843967
17750.0,2011-12-04 14:09:00,9,127.83,4,Low,0,0.30876604311949235
17751.0,2010-10-14 13:57:00,1,67.43,420,High,1,0.6901029668788025
17752.0,2010-12-15 16:19:00,1,0.42,358,High,1,0.6925452965817964
17753.0,2010-09-01 15:49:00,4,204.59,463,High,1,0.5445334197421738
17754.0,2011-12-09 11:20:00,13,284.42,0,Low,0,0.1637304892832176
17756.0,2010-11-29 12:20:00,3,239.48,375,High,1,0.5919832761271713
17757.0,2011-12-08 15:31:00,56,3699.23,0,Low,0,2.05334820049344e-05
17758.0,2011-11-20 14:45:00,12,1290.77,18,Low,0,0.16755031373443677
17759.0,2011-11-22 16:02:00,5,323.15,16,Low,0,0.4897101578577316
17760.0,2011-11-18 10:56:00,6,195.48,21,Low,0,0.4454969714324233
17761.0,2011-11-07 10:23:00,1,59.7,32,Low,0,0.6903852492385307
17762.0,2010-09-09 17:40:00,1,32.61,455,High,1,0.6913733948863016
17763.0,2011-03-21 14:25:00,4,42.7,262,High,1,0.5513823221818752
17764.0,2011-10-20 11:03:00,5,502.48,50,Medium,0,0.4820591231256122
17765.0,2011-07-04 12:41:00,4,328.28000000000003,158,High,1,0.5392890869524404
17766.0,2010-11-23 14:29:00,2,63.02,380,High,1,0.6460752265904243
17767.0,2011-11-24 14:42:00,2,100.95,14,Low,0,0.6445924745280412
17768.0,2011-12-01 13:22:00,7,592.98,7,Low,0,0.3807664567455288
17769.0,2011-11-27 11:18:00,17,1828.57,12,Low,0,0.06341404161322285
17770.0,2011-05-25 12:34:00,5,183.43,198,High,1,0.49567477590652653
17771.0,2011-10-14 11:43:00,4,177.56,56,Medium,0,0.5456781918347332
17772.0,2011-11-29 11:05:00,3,338.21,10,Low,0,0.5879040068594996
17773.0,2010-07-13 14:07:00,2,172.79,513,High,1,0.6417765183388014
17774.0,2011-09-04 12:49:00,9,1325.95,96,High,1,0.2668760204561839
17775.0,2011-03-30 10:50:00,1,2.35,254,High,1,0.692475103197811
17776.0,2010-11-18 12:14:00,2,197.93,386,High,1,0.6407887640412986
17777.0,2011-11-15 12:02:00,3,319.52,24,Low,0,0.5886771748737871
17778.0,2010-02-16 12:44:00,1,23.5,661,High,1,0.6917053023335782
17779.0,2011-11-18 14:15:00,3,229.86,20,Low,0,0.5923800825819507
17780.0,2010-02-10 13:43:00,3,255.87,666,High,1,0.5913069441846089
17781.0,2011-07-03 16:00:00,2,66.68,158,High,1,0.6459322724411001
17782.0,2010-11-22 11:15:00,2,51.1,382,High,1,0.6465406229720216
17783.0,2011-09-28 16:07:00,3,196.22,71,Medium,0,0.5937667176100946
17784.0,2010-06-07 16:08:00,1,70.36,549,High,1,0.6899959327628254
17785.0,2011-10-17 13:43:00,3,143.63,52,Medium,0,0.5959314686902206
17786.0,2011-09-15 12:51:00,2,152.94,84,Medium,0,0.6425555789558096
17787.0,2011-07-10 11:24:00,4,490.23,152,High,1,0.5324095757776783
17788.0,2011-09-27 10:09:00,2,27.1,73,Medium,0,0.6474768197546091
17789.0,2011-03-03 13:14:00,2,97.2,280,High,1,0.6447391930248355
17790.0,2011-11-13 11:30:00,20,811.73,26,Low,0,0.04239320294414059
17791.0,2011-11-10 12:09:00,1,27.7,29,Low,0,0.6915523070143822
17792.0,2010-08-29 14:30:00,2,180.07,466,High,1,0.6414906093909174
17793.0,2011-11-14 14:24:00,1,218.56,24,Low,0,0.6845557377714597
17794.0,2010-01-22 10:18:00,2,30.950000000000003,686,High,1,0.6473267142148922
17795.0,2011-06-13 12:36:00,2,88.6,179,High,1,0.645075564689421
17796.0,2011-10-30 15:38:00,7,850.94,39,Low,0,0.37043403514532286
17797.0,2011-11-17 13:21:00,8,745.23,21,Low,0,0.3291962357088994
17798.0,2010-05-07 11:42:00,1,86.88,581,High,1,0.6893920695911867
17799.0,2011-11-17 15:16:00,20,2348.85,21,Low,0,0.03292684853166161
17800.0,2011-11-02 12:57:00,9,228.85,36,Low,0,0.30509573444435945
17801.0,2010-09-14 14:32:00,3,132.53,450,High,1,0.5963879018645133
17802.0,2011-09-18 14:56:00,10,1162.94,81,Medium,0,0.2346548372093848
17803.0,2010-11-12 13:53:00,1,69.71,391,High,1,0.6900196792898429
17804.0,2010-11-28 14:01:00,3,249.17000000000002,375,High,1,0.5915834610349617
17805.0,2011-09-27 11:49:00,2,23.21,73,Medium,0,0.6476284552664805
17806.0,2011-11-28 14:12:00,1,43.91,10,Low,0,0.6909614237825847
17807.0,2010-11-09 16:21:00,3,206.99,394,High,1,0.5933229415890212
17808.0,2010-06-09 10:44:00,4,89.37,548,High,1,0.5494097876358778
17809.0,2011-11-23 12:59:00,20,408.44,15,Low,0,0.04527932813332172
17810.0,2010-02-09 10:47:00,2,244.83,668,High,1,0.6389428674593619
17811.0,2011-12-05 13:46:00,47,3150.32,3,Low,0,0.00013582883052071877
17812.0,2011-11-27 11:47:00,7,647.61,12,Low,0,0.37856889899815405
17813.0,2011-11-25 16:13:00,5,1249.7,13,Low,0,0.4503101166697186
17814.0,2010-11-29 14:21:00,2,360.02,374,High,1,0.6343918397661092
17815.0,2010-11-11 14:39:00,1,15.2,392,High,1,0.6920075264757171
17816.0,2011-11-03 11:34:00,6,71.74,36,Low,0,0.45072364214892285
17817.0,2011-12-05 14:39:00,6,540.9,3,Low,0,0.4309739036535687
17818.0,2009-12-02 11:34:00,1,86.46000000000001,737,High,1,0.6894074300503066
17819.0,2011-09-29 10:52:00,12,388.32,71,Medium,0,0.19016279510032147
17820.0,2010-11-30 17:43:00,1,116.84,373,High,1,0.6882952814080195
17821.0,2010-10-29 13:20:00,1,16.91,405,High,1,0.6919452744672179
17822.0,2010-10-15 13:47:00,5,474.78,419,High,1,0.4832404723523993
17823.0,2010-10-14 16:24:00,2,316.15,420,High,1,0.6361279765925688
17824.0,2011-10-19 14:14:00,1,13.9,50,Medium,0,0.6920548478927727
17825.0,2010-04-20 12:01:00,4,65.18,598,High,1,0.5504323898577211
17826.0,2010-11-30 13:23:00,1,79.96000000000001,373,High,1,0.6896450982109662
17827.0,2011-12-04 15:00:00,6,633.51,4,Low,0,0.4270991859606426
17828.0,2011-11-17 08:41:00,4,353.32,22,Low,0,0.5382263182439144
17829.0,2011-02-14 12:46:00,5,421.77,298,High,1,0.4855017532743184
17830.0,2011-12-08 12:28:00,3,138.3,1,Low,0,0.5961506596232918
17831.0,2011-11-06 15:09:00,1,5.9,32,Low,0,0.6923459677551934
17832.0,2011-10-21 11:43:00,1,67.81,49,Medium,0,0.6900890864701702
17833.0,2009-12-16 13:40:00,1,111.32,722,High,1,0.6884975191030729
17834.0,2010-10-21 12:09:00,2,224.5,414,High,1,0.6397435261187743
17835.0,2011-12-07 11:48:00,3,103.61,2,Low,0,0.5975763101466007
17836.0,2011-10-23 16:13:00,1,32.78,46,Medium,0,0.6913671993437622
17837.0,2011-10-28 16:13:00,8,653.26,41,Low,0,0.33267429001760607
17838.0,2011-11-13 11:20:00,13,1000.5600000000001,26,Low,0,0.14766363666496285
17839.0,2011-10-28 17:27:00,1,98.03,41,Low,0,0.6889841334237691
17840.0,2010-09-22 12:24:00,1,94.14,443,High,1,0.6891264871395638
17841.0,2011-12-08 12:07:00,211,35064.34,1,Low,0,3.588723839026016e-21
17842.0,2010-04-16 14:23:00,1,104.09,601,High,1,0.6887622977977179
17843.0,2011-02-09 15:33:00,2,154.76,302,High,1,0.6424841800040703
17844.0,2011-08-25 11:27:00,1,4.99,106,High,1,0.6923790729517447
17845.0,2010-06-02 15:20:00,4,217.67000000000002,554,High,1,0.543979287000125
17846.0,2011-09-15 15:20:00,1,2033.1,84,Medium,0,0.6141685614829071
17847.0,2010-07-12 10:00:00,2,41.63,515,High,1,0.6469101653658187
17848.0,2011-09-19 16:49:00,30,830.57,80,Medium,0,0.005964837091354089
17849.0,2011-05-05 13:46:00,8,442.12,217,High,1,0.340727903444393
17850.0,2010-12-02 15:27:00,155,8832.12,371,High,1,2.2554663680484602e-14
17851.0,2010-10-13 15:13:00,6,662.55,421,High,1,0.42588599579088354
17852.0,2011-11-28 12:36:00,5,207.87,11,Low,0,0.4946313004876466
17853.0,2010-10-28 15:29:00,3,440.42,406,High,1,0.583668200471593
17854.0,2011-06-07 16:21:00,6,299.89,184,High,1,0.4410960932046687
17855.0,2010-12-02 09:44:00,1,60.04,372,High,1,0.6903728361786837
17856.0,2011-12-08 09:40:00,4,53.39,1,Low,0,0.5509306435609173
17857.0,2011-12-05 13:13:00,24,562.81,3,Low,0,0.020371755110765773
17858.0,2011-12-04 11:56:00,30,2368.5,5,Low,0,0.004593240354013796
17859.0,2011-02-08 10:32:00,1,45.27,304,High,1,0.6909118209302496
17860.0,2010-12-06 12:41:00,4,607.61,368,High,1,0.5274154982877156
17861.0,2011-12-06 16:21:00,18,1272.08,2,Low,0,0.05748481708000008
17862.0,2011-01-20 12:23:00,4,431.21,323,High,1,0.5349182664592664
17863.0,2011-10-11 13:45:00,12,434.74,58,Medium,0,0.1889448082995871
17864.0,2011-11-27 11:15:00,5,262.36,12,Low,0,0.4923050102760036
17865.0,2011-11-09 12:08:00,46,3132.58,30,Low,0,0.00016632061284062874
17866.0,2011-07-20 11:07:00,3,97.10000000000001,142,High,1,0.5978436678628302
17867.0,2011-11-09 14:15:00,15,484.76,29,Low,0,0.1126462249363152
17868.0,2010-11-18 18:55:00,1,72.35,385,High,1,0.6899232256289491
17869.0,2011-08-24 16:16:00,7,563.36,106,High,1,0.38196000866461405
17870.0,2011-12-07 15:07:00,13,625.5,1,Low,0,0.15590938239290505
17871.0,2011-05-19 11:32:00,5,262.01,204,High,1,0.49231995154074587
17872.0,2010-11-23 12:02:00,1,34.24,381,High,1,0.6913139877320101
17873.0,2011-09-20 16:41:00,18,500.0,79,Medium,0,0.0650606536907723
17874.0,2011-06-07 12:54:00,6,187.89,184,High,1,0.4458172317010873
17875.0,2010-01-20 15:30:00,1,72.38,687,High,1,0.6899221294696714
17876.0,2010-11-05 10:52:00,3,6.99,399,High,1,0.6015383362059588
17877.0,2011-06-22 13:00:00,1,42.49,169,High,1,0.6910132103002443
17878.0,2011-10-27 11:24:00,3,178.27,43,Low,0,0.5945060038444213
17879.0,2011-06-19 12:36:00,1,21.83,173,High,1,0.6917661244972337
17880.0,2010-12-10 10:21:00,3,120.65,364,High,1,0.596876223926357
17881.0,2011-02-08 17:16:00,1,36.25,303,High,1,0.6912407223435681
17882.0,2010-11-25 14:40:00,2,159.60999999999999,378,High,1,0.6422938826882271
17883.0,2011-12-06 17:49:00,7,482.21,2,Low,0,0.38523725533457526
17884.0,2011-12-06 11:33:00,20,1039.2,3,Low,0,0.04084373512915717
17885.0,2011-11-27 14:40:00,1,141.76,11,Low,0,0.6873813876020036
17886.0,2011-11-08 10:09:00,6,638.49,31,Low,0,0.42689107614965915
17887.0,2011-08-02 17:29:00,1,52.35,128,High,1,0.6906535232651262
17888.0,2011-11-18 13:45:00,25,463.38,20,Low,0,0.01703064233711133
17889.0,2011-05-11 16:26:00,7,366.1,211,High,1,0.38994445586666415
17890.0,2011-01-21 11:19:00,2,232.09,322,High,1,0.6394446989533825
17891.0,2011-06-30 20:08:00,1,24.2,161,High,1,0.6916798060349235
17892.0,2011-10-14 16:49:00,3,91.7,55,Medium,0,0.5980653951114975
17893.0,2011-04-28 13:50:00,1,33.519999999999996,224,High,1,0.6913402297094018
17894.0,2011-09-29 09:23:00,18,1189.35,71,Medium,0,0.05825519409920215
17895.0,2011-10-26 17:00:00,1,29.77,43,Low,0,0.6914768867069276
17896.0,2011-11-16 13:59:00,1,1.78,22,Low,0,0.692495834813349
17897.0,2011-06-20 11:23:00,9,1071.26,172,High,1,0.27547285050619225
17898.0,2011-09-15 14:56:00,4,121.0,84,Medium,0,0.5480720399575968
17899.0,2011-07-03 14:58:00,1,76.3,158,High,1,0.6897788796413058
17900.0,2011-06-02 14:38:00,2,21.65,189,High,1,0.6476892570403391
17901.0,2011-11-10 17:29:00,3,144.9,28,Low,0,0.595879235555698
17902.0,2010-06-11 12:25:00,1,31.36,546,High,1,0.6914189482316407
17903.0,2010-11-10 15:39:00,1,146.69,393,High,1,0.6872004161770936
17904.0,2011-11-18 12:57:00,1,137.48,20,Low,0,0.6875384523956732
17905.0,2011-09-29 17:33:00,13,662.3,70,Medium,0,0.15508400712404932
17906.0,2011-04-06 17:25:00,1,45.9,246,High,1,0.6908888416472523
17907.0,2010-03-09 12:33:00,1,43.370000000000005,640,High,1,0.6909811178123589
17908.0,2010-12-01 11:45:00,5,810.18,373,High,1,0.46895280111843773
17909.0,2009-12-02 13:10:00,1,48.05,736,High,1,0.6908104131770434
17910.0,2009-12-13 16:04:00,1,79.15,725,High,1,0.6896747083107222
17911.0,2011-11-30 14:52:00,1,85.06,8,Low,0,0.6894586285659949
17912.0,2011-02-02 14:25:00,6,187.91,309,High,1,0.44581638774127347
17913.0,2011-10-12 10:45:00,14,1384.54,58,Medium,0,0.11731046643832933
17914.0,2011-12-06 11:58:00,1,157.2,3,Low,0,0.6868144225551036
17915.0,2010-06-06 13:22:00,1,96.5,550,High,1,0.6890401277123003
17916.0,2010-03-21 12:26:00,2,22.32,628,High,1,0.6476631440441167
17917.0,2011-10-25 13:20:00,3,209.44,44,Low,0,0.5932219684548683
17918.0,2010-07-27 11:51:00,3,79.47,500,High,1,0.5985674178660059
17919.0,2011-09-12 13:41:00,2,67.88,87,Medium,0,0.6458853965490521
17920.0,2011-12-05 14:29:00,54,4598.64,3,Low,0,2.6245084723845886e-05
17921.0,2011-10-06 18:56:00,10,1092.24,63,Medium,0,0.23683042560838372
17922.0,2010-06-14 16:32:00,1,37.05,542,High,1,0.6912115593131841
17923.0,2011-03-02 15:15:00,3,10.45,281,High,1,0.6013966805286538
17924.0,2011-11-28 09:11:00,8,122.24000000000001,11,Low,0,0.35310526815510546
17925.0,2010-12-02 10:10:00,1,6.78,372,High,1,0.6923139520561006
17926.0,2011-07-29 14:39:00,5,139.26,132,High,1,0.49756072082142594
17927.0,2009-12-18 11:03:00,1,30.150000000000002,721,High,1,0.691463040323599
17928.0,2011-10-25 13:52:00,3,74.84,44,Low,0,0.5987574183878336
17929.0,2011-11-28 16:01:00,12,107.4,10,Low,0,0.19766187725675977
17930.0,2011-11-04 10:23:00,13,136.29,35,Low,0,0.16722420949706676
17931.0,2011-07-28 18:33:00,14,989.66,133,High,1,0.12447650932102276
17932.0,2011-11-10 19:49:00,3,246.56,28,Low,0,0.5916911631168355
17933.0,2010-03-17 15:11:00,1,29.34,631,High,1,0.6914925545677499
17934.0,2011-10-19 11:16:00,3,127.21,51,Medium,0,0.596606601748125
17935.0,2011-07-24 13:18:00,7,182.8,137,High,1,0.3974171970991286
17936.0,2011-12-04 13:32:00,1,183.57,4,Low,0,0.6858448102719321
17937.0,2011-12-01 11:45:00,7,149.35,8,Low,0,0.3987861702060037
17938.0,2010-10-15 14:27:00,1,90.82000000000001,419,High,1,0.6892479535357228
17939.0,2011-07-03 12:27:00,1,29.47,159,High,1,0.691487817819093
17940.0,2011-10-21 13:27:00,16,1928.7499999999998,48,Medium,0,0.07515009191503792
17941.0,2011-08-01 08:30:00,4,13.43,130,High,1,0.5526186153773358
17942.0,2011-12-02 10:45:00,1,3.05,7,Low,0,0.6924496422561066
17944.0,2010-10-12 16:25:00,1,48.35,422,High,1,0.6907994687956541
17945.0,2010-01-12 11:40:00,3,146.21,696,High,1,0.5958253550066901
17946.0,2011-04-20 17:00:00,2,62.89,232,High,1,0.64608030371686
17947.0,2011-11-02 13:05:00,1,8.48,36,Low,0,0.6922520983051819
17948.0,2011-07-15 12:58:00,1,2.49,146,High,1,0.6924700111032099
17949.0,2011-12-08 18:46:00,118,9458.54,0,Low,0,3.25742971017952e-11
17950.0,2011-09-28 15:18:00,7,529.99,71,Medium,0,0.3833063766166119
17951.0,2011-10-31 12:30:00,4,86.44,39,Low,0,0.5495336721444845
17952.0,2010-11-26 13:54:00,4,249.82,377,High,1,0.5426167958324881
17953.0,2010-06-17 15:08:00,1,73.59,539,High,1,0.6898779159338698
17954.0,2011-12-04 14:15:00,19,1697.49,4,Low,0,0.04439522092167782
17955.0,2011-05-25 12:00:00,6,110.15,198,High,1,0.44910001760511514
17956.0,2011-04-04 13:47:00,1,12.75,248,High,1,0.6920967057822571
17957.0,2011-10-04 14:58:00,1,41.82,65,Medium,0,0.6910376431179822
17958.0,2011-08-15 12:19:00,2,122.55,116,High,1,0.6437468475650268
17959.0,2010-04-26 14:12:00,1,42.050000000000004,591,High,1,0.6910292558531963
17960.0,2011-06-21 14:15:00,3,80.91,170,High,1,0.5985083187895546
17961.0,2011-11-18 16:55:00,100,1904.45,20,Low,0,4.2947450465716155e-09
17962.0,2011-07-20 14:16:00,4,399.91,141,High,1,0.536247988707768
17963.0,2010-08-25 15:58:00,4,341.03,470,High,1,0.5387479847671303
17964.0,2011-11-08 10:44:00,2,403.4,31,Low,0,0.6326716527333408
17965.0,2011-11-02 09:31:00,29,2775.69,37,Low,0,0.005227450403356365
17966.0,2011-11-02 10:26:00,10,164.12,37,Low,0,0.26666388749391123
17967.0,2010-12-03 11:19:00,2,247.51,371,High,1,0.6388372629781987
17968.0,2010-12-01 12:23:00,4,417.59,373,High,1,0.5354969489348799
17969.0,2011-06-26 13:00:00,20,1042.3700000000001,165,High,1,0.04082252964942211
17970.0,2011-05-12 20:03:00,1,91.94,210,High,1,0.6892069798331655
17971.0,2010-06-09 14:04:00,1,65.74,547,High,1,0.6901646940206151
17972.0,2011-04-12 12:16:00,1,131.14000000000001,241,High,1,0.68777103465477
17973.0,2011-10-19 10:34:00,1,48.660000000000004,51,Medium,0,0.6907881593767371
17974.0,2011-11-15 11:37:00,6,850.69,24,Low,0,0.41804837456696287
17975.0,2011-11-24 13:27:00,24,1634.83,14,Low,0,0.017021294060537283
17976.0,2010-12-02 13:49:00,1,459.16,371,High,1,0.6756154032050598
17977.0,2011-11-10 13:28:00,2,199.12,28,Low,0,0.6407419790910442
17978.0,2010-12-09 14:05:00,4,249.89000000000001,364,High,1,0.5426138285855511
17979.0,2011-11-04 12:05:00,4,341.36,35,Low,0,0.5387339785515263
17980.0,2011-06-27 12:01:00,4,171.35,165,High,1,0.5459411294285724
17981.0,2010-10-25 10:40:00,1,27.229999999999997,410,High,1,0.691569430009162
17982.0,2010-01-28 09:38:00,1,25.66,680,High,1,0.6916266242801326
17983.0,2010-11-09 13:24:00,1,67.42,394,High,1,0.6901033321480884
17984.0,2011-07-17 15:59:00,5,563.76,144,High,1,0.4794463859333662
17985.0,2011-11-17 14:24:00,1,102.8,21,Low,0,0.6888095274988186
17986.0,2011-10-14 14:22:00,1,2.08,55,Medium,0,0.6924849235336052
17987.0,2011-06-07 14:22:00,5,366.09,184,High,1,0.4878775677416379
17988.0,2011-11-28 11:00:00,14,427.6,11,Low,0,0.13532125614866
17989.0,2010-11-25 13:49:00,1,65.62,378,High,1,0.690169076755296
17990.0,2011-04-17 11:44:00,6,145.53,236,High,1,0.44760543211292503
17991.0,2011-04-28 15:58:00,3,178.93,224,High,1,0.5944788287401724
17992.0,2010-11-15 13:04:00,1,126.33,388,High,1,0.6879474259372567
17993.0,2010-04-01 14:23:00,1,149.09,616,High,1,0.687112295844586
17994.0,2011-08-10 11:41:00,11,823.27,121,High,1,0.2102002477246751
17995.0,2011-03-03 12:30:00,3,104.29,281,High,1,0.5975483800312741
17996.0,2010-11-25 11:00:00,3,214.8,379,High,1,0.5930010365054984
17997.0,2011-09-26 16:13:00,8,251.59,73,Medium,0,0.3480753433992162
17998.0,2010-11-24 15:31:00,3,221.69,379,High,1,0.5927169847716938
17999.0,2011-11-02 15:56:00,3,525.74,36,Low,0,0.5801228384398933
18000.0,2010-05-24 17:34:00,1,12.11,563,High,1,0.6921199992397006
18001.0,2011-11-27 16:02:00,6,323.6,11,Low,0,0.4400979801919464
18002.0,2010-11-29 10:57:00,4,216.42,375,High,1,0.5440322478383474
18003.0,2010-11-28 15:09:00,1,48.160000000000004,375,High,1,0.6908064002620485
18004.0,2010-12-12 13:47:00,1,110.61,361,High,1,0.6885235263448057
18005.0,2011-12-06 11:51:00,2,191.18,3,Low,0,0.6410540901717556
18006.0,2011-11-16 16:52:00,4,234.45,22,Low,0,0.5432682448938525
18007.0,2010-11-12 11:08:00,1,82.16,392,High,1,0.6895646678771299
18008.0,2011-09-30 15:17:00,23,435.69,69,Medium,0,0.025288554100500873
18009.0,2011-04-18 13:36:00,8,723.47,234,High,1,0.33001746892109396
18010.0,2011-03-28 12:27:00,1,70.2,256,High,1,0.6900017781547344
18011.0,2010-12-01 17:35:00,2,343.92,372,High,1,0.6350293990704109
18012.0,2009-12-16 13:16:00,1,88.54,722,High,1,0.68933135512051
18013.0,2011-07-07 14:11:00,2,36.28,154,High,1,0.6471188577637202
18014.0,2011-11-11 15:28:00,1,93.78,27,Low,0,0.6891396594542537
18015.0,2011-12-05 14:49:00,1,58.69,3,Low,0,0.6904221217093338
18016.0,2011-11-07 13:25:00,7,574.02,31,Low,0,0.3815302939611251
18017.0,2011-09-19 16:15:00,4,6.88,80,Medium,0,0.5528951828454384
18018.0,2011-08-23 17:37:00,4,148.5,107,High,1,0.5469083995111423
18019.0,2011-10-19 12:10:00,1,28.55,51,Medium,0,0.691521338558817
18020.0,2010-06-14 12:31:00,1,58.4,543,High,1,0.6904327084068117
18021.0,2010-07-18 10:52:00,2,91.8,509,High,1,0.6449504198688972
18022.0,2011-11-04 12:45:00,5,970.8100000000001,35,Low,0,0.4621266811852542
18024.0,2011-07-10 12:40:00,2,54.24,152,High,1,0.6464180538488593
18025.0,2010-11-25 12:37:00,6,214.4,379,High,1,0.44469883904824103
18026.0,2010-07-27 10:37:00,2,87.54,500,High,1,0.6451170145364817
18027.0,2011-09-02 10:38:00,1,58.64,98,High,1,0.6904239470162504
18028.0,2010-05-05 13:28:00,1,11.0,582,High,1,0.6921603965100561
18029.0,2010-03-07 15:30:00,1,31.3,641,High,1,0.6914211346985772
18030.0,2011-12-05 16:37:00,2,60.349999999999994,3,Low,0,0.6461794963469641
18031.0,2010-11-26 11:00:00,1,119.37,378,High,1,0.688202565126528
18032.0,2011-01-09 15:32:00,1,9.35,333,High,1,0.6922204410669955
18033.0,2011-10-05 17:28:00,1,63.44,64,Medium,0,0.6902486904868488
18034.0,2011-11-18 12:22:00,3,341.14,21,Low,0,0.5877827591585827
18035.0,2011-11-04 12:39:00,5,138.92000000000002,35,Low,0,0.4975752382813045
18036.0,2011-11-07 14:40:00,11,849.73,31,Low,0,0.2094509526438354
18037.0,2011-07-08 13:39:00,15,153.51999999999998,153,High,1,0.11842642663355955
18038.0,2010-06-01 15:59:00,1,80.08,555,High,1,0.6896407113973709
18039.0,2010-11-30 13:07:00,4,355.51,373,High,1,0.5381333517589579
18040.0,2011-11-20 14:20:00,2,58.35,18,Low,0,0.6462575919278306
18041.0,2011-11-28 11:39:00,38,1972.07,11,Low,0,0.0009997196645588362
18042.0,2011-10-17 11:49:00,2,68.6,53,Medium,0,0.6458572696681988
18043.0,2011-11-15 12:48:00,3,543.44,24,Low,0,0.5793862882545278
18044.0,2011-12-05 14:26:00,18,843.27,3,Low,0,0.06158399079218701
18045.0,2011-10-25 13:07:00,1,122.52,44,Low,0,0.6880871067812478
18046.0,2010-02-28 11:36:00,1,160.73000000000002,649,High,1,0.6866847205304858
18047.0,2010-11-23 13:11:00,2,246.44,380,High,1,0.6388794275716286
18048.0,2011-05-20 14:58:00,3,155.37,202,High,1,0.595448537970893
18049.0,2010-09-28 14:26:00,2,219.97,436,High,1,0.639921825938395
18050.0,2010-12-15 14:25:00,2,73.12,358,High,1,0.645680672316682
18051.0,2010-03-15 13:58:00,7,107.91,633,High,1,0.40048433642400405
18052.0,2010-05-24 11:11:00,1,10.5,564,High,1,0.6921785925171964
18053.0,2011-09-30 09:05:00,3,71.01,70,Medium,0,0.59891456702167
18054.0,2010-11-12 08:18:00,1,27.15,392,High,1,0.691572344509017
18055.0,2011-12-02 14:25:00,14,2522.5,6,Low,0,0.0986326548970141
18056.0,2011-02-24 14:27:00,2,92.3,287,High,1,0.6449308641990263
18057.0,2010-11-11 16:55:00,3,416.32,392,High,1,0.5846680956765886
18058.0,2011-11-30 08:38:00,3,31.34,9,Low,0,0.6005410642317621
18059.0,2011-11-16 16:49:00,3,34.44,22,Low,0,0.6004140414448194
18060.0,2010-10-27 16:41:00,2,236.84,407,High,1,0.6392576309199823
18061.0,2011-11-18 11:20:00,28,493.64,21,Low,0,0.009384201238531118
18062.0,2011-06-19 14:47:00,6,200.26,172,High,1,0.445295302401946
18063.0,2010-11-14 10:46:00,2,11.3,390,High,1,0.6480925321614261
18064.0,2011-07-29 16:39:00,11,141.47,132,High,1,0.23018463802375067
18065.0,2011-12-04 10:30:00,29,1407.83,5,Low,0,0.006594105911843897
18066.0,2011-09-25 15:30:00,3,208.01999999999998,74,Medium,0,0.5932804926194647
18067.0,2011-10-30 15:58:00,1,104.82,39,Low,0,0.6887355691718926
18068.0,2011-02-23 14:50:00,1,16.95,288,High,1,0.6919438181963302
18069.0,2011-11-13 16:03:00,11,2168.07,25,Low,0,0.1745946601537757
18070.0,2010-02-08 13:28:00,1,34.4,668,High,1,0.6913081560137854
18071.0,2011-03-27 11:59:00,6,250.39,257,High,1,0.4431814063681651
18072.0,2011-06-07 10:44:00,1,15.93,185,High,1,0.6919809519108455
18073.0,2011-08-17 14:02:00,12,279.95,113,High,1,0.1930296100573362
18074.0,2010-12-01 09:53:00,2,258.62,373,High,1,0.638399334165892
18075.0,2011-11-16 15:21:00,20,1113.86,22,Low,0,0.040347093022138424
18076.0,2010-11-24 14:02:00,1,18.76,379,High,1,0.6918779179423702
18077.0,2011-12-01 13:32:00,18,643.41,7,Low,0,0.06358651096277167
18078.0,2011-05-06 14:32:00,4,219.11,216,High,1,0.5439182748817635
18079.0,2011-10-25 15:27:00,5,125.99,44,Low,0,0.4981273315507022
18080.0,2011-11-21 08:02:00,2,3.8,18,Low,0,0.6483846286314505
18081.0,2011-11-03 16:30:00,3,65.28,35,Low,0,0.5991496365288268
18082.0,2011-11-14 12:45:00,1,157.24,25,Low,0,0.6868129530073949
18083.0,2010-11-07 11:44:00,1,147.3,397,High,1,0.6871780202074943
18084.0,2011-11-23 13:57:00,3,29.740000000000002,15,Low,0,0.6006066190898203
18085.0,2011-01-13 15:17:00,4,224.85,329,High,1,0.5436750607181723
18086.0,2011-03-10 13:34:00,1,10.36,273,High,1,0.6921836872921702
18087.0,2011-09-02 15:12:00,17,1122.28,97,High,1,0.07096739472477466
18088.0,2011-10-09 13:41:00,1,81.65,60,Medium,0,0.6895833141112927
18089.0,2010-09-19 11:57:00,1,77.8,446,High,1,0.6897240550236977
18090.0,2010-10-14 12:32:00,1,101.92,421,High,1,0.6888417439551584
18091.0,2010-04-25 13:18:00,1,41.949999999999996,592,High,1,0.6910329025055274
18092.0,2011-12-07 13:14:00,18,504.84,1,Low,0,0.0650103878375142
18093.0,2011-09-07 15:43:00,8,110.1,92,High,1,0.35357904150271696
18094.0,2011-09-19 09:28:00,13,315.3,81,Medium,0,0.16300960671021117
18095.0,2011-01-31 12:50:00,5,113.2,312,High,1,0.49867345150948145
18096.0,2011-11-28 12:44:00,6,1006.04,11,Low,0,0.4116076027449845
18097.0,2011-12-02 11:16:00,11,460.57,7,Low,0,0.22066926497494768
18098.0,2010-11-08 16:31:00,1,311.48,395,High,1,0.68111867548014
18099.0,2011-08-04 15:52:00,1,40.64,126,High,1,0.6910806714532286
18100.0,2010-06-07 14:19:00,1,62.33,549,High,1,0.6902892234206833
18101.0,2011-11-28 13:37:00,5,325.55,10,Low,0,0.4896077230814067
18102.0,2011-12-09 11:50:00,145,4130.36,0,Low,0,3.7026367532603445e-13
18103.0,2010-06-08 13:36:00,1,48.55,548,High,1,0.6907921724225073
18104.0,2011-11-02 14:07:00,1,142.84,36,Low,0,0.6873417476290848
18105.0,2011-11-02 12:04:00,1,40.18,37,Low,0,0.6910974443133118
18106.0,2011-01-14 12:23:00,6,621.84,329,High,1,0.42758696596080203
18107.0,2010-09-23 13:03:00,1,126.01,441,High,1,0.6879591589764176
18108.0,2011-03-30 13:56:00,3,218.78,253,High,1,0.5928369619442033
18109.0,2011-12-08 11:36:00,38,2999.06,1,Low,0,0.0008390147115946251
18110.0,2011-11-20 12:34:00,2,210.27,19,Low,0,0.6403034859644876
18111.0,2010-04-29 12:58:00,1,130.55,588,High,1,0.6877926739368934
18112.0,2011-11-27 14:43:00,4,230.04,11,Low,0,0.5434551331137137
18113.0,2010-12-06 12:31:00,1,2.12,368,High,1,0.6924834686800437
18114.0,2011-02-22 13:20:00,1,154.95,289,High,1,0.6868970785731725
18115.0,2010-01-11 11:57:00,1,9.700000000000001,697,High,1,0.692207704886326
18116.0,2011-10-03 11:00:00,13,1438.07,67,Medium,0,0.1385041469298327
18117.0,2011-11-14 12:47:00,1,89.85,25,Low,0,0.6892834372916549
18118.0,2011-11-29 11:32:00,29,3906.89,10,Low,0,0.00431301046753047
18119.0,2010-12-07 11:59:00,1,166.94,367,High,1,0.6864564769854126
18120.0,2011-05-09 13:45:00,1,68.55,213,High,1,0.6900620552178355
18121.0,2011-07-13 12:53:00,2,59.68,148,High,1,0.6462056592355088
18122.0,2011-12-01 13:08:00,6,851.58,7,Low,0,0.418011393451712
18123.0,2011-11-15 14:23:00,3,137.14000000000001,23,Low,0,0.5961983583850584
18124.0,2010-08-24 17:21:00,1,62.7,471,High,1,0.690275712767655
18125.0,2011-11-10 12:29:00,4,436.19,29,Low,0,0.5347066541578536
18126.0,2011-10-10 12:19:00,1,109.24,60,Medium,0,0.688573705971364
18127.0,2011-11-20 14:05:00,4,233.94,18,Low,0,0.5432898584411594
18128.0,2010-06-20 13:19:00,1,118.27,536,High,1,0.6882428784066907
18129.0,2011-04-10 14:16:00,1,40.95,242,High,1,0.6910693677199822
18130.0,2011-11-24 14:40:00,3,165.87,14,Low,0,0.5950164586103668
18131.0,2010-03-18 08:48:00,1,4.03,631,High,1,0.6924139949693092
18132.0,2010-07-23 16:54:00,1,132.21,503,High,1,0.6877317884436933
18133.0,2011-05-11 14:14:00,1,0.69,211,High,1,0.692535477317957
18134.0,2010-04-20 14:02:00,2,137.7,597,High,1,0.6431531985185048
18135.0,2011-11-10 19:32:00,10,91.31,28,Low,0,0.2691028027544783
18136.0,2011-10-07 15:40:00,5,268.7,62,Medium,0,0.4920343623435889
18137.0,2010-06-06 14:18:00,2,101.92,550,High,1,0.6445545189184254
18138.0,2011-02-17 14:51:00,1,50.05,294,High,1,0.690737446592537
18139.0,2011-11-22 10:44:00,6,239.97,17,Low,0,0.4436206331030697
18140.0,2010-08-23 11:58:00,1,122.77,473,High,1,0.6880779424194203
18141.0,2010-11-03 11:44:00,2,124.78999999999999,401,High,1,0.6436591014871612
18142.0,2011-07-05 13:19:00,2,22.95,156,High,1,0.6476385892276829
18143.0,2011-08-15 12:07:00,2,166.43,116,High,1,0.642026213456422
18144.0,2011-12-02 12:46:00,19,361.12,7,Low,0,0.055150299809835185
18145.0,2011-11-27 11:22:00,11,761.72,12,Low,0,0.21195082531463424
18146.0,2011-07-22 12:08:00,2,19.5,140,High,1,0.6477730465147089
18147.0,2011-10-25 11:46:00,2,9.08,45,Low,0,0.648179004273636
18148.0,2010-03-03 11:40:00,1,28.36,646,High,1,0.6915282610689338
18149.0,2011-10-20 12:04:00,7,234.51,50,Medium,0,0.3953040788770982
18150.0,2011-11-07 16:49:00,3,85.97,31,Low,0,0.5983006285003789
18151.0,2011-07-28 11:35:00,6,388.66,134,High,1,0.4373616783665455
18152.0,2010-03-03 15:26:00,1,71.58,645,High,1,0.6899513596536068
18153.0,2010-02-18 15:50:00,1,23.740000000000002,658,High,1,0.691696560877123
18154.0,2011-12-06 16:41:00,5,105.2,2,Low,0,0.49901504504408456
18155.0,2011-09-25 13:32:00,3,61.76,74,Medium,0,0.5992940196177405
18156.0,2011-11-27 12:24:00,2,584.02,12,Low,0,0.625473398019032
18157.0,2010-05-17 14:09:00,1,92.98,570,High,1,0.6891689301677545
18158.0,2011-11-30 16:19:00,2,44.01,8,Low,0,0.646817308491366
18159.0,2011-02-11 14:26:00,1,115.1,300,High,1,0.6883590380002074
18160.0,2011-10-13 15:50:00,3,216.84,56,Medium,0,0.5929169405758915
18161.0,2011-11-24 16:40:00,6,327.81,14,Low,0,0.4399208034282789
18162.0,2009-12-07 13:24:00,1,88.6,731,High,1,0.6893291604994964
18163.0,2010-05-04 14:51:00,1,124.43,583,High,1,0.6880170873235225
18164.0,2011-11-02 12:56:00,1,100.97,36,Low,0,0.6888765210313988
18165.0,2011-06-15 13:23:00,1,12.38,176,High,1,0.6921101724316439
18166.0,2010-03-26 12:26:00,1,23.8,623,High,1,0.6916943754915434
18167.0,2011-11-16 15:56:00,3,140.18,22,Low,0,0.5960733508744687
18168.0,2011-06-16 19:21:00,16,1181.8799999999999,175,High,1,0.08451070522103174
18169.0,2011-10-10 12:18:00,1,33.2,60,Medium,0,0.6913518924140787
18170.0,2011-11-06 14:35:00,9,576.5,32,Low,0,0.2926545424672787
18171.0,2011-10-12 09:13:00,9,515.99,58,Medium,0,0.2947985373930884
18172.0,2011-11-25 11:12:00,52,1807.04,14,Low,0,6.30095018511371e-05
18173.0,2011-09-14 11:26:00,5,124.51,86,Medium,0,0.4981905258378216
18174.0,2011-12-02 16:56:00,2,4.03,6,Low,0,0.6483756726555897
18175.0,2010-02-02 10:25:00,1,31.15,675,High,1,0.6914266008283888
18176.0,2010-12-16 15:45:00,1,80.45,357,High,1,0.6896271851741131
18177.0,2011-11-08 14:44:00,9,185.87,30,Low,0,0.3066543154369308
18178.0,2011-08-03 09:30:00,11,909.24,128,High,1,0.2077729265814351
18179.0,2011-11-30 16:23:00,8,300.18,8,Low,0,0.3461945121439589
18180.0,2011-12-05 08:39:00,6,247.62,4,Low,0,0.44329815953782525
18181.0,2011-11-15 15:08:00,5,563.8100000000001,23,Low,0,0.4794442545703419
18182.0,2010-09-02 14:25:00,1,22.98,462,High,1,0.6917242416845871
18183.0,2011-04-26 15:26:00,2,129.66,226,High,1,0.6434682988364421
18184.0,2011-11-24 15:28:00,1,0.83,14,Low,0,0.6925303857791703
18185.0,2011-04-04 13:42:00,1,61.65,248,High,1,0.6903140529626697
18186.0,2009-12-17 10:22:00,1,24.02,722,High,1,0.6916863623376255
18187.0,2010-03-18 09:49:00,1,226.85,631,High,1,0.6842499068513034
18188.0,2011-11-24 16:46:00,6,327.89,14,Low,0,0.4399174367969867
18189.0,2011-09-23 12:40:00,3,257.04,77,Medium,0,0.5912586509820791
18190.0,2011-05-31 14:48:00,5,120.4,191,High,1,0.49836601837801675
18191.0,2011-03-23 12:08:00,2,44.65,261,High,1,0.6467923366842334
18192.0,2011-09-29 09:53:00,1,180.33,71,Medium,0,0.6859640311774313
18193.0,2011-06-27 13:58:00,3,194.83,164,High,1,0.5938239811862668
18194.0,2011-09-18 13:29:00,6,93.84,81,Medium,0,0.4497893252238561
18195.0,2010-11-17 15:03:00,1,12.09,386,High,1,0.6921207271444818
18196.0,2011-09-05 16:22:00,4,595.87,94,High,1,0.5279152547562755
18197.0,2010-05-13 10:46:00,1,17.25,575,High,1,0.6919328960429325
18198.0,2011-12-05 14:49:00,17,381.01,3,Low,0,0.07978174975506098
18199.0,2010-01-25 11:32:00,1,100.7,683,High,1,0.6888864046535611
18200.0,2011-08-25 18:45:00,1,62.99,105,High,1,0.6902651231097657
18201.0,2009-12-17 08:55:00,1,124.99,722,High,1,0.6879965564298776
18202.0,2011-05-24 12:12:00,3,275.54,199,High,1,0.5904948069637341
18203.0,2011-07-05 13:07:00,4,311.11,156,High,1,0.5400176247078163
18204.0,2011-09-29 16:44:00,3,509.86,70,Medium,0,0.5807833494531173
18205.0,2011-11-03 13:22:00,2,146.56,35,Low,0,0.6428058176024873
18206.0,2010-06-04 13:47:00,1,27.27,552,High,1,0.6915679727535128
18207.0,2010-07-28 14:26:00,1,91.2,498,High,1,0.6892340520762686
18208.0,2010-05-23 11:54:00,1,141.89,565,High,1,0.6873766162688417
18209.0,2011-11-11 12:07:00,1,25.95,28,Low,0,0.6916160601757954
18210.0,2011-12-08 11:02:00,7,507.36,1,Low,0,0.3842204423463005
18211.0,2011-11-14 08:10:00,5,102.98,25,Low,0,0.4991098374265247
18212.0,2011-01-17 16:14:00,2,195.03,325,High,1,0.6409027665712357
18213.0,2011-04-17 10:21:00,1,22.52,236,High,1,0.6917409951882185
18214.0,2010-06-27 11:21:00,4,181.15,530,High,1,0.5455261760224867
18215.0,2011-09-11 16:05:00,5,264.61,88,Medium,0,0.49220895961774747
18216.0,2011-11-08 16:55:00,1,128.32,30,Low,0,0.6878744556897313
18217.0,2011-11-10 13:18:00,4,82.77,28,Low,0,0.5496888362247186
18218.0,2011-05-12 12:53:00,4,67.65,210,High,1,0.5503279930625323
18219.0,2011-12-07 11:43:00,17,784.42,2,Low,0,0.07486746532417349
18220.0,2011-04-27 09:03:00,6,86.78,226,High,1,0.4500877611368816
18221.0,2011-11-17 14:40:00,6,225.64000000000001,21,Low,0,0.4442248190828541
18222.0,2011-09-08 10:45:00,1,61.86,92,High,1,0.6903063851330195
18223.0,2011-12-05 09:11:00,26,1845.49,4,Low,0,0.01108355565492969
18224.0,2011-03-21 10:30:00,1,30.6,263,High,1,0.6914466428456539
18225.0,2011-12-06 13:27:00,26,1576.96,2,Low,0,0.01159769994883559
18226.0,2011-10-26 13:36:00,26,1492.36,43,Low,0,0.011764511493942994
18227.0,2011-05-06 12:23:00,2,338.25,217,High,1,0.6352538182322538
18228.0,2011-10-14 09:21:00,2,119.63,56,Medium,0,0.6438612163543583
18229.0,2011-11-28 09:48:00,28,1047.75,11,Low,0,0.00854404547873418
18230.0,2011-11-30 13:22:00,9,315.82,8,Low,0,0.30195559402742955
18231.0,2011-05-31 14:18:00,28,1568.24,191,High,1,0.007822961186562855
18232.0,2011-09-19 11:49:00,4,137.82,81,Medium,0,0.5473603767463798
18233.0,2011-01-18 08:44:00,1,110.0,325,High,1,0.6885458696450691
18234.0,2010-06-06 11:22:00,1,70.75,551,High,1,0.689981684365748
18235.0,2011-09-29 08:27:00,3,223.23,71,Medium,0,0.5926534872222058
18236.0,2011-11-10 08:06:00,12,397.62,29,Low,0,0.18991829759497622
18237.0,2011-12-07 12:49:00,5,180.42,2,Low,0,0.49580329183099664
18238.0,2010-07-12 12:51:00,1,40.54,514,High,1,0.6910843177700015
18239.0,2011-05-05 12:38:00,6,392.33,218,High,1,0.4372074369451828
18240.0,2011-10-24 13:06:00,1,23.57,45,Low,0,0.6917027527563036
18241.0,2011-11-30 12:10:00,21,509.24,9,Low,0,0.036780730550377144
18242.0,2011-09-28 13:43:00,8,368.26,71,Medium,0,0.34356733490407654
18243.0,2010-10-21 14:29:00,1,82.13,413,High,1,0.6895657647314802
18244.0,2010-10-05 11:15:00,2,28.39,430,High,1,0.6474265278933703
18245.0,2011-12-02 14:48:00,20,1058.99,6,Low,0,0.04071152379526234
18246.0,2011-11-16 11:49:00,3,22.23,23,Low,0,0.600914269003545
18247.0,2010-10-21 09:49:00,3,166.34,414,High,1,0.5949971144668033
18248.0,2011-08-09 10:19:00,2,192.97,122,High,1,0.6409837380135603
18249.0,2011-11-22 15:07:00,1,12.83,16,Low,0,0.692093794031291
18250.0,2011-02-02 13:16:00,1,79.92,309,High,1,0.6896465604745864
18251.0,2011-09-13 15:03:00,9,109.8,86,Medium,0,0.3094236824767055
18252.0,2011-10-20 12:43:00,7,463.41,50,Medium,0,0.3859979937522708
18253.0,2010-03-07 12:38:00,1,32.230000000000004,642,High,1,0.6913872434971283
18254.0,2010-05-07 14:37:00,1,24.75,580,High,1,0.6916597724090096
18255.0,2011-09-11 13:16:00,2,35.66,88,Medium,0,0.6471430390508227
18256.0,2010-11-17 08:53:00,1,8.24,387,High,1,0.69226083101812
18257.0,2011-10-31 14:48:00,12,830.58,38,Low,0,0.17880133811801247
18258.0,2010-09-01 14:20:00,6,147.69,463,High,1,0.44751421589041834
18259.0,2011-11-15 12:34:00,7,290.75,24,Low,0,0.39301027778290504
18260.0,2011-06-20 12:37:00,23,1964.27,172,High,1,0.019591615384183768
18261.0,2011-10-27 15:36:00,2,64.74,42,Low,0,0.6460080492020336
18262.0,2011-07-22 16:04:00,3,66.25,139,High,1,0.5991098461170976
18263.0,2011-11-14 09:00:00,3,58.53,25,Low,0,0.5994264923439613
18264.0,2010-07-29 10:02:00,1,165.5,498,High,1,0.6865094110690125
18265.0,2011-09-28 14:10:00,2,241.34,71,Medium,0,0.639080369576667
18266.0,2010-10-01 15:33:00,1,29.099999999999998,433,High,1,0.6915012992286772
18267.0,2010-02-05 08:43:00,1,50.77,672,High,1,0.6907111762942109
18268.0,2011-07-28 19:13:00,6,217.05,133,High,1,0.44458707257241353
18269.0,2010-12-08 13:53:00,1,44.3,365,High,1,0.6909471998851908
18270.0,2011-11-01 13:57:00,3,50.5,37,Low,0,0.5997557655554837
18271.0,2010-04-09 09:26:00,2,62.04,609,High,1,0.6461134995010503
18272.0,2011-12-07 12:43:00,9,535.76,2,Low,0,0.29409704017644334
18273.0,2011-12-07 13:16:00,4,10.2,1,Low,0,0.5527550031095114
18274.0,2011-11-09 17:03:00,1,40.39,29,Low,0,0.6910897872005344
18275.0,2010-05-10 15:46:00,2,47.29,577,High,1,0.646689319509924
18276.0,2011-10-27 10:54:00,6,217.72,43,Low,0,0.4445588155207002
18277.0,2011-10-12 15:22:00,5,322.6,57,Medium,0,0.4897336326159902
18278.0,2011-09-27 11:58:00,2,95.0,73,Medium,0,0.6448252552180999
18279.0,2010-07-08 14:48:00,1,7.12,518,High,1,0.6923015818584609
18280.0,2011-03-07 09:52:00,2,118.65,277,High,1,0.643899596722639
18281.0,2011-06-12 10:53:00,2,58.37,180,High,1,0.6462568110106415
18282.0,2011-12-02 11:43:00,2,62.39,7,Low,0,0.6460998308192771
18283.0,2011-12-06 12:02:00,22,1719.75,3,Low,0,0.024805254468501438
18284.0,2010-10-04 11:33:00,1,91.09,431,High,1,0.6892380762180706
18285.0,2010-02-17 10:24:00,1,100.2,660,High,1,0.6889047072028954
18286.0,2010-08-20 11:57:00,2,286.3,476,High,1,0.6373072574131134
18287.0,2011-10-28 09:29:00,7,346.34,42,Low,0,0.39074761570093014
